time/episodes,time/time_elapsed,train/n_updates,time/fps,train/critic_loss,train/actor_loss,rollout/ep_len_mean,rollout/ep_cost_mean,time/total_timesteps,train/ent_coef,train/safe_critic_loss,rollout/ep_rew_mean,train/lag_coef
4,58,4542,40,0.3620494604110718,337.551025390625,593.0,196.5,2372,0.546695351600647,0.35698676109313965,-78.74823825,1.948159098625183
8,104,9286,45,0.9462671875953674,1806.240234375,593.0,153.375,4744,0.3220145106315613,1.0421884059906006,-271.6718505,4.921859264373779
12,150,14030,47,0.7937048673629761,1437.5888671875,593.0,161.5,7116,0.19730114936828613,0.8328964710235596,-456.7169585,5.0
16,195,18774,48,0.6959888935089111,847.421875,593.0,157.625,9488,0.1223469153046608,0.6901890635490417,-704.62907,5.0
20,240,23518,49,0.4040635824203491,268.088623046875,593.0,146.75,11860,0.07536868751049042,0.3343176543712616,-953.9125236,5.0
24,286,28262,49,0.25242412090301514,-158.33412170410156,593.0,139.0,14232,0.045244257897138596,0.2679078280925751,-1133.204448125,5.0
28,332,33006,49,0.5668157339096069,-523.6209716796875,593.0,129.92857142857142,16604,0.028690215200185776,0.6404188275337219,-1266.7456641428573,5.0
32,377,37750,50,0.9847341179847717,-854.2821044921875,593.0,122.3125,18976,0.019990192726254463,0.637613832950592,-1372.65810709375,5.0
36,422,42494,50,1.006048321723938,-1116.3758544921875,593.0,118.05555555555556,21348,0.016027182340621948,0.1584034413099289,-1456.5512270000002,5.0
40,468,47238,50,0.8477819561958313,-1314.6053466796875,593.0,113.025,23720,0.014844569377601147,0.08885081857442856,-1532.587069525,5.0
44,513,51982,50,0.8314148783683777,-1484.40478515625,593.0,108.97727272727273,26092,0.01511329971253872,0.07802870124578476,-1594.8646313636366,5.0
48,558,56726,50,0.741104245185852,-1616.9937744140625,593.0,105.58333333333333,28464,0.01485887449234724,0.06667465716600418,-1649.9041164583334,5.0
52,603,61470,51,0.6051406860351562,-1726.1339111328125,593.0,101.57692307692308,30836,0.015140391886234283,0.06114789471030235,-1702.6280730961541,5.0
56,649,66214,51,0.4163554012775421,-1809.1358642578125,593.0,98.33928571428571,33208,0.014438943937420845,0.04888081178069115,-1752.7131028392857,5.0
60,694,70958,51,0.2871799170970917,-1873.50341796875,593.0,95.35,35580,0.014152507297694683,0.05048549547791481,-1797.7445571,5.0
64,739,75702,51,0.24322791397571564,-1921.1910400390625,593.0,92.046875,37952,0.014136495999991894,0.04836157709360123,-1838.5764387499999,5.0
68,785,80446,51,0.2018093466758728,-1959.57666015625,593.0,90.25,40324,0.013602210208773613,0.042426466941833496,-1873.6059945588233,5.0
72,830,85190,51,0.1639619618654251,-1989.730712890625,593.0,88.54166666666667,42696,0.013866038993000984,0.04915522411465645,-1903.2032115555558,5.0
76,876,89934,51,0.15618911385536194,-2013.6707763671875,593.0,87.11842105263158,45068,0.01351183746010065,0.04473023861646652,-1931.5746028947374,5.0
80,921,94678,51,0.15346252918243408,-2029.893310546875,593.0,85.5375,47440,0.012922215275466442,0.048807308077812195,-1956.0241962,5.0
84,967,99422,51,0.15287059545516968,-2041.503173828125,593.0,84.26190476190476,49812,0.013134011998772621,0.049183912575244904,-1980.7806080476194,5.0
88,1012,104166,51,0.130496084690094,-2050.84521484375,593.0,82.76136363636364,52184,0.012496680952608585,0.04109910503029823,-2004.2928932613636,5.0
92,1058,108910,51,0.12259021401405334,-2053.357666015625,593.0,81.5,54556,0.012410948053002357,0.04434208944439888,-2025.3249305652178,5.0
96,1103,113654,51,0.11992181092500687,-2057.771240234375,593.0,80.39583333333333,56928,0.012474711053073406,0.04349854215979576,-2045.0011602812501,5.0
100,1148,118398,51,0.09829320013523102,-2062.972900390625,593.0,78.98,59300,0.012402115389704704,0.04378213733434677,-2063.31982163,5.0
104,1193,123142,51,0.09256881475448608,-2065.24267578125,593.0,73.02,61672,0.011896966956555843,0.03074677847325802,-2161.5795009999997,5.0
108,1238,127886,51,0.10800357908010483,-2066.5224609375,593.0,70.41,64044,0.011884509585797787,0.04434661567211151,-2244.7458996,5.0
112,1283,132630,51,0.10683730244636536,-2068.951416015625,593.0,65.19,66416,0.01206169743090868,0.04312499985098839,-2314.0021140100002,5.0
116,1329,137374,51,0.10054468363523483,-2071.24462890625,593.0,61.25,68788,0.011607827618718147,0.04017626494169235,-2357.88893742,5.0
120,1374,142118,51,0.09858013689517975,-2072.912353515625,593.0,58.96,71160,0.012053200043737888,0.04357809200882912,-2382.0812328699994,5.0
124,1419,146862,51,0.09985911101102829,-2073.29833984375,593.0,56.59,73532,0.011638698168098927,0.04055390879511833,-2403.17792968,5.0
128,1465,151606,51,0.08872441947460175,-2074.859619140625,593.0,55.53,75904,0.011500153690576553,0.03397548571228981,-2422.22822703,5.0
132,1510,156350,51,0.09363864362239838,-2077.063720703125,593.0,54.65,78276,0.011651407927274704,0.03204480558633804,-2439.7449872,5.0
136,1556,161094,51,0.09964775294065475,-2079.50244140625,593.0,53.04,80648,0.011534790508449078,0.033866751939058304,-2457.72385285,5.0
140,1601,165838,51,0.10570872575044632,-2080.7255859375,593.0,52.03,83020,0.011299865320324898,0.03711433336138725,-2472.5683754700003,5.0
144,1646,170582,51,0.09481970220804214,-2083.5869140625,593.0,51.59,85392,0.011262613348662853,0.03363462910056114,-2487.47110295,5.0
148,1692,175326,51,0.10303249210119247,-2084.80517578125,593.0,50.72,87764,0.011228981427848339,0.03736097738146782,-2501.7276389900003,5.0
152,1737,180070,51,0.10759897530078888,-2087.458251953125,593.0,50.59,90136,0.011444136500358582,0.038634609431028366,-2512.63130031,5.0
156,1783,184814,51,0.0958215743303299,-2090.231201171875,593.0,50.67,92508,0.011342674493789673,0.03896476328372955,-2520.7072861799998,5.0
160,1828,189558,51,0.12682224810123444,-2091.70068359375,593.0,50.47,94880,0.011049004271626472,0.03548024594783783,-2527.73452019,5.0
164,1874,194302,51,0.11650428175926208,-2095.214111328125,593.0,50.72,97252,0.011359106749296188,0.03957712650299072,-2533.8607203300003,5.0
168,1919,199046,51,0.10282701253890991,-2096.57177734375,593.0,50.6,99624,0.011179935187101364,0.04280354082584381,-2540.6891577200004,5.0
172,1965,203790,51,0.10425688326358795,-2099.50537109375,593.0,50.06,101996,0.01138942502439022,0.03803927078843117,-2549.4171743999996,5.0
176,2010,208534,51,0.10464046895503998,-2100.79638671875,593.0,49.67,104368,0.011276289820671082,0.031498320400714874,-2556.5304128899998,5.0
180,2055,213278,51,0.107060506939888,-2102.108642578125,593.0,49.49,106740,0.010979070328176022,0.03886343911290169,-2564.2414006999998,5.0
184,2101,218022,51,0.12449707090854645,-2103.849609375,593.0,48.87,109112,0.011390951462090015,0.03637712076306343,-2569.7916241999997,5.0
188,2146,222766,51,0.11586614698171616,-2105.46875,593.0,49.15,111484,0.01110384427011013,0.032496076077222824,-2575.0315998,5.0
192,2192,227510,51,0.10853986442089081,-2105.3916015625,593.0,49.11,113856,0.011169134639203548,0.032167062163352966,-2580.92529407,5.0
196,2237,232254,51,0.1040022224187851,-2107.78515625,593.0,48.79,116228,0.011153497733175755,0.03967069834470749,-2585.4219272499995,5.0
200,2283,236998,51,0.12273554503917694,-2112.2392578125,593.0,48.9,118600,0.011198031716048717,0.03805280849337578,-2590.19694265,5.0
204,2328,241742,51,0.09095529466867447,-2112.568603515625,593.0,48.84,120972,0.011076942086219788,0.03625304251909256,-2594.7802848200004,5.0
208,2374,246486,51,0.08670970052480698,-2114.08447265625,593.0,49.64,123344,0.010937773622572422,0.033054690808057785,-2596.22838073,5.0
212,2419,251230,51,0.08663638681173325,-2113.135986328125,593.0,49.38,125716,0.010602072812616825,0.03772522136569023,-2600.21186473,5.0
216,2464,255974,51,0.08838319033384323,-2113.1962890625,593.0,49.16,128088,0.010737798176705837,0.02954682521522045,-2604.73594452,5.0
220,2510,260718,51,0.08091230690479279,-2112.7109375,593.0,49.34,130460,0.010619898326694965,0.03187436982989311,-2608.9430394700003,5.0
224,2555,265462,51,0.09331807494163513,-2110.40234375,593.0,49.51,132832,0.010549662634730339,0.03285025432705879,-2612.98054941,5.0
228,2600,270206,51,0.08258455246686935,-2110.94873046875,593.0,49.51,135204,0.010584176518023014,0.0364944152534008,-2617.8650914600003,5.0
232,2646,274950,51,0.10386378318071365,-2113.60546875,593.0,49.46,137576,0.010604338720440865,0.032533910125494,-2622.3206738599997,5.0
236,2691,279694,51,0.12981979548931122,-2112.673583984375,593.0,49.84,139948,0.011138170026242733,0.03067726269364357,-2624.77984467,5.0
240,2737,284438,51,0.7864766716957092,-2153.748046875,593.0,54.54,142320,0.014191919006407261,0.041187040507793427,-2616.27815815,5.0
244,2782,289182,52,0.4306013882160187,-2149.1416015625,593.0,53.89,144692,0.01042416412383318,0.036549560725688934,-2617.37309488,5.0
248,2827,293926,52,0.5052263140678406,-2147.442138671875,593.0,53.91,147064,0.010469700209796429,0.04118721932172775,-2618.3496433400005,5.0
252,2873,298670,52,0.7425376176834106,-2153.63916015625,593.0,54.54,149436,0.010933768935501575,0.03299875929951668,-2617.83787408,5.0
256,2919,303414,52,0.3771764039993286,-2153.6083984375,593.0,54.45,151808,0.010474408976733685,0.03531539812684059,-2619.23688224,5.0
260,2964,308158,52,0.3511049151420593,-2147.347412109375,593.0,54.25,154180,0.010241419076919556,0.03243009373545647,-2621.6171402200002,5.0
264,3010,312902,52,0.2080995738506317,-2141.3642578125,593.0,54.13,156552,0.010211512446403503,0.035073958337306976,-2624.4474543300003,5.0
268,3055,317646,52,0.14841824769973755,-2138.03369140625,593.0,53.27,158924,0.00996260903775692,0.0328049473464489,-2627.61919127,5.0
272,3100,322390,52,0.12874172627925873,-2132.59326171875,593.0,53.16,161296,0.009923147968947887,0.0292446780949831,-2629.6701644500004,5.0
276,3145,327134,52,0.12712150812149048,-2129.57666015625,593.0,52.68,163668,0.009959830902516842,0.03286975994706154,-2631.97416719,5.0
280,3190,331878,52,0.10210639238357544,-2125.271240234375,593.0,52.3,166040,0.010006634518504143,0.03425263613462448,-2634.6307320600004,5.0
284,3235,336622,52,0.11209844052791595,-2122.91064453125,593.0,52.23,168412,0.010071820579469204,0.027938583865761757,-2637.2111445200003,5.0
288,3280,341366,52,0.10080350190401077,-2120.333740234375,593.0,51.78,170784,0.010224370285868645,0.033926937729120255,-2639.16116163,5.0
292,3326,346110,52,0.09857766330242157,-2120.538330078125,593.0,51.57,173156,0.010102950967848301,0.026418792083859444,-2641.4857495300002,5.0
296,3371,350854,52,0.08760105073451996,-2118.23974609375,593.0,51.23,175528,0.010092607699334621,0.03288169205188751,-2644.80392666,5.0
300,3416,355598,52,0.0980348289012909,-2116.505859375,593.0,51.01,177900,0.010066913440823555,0.03204875439405441,-2647.80751458,5.0
304,3462,360342,52,0.09625416994094849,-2117.4375,593.0,50.83,180272,0.010087791830301285,0.03623201698064804,-2649.4594240600004,5.0
308,3507,365086,52,0.11422599852085114,-2118.0546875,593.0,49.98,182644,0.01024861540645361,0.03380190581083298,-2653.8827348499995,5.0
312,3553,369830,52,0.09816141426563263,-2119.15087890625,593.0,50.17,185016,0.010337880812585354,0.02991510182619095,-2655.60473507,5.0
316,3597,374574,52,0.07987547665834427,-2119.54345703125,593.0,50.51,187388,0.010294145904481411,0.025129614397883415,-2657.24225216,5.0
320,3642,379318,52,0.16749440133571625,-2124.731201171875,593.0,50.48,189760,0.010315760970115662,0.029253477230668068,-2658.4344728499996,5.0
324,3687,384062,52,0.12021034955978394,-2125.790283203125,593.0,50.33,192132,0.01043413020670414,0.028259344398975372,-2660.3513321200007,5.0
328,3732,388806,52,0.17256854474544525,-2129.08837890625,593.0,49.96,194504,0.010496583767235279,0.03503182530403137,-2661.92699976,5.0
332,3778,393550,52,0.11128813773393631,-2129.3095703125,593.0,49.86,196876,0.010339571163058281,0.02866297960281372,-2663.80075786,5.0
336,3823,398294,52,0.10118114203214645,-2129.296630859375,593.0,49.27,199248,0.010297425091266632,0.024345939978957176,-2667.1654715500003,5.0
340,3868,403038,52,0.09856226295232773,-2128.328125,593.0,44.49,201620,0.010299374349415302,0.03560059517621994,-2681.1072542,5.0
344,3913,407782,52,0.09763099253177643,-2130.49951171875,593.0,44.6,203992,0.010542360134422779,0.036391641944646835,-2684.99465578,5.0
348,3958,412526,52,0.10422835499048233,-2132.65234375,593.0,44.58,206364,0.010633275844156742,0.032349418848752975,-2688.2621150699997,5.0
352,4003,417270,52,0.11366070806980133,-2134.59228515625,593.0,43.58,208736,0.010749991983175278,0.0355011485517025,-2693.03583819,5.0
356,4048,422014,52,0.09542211890220642,-2134.6015625,593.0,43.31,211108,0.010494386777281761,0.030431462451815605,-2695.97025683,5.0
360,4094,426758,52,0.08473310619592667,-2135.943359375,593.0,43.59,213480,0.010837895795702934,0.03358357399702072,-2698.5409480999997,5.0
364,4139,431502,52,0.15759599208831787,-2141.34326171875,593.0,43.8,215852,0.01112119760364294,0.031121939420700073,-2700.4788224900008,5.0
368,4184,436246,52,0.31035134196281433,-2145.408203125,593.0,44.33,218224,0.012029435485601425,0.03364662081003189,-2701.7103906299994,5.0
372,4230,440990,52,0.32056179642677307,-2148.850341796875,593.0,45.33,220596,0.010699879378080368,0.02778966911137104,-2700.2814340400005,5.0
376,4275,445734,52,0.22540540993213654,-2146.8193359375,593.0,46.03,222968,0.01023139338940382,0.02849484793841839,-2701.6093803900003,5.0
380,4321,450478,52,0.18267878890037537,-2147.118408203125,593.0,46.12,225340,0.010315829887986183,0.02789776772260666,-2703.8551356900007,5.0
384,4366,455222,52,0.09251179546117783,-2148.87744140625,593.0,46.2,227712,0.01058384869247675,0.031641699373722076,-2706.22696481,5.0
388,4412,459966,52,0.09126932173967361,-2149.915771484375,593.0,46.1,230084,0.010553400032222271,0.0296002309769392,-2709.1029151800003,5.0
392,4457,464710,52,0.08288092911243439,-2149.89501953125,593.0,45.89,232456,0.010360891930758953,0.03161349520087242,-2711.40855907,5.0
396,4502,469454,52,0.07637623697519302,-2150.183837890625,593.0,46.17,234828,0.010354999452829361,0.032388921827077866,-2713.6931841,5.0
400,4548,474198,52,0.07483518123626709,-2150.71923828125,593.0,46.2,237200,0.010369733907282352,0.03088437393307686,-2715.8328699299996,5.0
404,4593,478942,52,0.09471552819013596,-2149.62939453125,593.0,46.44,239572,0.01039805170148611,0.0282080490142107,-2718.15985065,5.0
408,4638,483686,52,0.07518860697746277,-2150.275390625,593.0,46.42,241944,0.010346584022045135,0.027003606781363487,-2720.51905008,5.0
412,4683,488430,52,0.0828365609049797,-2149.60009765625,593.0,46.29,244316,0.010334942489862442,0.028260670602321625,-2722.405311310001,5.0
416,4728,493174,52,0.07665763050317764,-2149.75830078125,593.0,46.02,246688,0.010577228851616383,0.02810821682214737,-2724.43039352,5.0
420,4773,497918,52,0.07475384324789047,-2150.772216796875,593.0,45.88,249060,0.010481059551239014,0.022781595587730408,-2726.715960010001,5.0
424,4819,502662,52,0.07419126480817795,-2150.251953125,593.0,45.96,251432,0.010339176282286644,0.02661682479083538,-2728.51473965,5.0
428,4864,507406,52,0.09054560214281082,-2149.58349609375,593.0,46.0,253804,0.010527591221034527,0.031009575352072716,-2730.31470728,5.0
432,4909,512150,52,0.08357564359903336,-2150.60009765625,593.0,45.94,256176,0.01055197138339281,0.022982584312558174,-2732.0569775,5.0
436,4954,516894,52,0.08084838837385178,-2151.531494140625,593.0,45.97,258548,0.010628900490701199,0.027386769652366638,-2733.4157406300005,5.0
440,5000,521638,52,0.07527969032526016,-2152.760986328125,593.0,46.34,260920,0.010772996582090855,0.028080452233552933,-2734.8666541899997,5.0
444,5045,526382,52,0.09146511554718018,-2154.72314453125,593.0,46.39,263292,0.01079506240785122,0.02712910808622837,-2736.3575744400005,5.0
448,5090,531126,52,0.09058886021375656,-2156.01611328125,593.0,46.37,265664,0.010568628087639809,0.031036948785185814,-2737.6578414199994,5.0
452,5136,535870,52,0.07411888241767883,-2157.44873046875,593.0,46.5,268036,0.010791197419166565,0.028392566367983818,-2739.4313647999998,5.0
456,5181,540614,52,0.09580905735492706,-2158.510986328125,593.0,46.44,270408,0.010858374647796154,0.029174331575632095,-2741.3699508299997,5.0
460,5226,545358,52,0.08441421389579773,-2160.13671875,593.0,46.44,272780,0.010670318268239498,0.027558673173189163,-2742.6563136599993,5.0
464,5271,550102,52,0.07691885530948639,-2159.82666015625,593.0,46.23,275152,0.010693698190152645,0.030041206628084183,-2744.22201444,5.0
468,5317,554846,52,0.09152639657258987,-2161.92138671875,593.0,45.91,277524,0.01090350840240717,0.02380569465458393,-2746.3958910300003,5.0
472,5362,559590,52,0.09370943903923035,-2161.8720703125,593.0,45.2,279896,0.010873016901314259,0.02934185601770878,-2751.6987172500008,5.0
476,5407,564334,52,0.0834478810429573,-2164.152587890625,593.0,45.11,282268,0.010870533064007759,0.027247462421655655,-2754.13734118,5.0
480,5452,569078,52,0.08188676834106445,-2165.908935546875,593.0,45.36,284640,0.010733499191701412,0.028943365439772606,-2755.74635616,5.0
484,5498,573822,52,0.07970569282770157,-2165.202880859375,593.0,45.4,287012,0.01087188720703125,0.03135097771883011,-2757.2361733199996,5.0
488,5543,578566,52,0.08348937332630157,-2167.90283203125,593.0,45.26,289384,0.010808710940182209,0.0247185081243515,-2758.178055380001,5.0
492,5588,583310,52,0.09099777787923813,-2166.06689453125,593.0,45.36,291756,0.01086843479424715,0.032916367053985596,-2758.9536741199995,5.0
496,5634,588054,52,0.08347688615322113,-2167.414306640625,593.0,45.17,294128,0.010606390424072742,0.029975928366184235,-2759.8944226599997,5.0
500,5679,592798,52,0.09141035377979279,-2165.727294921875,593.0,45.03,296500,0.010675112716853619,0.027801726013422012,-2760.6432542500006,5.0
504,5724,597542,52,0.08328074216842651,-2168.38525390625,593.0,44.58,298872,0.011041535995900631,0.02839125320315361,-2761.45795931,5.0
508,5769,602286,52,0.09511613845825195,-2172.033203125,593.0,45.28,301244,0.011032972484827042,0.02794392593204975,-2759.59429396,5.0
512,5815,607030,52,0.0933564305305481,-2173.29052734375,593.0,45.28,303616,0.01104681845754385,0.033848922699689865,-2760.33506126,5.0
516,5860,611774,52,0.0891643539071083,-2175.40478515625,593.0,45.27,305988,0.010975447483360767,0.03353481739759445,-2760.6104690999996,5.0
520,5906,616518,52,0.08281300961971283,-2175.75146484375,593.0,45.41,308360,0.010846964083611965,0.02973022125661373,-2760.7861250999995,5.0
524,5951,621262,52,0.0775347352027893,-2175.849853515625,593.0,45.11,310732,0.010962465777993202,0.030251534655690193,-2761.1582538899993,5.0
528,5996,626006,52,0.08046030253171921,-2175.30224609375,593.0,45.11,313104,0.010846876539289951,0.030682820826768875,-2761.7283744799997,5.0
532,6042,630750,52,0.07304098457098007,-2176.66357421875,593.0,45.03,315476,0.010952763259410858,0.027500130236148834,-2762.2590174999996,5.0
536,6087,635494,52,0.06726305186748505,-2179.32373046875,593.0,44.94,317848,0.010834950953722,0.026937177404761314,-2763.1169749299997,5.0
540,6133,640238,52,0.07965356111526489,-2177.47509765625,593.0,44.41,320220,0.010797671973705292,0.03205756098031998,-2764.1147263700004,5.0
544,6178,644982,52,0.07284746319055557,-2178.2509765625,593.0,44.23,322592,0.0108262337744236,0.026056921109557152,-2765.52435845,5.0
548,6223,649726,52,0.07622304558753967,-2179.30859375,593.0,44.09,324964,0.010784560814499855,0.029942521825432777,-2767.00859149,5.0
552,6268,654470,52,0.06771790981292725,-2177.69580078125,593.0,44.04,327336,0.010776983574032784,0.03308385610580444,-2768.276208,5.0
556,6313,659214,52,0.08193296939134598,-2177.8212890625,593.0,44.34,329708,0.010702002793550491,0.029863543808460236,-2769.0625018300007,5.0
560,6359,663958,52,0.07353781908750534,-2178.392578125,593.0,44.18,332080,0.011040819808840752,0.02820785529911518,-2770.07831714,5.0
564,6404,668702,52,0.14430566132068634,-2180.3203125,593.0,44.23,334452,0.012000040151178837,0.0279068760573864,-2770.7899313199996,5.0
568,6449,673446,52,0.21427743136882782,-2188.404541015625,593.0,46.18,336824,0.010560311377048492,0.028722716495394707,-2765.4592338300004,5.0
572,6495,678190,52,0.20573627948760986,-2185.633544921875,593.0,45.82,339196,0.010577773675322533,0.035934701561927795,-2765.0128241400007,5.0
576,6540,682934,52,0.1842837631702423,-2185.3388671875,593.0,45.61,341568,0.010530508123338223,0.030507700517773628,-2765.34325862,5.0
580,6585,687678,52,0.09953644126653671,-2183.4404296875,593.0,45.52,343940,0.010559561662375927,0.03466763347387314,-2765.37410925,5.0
584,6631,692422,52,0.08790010213851929,-2181.96826171875,593.0,45.79,346312,0.010521935299038887,0.03158768638968468,-2765.4157263800007,5.0
588,6676,697166,52,0.06575248390436172,-2180.423828125,593.0,45.93,348684,0.010662928223609924,0.029346711933612823,-2765.78202204,5.0
592,6722,701910,52,0.06904873996973038,-2179.38037109375,593.0,45.79,351056,0.010622156783938408,0.027204003185033798,-2766.4420408899996,5.0
596,6767,706654,52,0.0714026391506195,-2178.15234375,593.0,45.89,353428,0.010641487315297127,0.032401248812675476,-2767.15180369,5.0
600,6812,711398,52,0.07190167158842087,-2179.0615234375,593.0,46.08,355800,0.010678941383957863,0.0326223149895668,-2768.0027891699992,5.0
604,6858,716142,52,0.09247726947069168,-2179.79541015625,593.0,46.25,358172,0.010804913006722927,0.02957238256931305,-2768.9290824,5.0
608,6903,720886,52,0.08160004019737244,-2181.8369140625,593.0,45.46,360544,0.010868662968277931,0.027561217546463013,-2772.5374307700004,5.0
612,6948,725630,52,0.07125858962535858,-2183.1005859375,593.0,45.57,362916,0.010970450937747955,0.03062223456799984,-2773.7916052100004,5.0
616,6994,730374,52,0.0655108094215393,-2184.01123046875,593.0,45.61,365288,0.010884548537433147,0.029021838679909706,-2775.50034467,5.0
620,7039,735118,52,0.07490907609462738,-2184.87890625,593.0,45.24,367660,0.010995075106620789,0.024264296516776085,-2777.4805080899996,5.0
624,7084,739862,52,0.06689325720071793,-2187.431640625,593.0,45.63,370032,0.011082024313509464,0.027490368112921715,-2779.31119115,5.0
628,7129,744606,52,0.10112885385751724,-2187.62890625,593.0,46.09,372404,0.01099616102874279,0.033273182809352875,-2780.1467475400004,5.0
632,7175,749350,52,0.08257909119129181,-2189.19091796875,593.0,46.83,374776,0.010751058347523212,0.03108540177345276,-2779.87056942,5.0
636,7220,754094,52,0.08767129480838776,-2188.263671875,593.0,47.31,377148,0.010857396759092808,0.035191114991903305,-2780.86481577,5.0
640,7265,758838,52,0.08038994669914246,-2187.49658203125,593.0,47.67,379520,0.010847563855350018,0.026785515248775482,-2781.8781975800002,5.0
644,7310,763582,52,0.08556409925222397,-2187.640625,593.0,47.76,381892,0.01079205609858036,0.02952040359377861,-2782.83353049,5.0
648,7356,768326,52,0.0646892562508583,-2187.18798828125,593.0,47.59,384264,0.010645715519785881,0.031042853370308876,-2783.93436519,5.0
652,7401,773070,52,0.05843309685587883,-2186.665771484375,593.0,47.59,386636,0.010679367929697037,0.024674152955412865,-2785.02856217,5.0
656,7446,777814,52,0.05773589015007019,-2186.29833984375,593.0,47.01,389008,0.010772334411740303,0.028044922277331352,-2786.4927398400005,5.0
660,7492,782558,52,0.07480546087026596,-2185.69775390625,593.0,46.88,391380,0.010680223815143108,0.0332043282687664,-2787.89555747,5.0
664,7537,787302,52,0.06947217881679535,-2185.41748046875,593.0,46.6,393752,0.010788727551698685,0.02941640093922615,-2789.44469756,5.0
668,7582,792046,52,0.07103823870420456,-2187.2099609375,593.0,44.64,396124,0.010840164497494698,0.025365326553583145,-2796.747289680001,5.0
672,7628,796790,52,0.052561625838279724,-2186.48193359375,593.0,44.85,398496,0.010940156877040863,0.02421456202864647,-2798.2817000899995,5.0
676,7673,801534,52,0.08739849925041199,-2188.56787109375,593.0,44.58,400868,0.010909464210271835,0.031751710921525955,-2799.7180847199993,5.0
680,7718,806278,52,0.07454044371843338,-2188.99462890625,593.0,44.48,403240,0.010977515950798988,0.025166921317577362,-2801.09597037,5.0
684,7764,811022,52,0.06878995895385742,-2189.9189453125,593.0,44.45,405612,0.010787409730255604,0.02658146433532238,-2802.6636121500005,5.0
688,7809,815766,52,0.06374488025903702,-2190.11767578125,593.0,44.77,407984,0.010754292830824852,0.02640128880739212,-2803.9998068,5.0
692,7854,820510,52,0.06703421473503113,-2191.022705078125,593.0,44.64,410356,0.010784720070660114,0.026929443702101707,-2804.9668399300003,5.0
696,7900,825254,52,0.07148317247629166,-2191.517578125,593.0,44.38,412728,0.010782822966575623,0.03201698884367943,-2805.72513539,5.0
700,7945,829998,52,0.07220584899187088,-2191.784912109375,593.0,44.15,415100,0.010894897393882275,0.026253238320350647,-2806.62583315,5.0
704,7990,834742,52,0.06728270649909973,-2191.64208984375,593.0,44.17,417472,0.010792755521833897,0.02863600105047226,-2807.3625704999995,5.0
708,8035,839486,52,0.43522536754608154,-2199.525390625,593.0,45.03,419844,0.013563090935349464,0.033285170793533325,-2807.4228294,5.0
712,8081,844230,52,0.16189061105251312,-2200.043212890625,593.0,45.62,422216,0.01064664963632822,0.02747189812362194,-2805.79824357,5.0
716,8126,848974,52,0.18812963366508484,-2201.92529296875,593.0,45.96,424588,0.010913553647696972,0.03058682009577751,-2806.4928576800007,5.0
720,8171,853718,52,0.11706235259771347,-2200.935546875,593.0,46.44,426960,0.010829444974660873,0.028191635385155678,-2807.5383311000005,5.0
724,8216,858462,52,0.09752120822668076,-2198.52490234375,593.0,46.7,429332,0.01077976357191801,0.026934318244457245,-2808.581768039999,5.0
728,8262,863206,52,0.08324656635522842,-2198.4658203125,593.0,46.85,431704,0.010698063299059868,0.02733297273516655,-2810.31497007,5.0
732,8307,867950,52,0.07483913749456406,-2199.96435546875,593.0,46.4,434076,0.010679012164473534,0.026541419327259064,-2812.8546504900005,5.0
736,8353,872694,52,0.07154287397861481,-2197.728515625,593.0,46.55,436448,0.010776485316455364,0.028492776677012444,-2814.11104047,5.0
740,8398,877438,52,0.059853117913007736,-2197.69580078125,593.0,46.74,438820,0.010792884975671768,0.024100270122289658,-2814.8841351799997,5.0
744,8444,882182,52,0.07499586045742035,-2197.43994140625,593.0,47.28,441192,0.010866895318031311,0.025155141949653625,-2815.7254548499996,5.0
748,8489,886926,52,0.08175790309906006,-2198.122314453125,593.0,48.15,443564,0.010917223058640957,0.02737361378967762,-2816.2665221700004,5.0
752,8534,891670,52,0.07954258471727371,-2198.567138671875,593.0,48.46,445936,0.011005042120814323,0.029316961765289307,-2816.9555759999994,5.0
756,8580,896414,52,0.06914282590150833,-2200.30029296875,593.0,49.02,448308,0.010924706235527992,0.026965534314513206,-2817.5076627900003,5.0
760,8625,901158,52,0.07978679984807968,-2201.520263671875,593.0,49.29,450680,0.010893397033214569,0.02611435391008854,-2818.3697083300003,5.0
764,8670,905902,52,0.06922736018896103,-2201.84521484375,593.0,49.63,453052,0.010994845069944859,0.02559240721166134,-2819.3103206399996,5.0
768,8716,910646,52,0.08120948076248169,-2203.5888671875,593.0,50.11,455424,0.011198865249752998,0.02996111661195755,-2820.2617585499993,5.0
772,8761,915390,52,0.08360276371240616,-2204.9970703125,593.0,50.27,457796,0.01111048087477684,0.02586502581834793,-2822.004271019999,5.0
776,8806,920134,52,0.09029056876897812,-2206.672119140625,593.0,50.63,460168,0.011273300275206566,0.026115657761693,-2823.01484047,5.0
780,8851,924878,52,0.10909021645784378,-2206.754150390625,593.0,51.08,462540,0.011067306622862816,0.036438215523958206,-2823.9525085699993,5.0
784,8897,929622,52,0.16871728003025055,-2209.97998046875,593.0,51.2,464912,0.01134008914232254,0.029712943360209465,-2824.6564956199995,5.0
788,8942,934366,52,0.1407102346420288,-2213.1806640625,593.0,51.26,467284,0.011733606457710266,0.02887212485074997,-2825.4439075699997,5.0
792,8987,939110,52,0.08613315224647522,-2214.126953125,593.0,51.91,469656,0.011365185491740704,0.030848894268274307,-2826.8231847299994,5.0
796,9032,943854,52,0.10820702463388443,-2216.943359375,593.0,52.76,472028,0.011304991319775581,0.028872886672616005,-2828.3995453600005,5.0
800,9078,948598,52,0.0933341383934021,-2216.37890625,593.0,53.43,474400,0.011327702552080154,0.028368139639496803,-2829.706275390001,5.0
804,9123,953342,52,0.07142093777656555,-2216.1552734375,593.0,53.56,476772,0.011198262684047222,0.026800990104675293,-2831.2647251000003,5.0
808,9169,958086,52,0.07521398365497589,-2217.366943359375,593.0,52.99,479144,0.011383002623915672,0.026466824114322662,-2833.55690807,5.0
812,9214,962830,52,0.0792568027973175,-2218.36279296875,593.0,52.51,481516,0.011430665850639343,0.030929535627365112,-2837.1963373200006,5.0
816,9260,967574,52,0.07535902410745621,-2217.51806640625,593.0,52.35,483888,0.01127396710216999,0.024791544303297997,-2838.7567611,5.0
820,9305,972318,52,0.08090826123952866,-2218.65380859375,593.0,52.46,486260,0.011193638667464256,0.02911509945988655,-2840.09586987,5.0
824,9351,977062,52,0.08893051743507385,-2218.35986328125,593.0,52.31,488632,0.011282152496278286,0.030004044994711876,-2841.46245176,5.0
828,9396,981806,52,0.07251746952533722,-2217.13671875,593.0,51.94,491004,0.01123154629021883,0.027059460058808327,-2842.8175652999994,5.0
832,9441,986550,52,0.0697556883096695,-2218.712890625,593.0,52.0,493376,0.011050443165004253,0.02542266622185707,-2844.25648399,5.0
836,9487,991294,52,0.09830141812562943,-2218.078369140625,593.0,52.06,495748,0.011027350090444088,0.027641536667943,-2845.17425233,5.0
840,9532,996038,52,0.08553126454353333,-2219.117431640625,593.0,52.14,498120,0.011089911684393883,0.03029490076005459,-2845.668252180001,5.0
844,9578,1000782,52,0.09607253968715668,-2217.7255859375,593.0,52.18,500492,0.01114244107156992,0.027415772899985313,-2846.1964286,5.0
848,9623,1005526,52,0.08509250730276108,-2218.056884765625,593.0,52.0,502864,0.011030180379748344,0.03382885083556175,-2847.02260115,5.0
852,9669,1010270,52,0.08362819999456406,-2219.8359375,593.0,51.92,505236,0.0111475745216012,0.026248421519994736,-2847.76990747,5.0
856,9714,1015014,52,0.08325506746768951,-2220.84521484375,593.0,51.73,507608,0.01102654542773962,0.028935391455888748,-2848.4651147699997,5.0
860,9759,1019758,52,0.06020672619342804,-2221.82373046875,593.0,51.72,509980,0.011241067200899124,0.025021398440003395,-2849.3627578200003,5.0
864,9804,1024502,52,0.05483255907893181,-2224.0771484375,593.0,51.58,512352,0.011066936887800694,0.02766181156039238,-2850.3014748300006,5.0
868,9850,1029246,52,0.058232780545949936,-2224.13525390625,593.0,51.18,514724,0.010994771495461464,0.023710008710622787,-2851.7846911600004,5.0
872,9895,1033990,52,0.06615932285785675,-2225.42431640625,593.0,51.04,517096,0.010978065431118011,0.02543146163225174,-2853.17704775,5.0
876,9940,1038734,52,0.06907554715871811,-2225.817626953125,593.0,50.99,519468,0.010859654285013676,0.02441398985683918,-2854.8301317200003,5.0
880,9985,1043478,52,0.0535639151930809,-2225.818115234375,593.0,50.8,521840,0.010871202684938908,0.024394147098064423,-2856.9580072899994,5.0
884,10030,1048222,52,0.052006643265485764,-2226.823486328125,593.0,50.63,524212,0.011003734543919563,0.020601239055395126,-2859.1134132999996,5.0
888,10076,1052966,52,0.06401325762271881,-2227.6376953125,593.0,50.37,526584,0.011012690141797066,0.027696914970874786,-2861.4643593599994,5.0
892,10121,1057710,52,0.06116747856140137,-2226.91552734375,593.0,50.24,528956,0.0109152402728796,0.024634884670376778,-2863.74914903,5.0
896,10166,1062454,52,0.06834355741739273,-2229.730224609375,593.0,50.12,531328,0.011019009165465832,0.025064142420887947,-2865.91142702,5.0
900,10211,1067198,52,0.05228842422366142,-2230.71484375,593.0,49.77,533700,0.011050100438296795,0.021640857681632042,-2868.3688834000004,5.0
904,10257,1071942,52,0.061155542731285095,-2231.83935546875,593.0,50.09,536072,0.0109414616599679,0.02046576514840126,-2870.7244974900004,5.0
908,10303,1076686,52,0.06982944905757904,-2232.23193359375,593.0,50.24,538444,0.010963981971144676,0.027464337646961212,-2873.02361486,5.0
912,10347,1081430,52,0.06403542309999466,-2232.122802734375,593.0,50.54,540816,0.01088832225650549,0.024568183347582817,-2875.5805641599995,5.0
916,10392,1086174,52,0.05617567151784897,-2233.239013671875,593.0,51.1,543188,0.010989063419401646,0.02107066847383976,-2878.01760933,5.0
920,10438,1090918,52,0.05611830949783325,-2233.62158203125,593.0,51.69,545560,0.010986355133354664,0.02359059266746044,-2879.57260581,5.0
924,10483,1095662,52,0.05536668747663498,-2235.339599609375,593.0,52.1,547932,0.01109401136636734,0.025003701448440552,-2881.3729313,5.0
928,10528,1100406,52,0.04948236420750618,-2236.79248046875,593.0,52.57,550304,0.011084022931754589,0.019847383722662926,-2883.1652895100005,5.0
932,10574,1105150,52,0.04947902634739876,-2237.92138671875,593.0,53.2,552676,0.011180270463228226,0.0204278826713562,-2884.7801611499995,5.0
936,10619,1109894,52,0.04984220117330551,-2239.537109375,593.0,53.65,555048,0.011114608496427536,0.018432680517435074,-2886.75809087,5.0
940,10665,1114638,52,0.04992872104048729,-2240.3046875,593.0,54.03,557420,0.011237631551921368,0.023950951173901558,-2889.4488657899997,5.0
944,10710,1119382,52,0.05083437263965607,-2242.21875,593.0,54.32,559792,0.011313462629914284,0.01913139782845974,-2892.1795707999995,5.0
948,10755,1124126,52,0.06184102222323418,-2243.04541015625,593.0,54.72,562164,0.01109476201236248,0.02380317822098732,-2894.27208401,5.0
952,10800,1128870,52,0.052051711827516556,-2243.94970703125,593.0,55.41,564536,0.0112055204808712,0.02136296033859253,-2896.83365963,5.0
956,10846,1133614,52,0.053356509655714035,-2244.690673828125,593.0,56.34,566908,0.011185661889612675,0.02246359921991825,-2899.7066203900004,5.0
960,10891,1138358,52,0.051798779517412186,-2245.49365234375,593.0,57.12,569280,0.011212731711566448,0.020711250603199005,-2902.2572280000004,5.0
964,10936,1143102,52,0.046046726405620575,-2247.751220703125,593.0,58.08,571652,0.01118505373597145,0.02122984267771244,-2904.94072653,5.0
968,10982,1147846,52,0.05100769177079201,-2249.561279296875,593.0,59.05,574024,0.011197936721146107,0.020885076373815536,-2906.7165621799995,5.0
972,11027,1152590,52,0.05359700694680214,-2252.23193359375,593.0,59.86,576396,0.011527059599757195,0.0218955110758543,-2908.7542501299995,5.0
976,11072,1157334,52,0.05018894746899605,-2254.75927734375,593.0,60.33,578768,0.011350044049322605,0.021586298942565918,-2911.0275201599998,5.0
980,11118,1162078,52,0.07660412788391113,-2257.15380859375,593.0,60.67,581140,0.011710723862051964,0.022940905764698982,-2912.94982015,5.0
984,11163,1166822,52,0.04674967750906944,-2258.382080078125,593.0,61.17,583512,0.011465023271739483,0.019463997334241867,-2915.10367147,5.0
988,11208,1171566,52,0.05359143763780594,-2260.466064453125,593.0,61.66,585884,0.011353112757205963,0.023105507716536522,-2917.0501244899997,5.0
992,11253,1176310,52,0.05958028510212898,-2261.1708984375,593.0,62.11,588256,0.011441049166023731,0.021037010475993156,-2918.81104093,5.0
996,11299,1181054,52,0.055098067969083786,-2261.77783203125,593.0,62.43,590628,0.011365402489900589,0.021886475384235382,-2920.729094019999,5.0
1000,11343,1185798,52,0.054841283708810806,-2263.415283203125,593.0,63.28,593000,0.011416585184633732,0.022025104612112045,-2921.7926497699996,5.0
1004,11389,1190542,52,0.059042174369096756,-2264.565185546875,593.0,64.45,595372,0.011262855492532253,0.017022140324115753,-2923.3727914899996,5.0
1008,11434,1195286,52,0.044504713267087936,-2263.16650390625,593.0,65.43,597744,0.011340613476932049,0.020089222118258476,-2924.6492417199997,5.0
1012,11479,1200030,52,0.0414663590490818,-2265.78955078125,593.0,66.11,600116,0.011234218254685402,0.018495634198188782,-2925.8554666299997,5.0
1016,11525,1204774,52,0.04781920090317726,-2266.446044921875,593.0,66.39,602488,0.01161534059792757,0.020267045125365257,-2926.83309542,5.0
1020,11570,1209518,52,0.04146324843168259,-2266.96826171875,593.0,66.51,604860,0.011451964266598225,0.019637087360024452,-2928.6600103799997,5.0
1024,11615,1214262,52,0.035158783197402954,-2266.53515625,593.0,66.74,607232,0.01128248032182455,0.019913775846362114,-2930.0628173499995,5.0
1028,11660,1219006,52,0.0489470548927784,-2267.29052734375,593.0,67.12,609604,0.011529501527547836,0.018362822011113167,-2931.4416389000003,5.0
1032,11705,1223750,52,0.04080875217914581,-2267.146728515625,593.0,67.18,611976,0.01133565604686737,0.022819356992840767,-2933.234241320001,5.0
1036,11751,1228494,52,0.04120282828807831,-2267.92236328125,593.0,67.32,614348,0.011305934749543667,0.018794449046254158,-2934.7978846699993,5.0
1040,11796,1233238,52,0.04069995507597923,-2268.907470703125,593.0,67.86,616720,0.011259977705776691,0.02076953463256359,-2936.83458602,5.0
1044,11841,1237982,52,0.05153731629252434,-2270.41552734375,593.0,68.19,619092,0.011638137511909008,0.019785422831773758,-2938.630980860001,5.0
1048,11887,1242726,52,0.041780371218919754,-2271.578125,593.0,68.37,621464,0.01156669668853283,0.01783590018749237,-2941.105635539999,5.0
1052,11932,1247470,52,0.040782637894153595,-2273.1943359375,593.0,68.8,623836,0.01153868529945612,0.01601388119161129,-2943.0525788099994,5.0
1056,11977,1252214,52,0.04712026193737984,-2276.062255859375,593.0,69.42,626208,0.011697043664753437,0.021336281672120094,-2944.38902749,5.0
1060,12023,1256958,52,0.049169957637786865,-2277.556640625,593.0,69.98,628580,0.011648164130747318,0.018986737355589867,-2946.11933842,5.0
1064,12068,1261702,52,0.049284130334854126,-2278.63330078125,593.0,70.56,630952,0.01187843643128872,0.022136785089969635,-2947.2720472600004,5.0
1068,12113,1266446,52,0.06520330160856247,-2281.86328125,593.0,71.0,633324,0.011943712830543518,0.0182475782930851,-2948.5881669200003,5.0
1072,12159,1271190,52,0.12523171305656433,-2285.958740234375,593.0,72.07,635696,0.01210479624569416,0.020700305700302124,-2948.96512988,5.0
1076,12204,1275934,52,0.543374240398407,-2296.515625,593.0,73.52,638068,0.012445971369743347,0.021587634459137917,-2945.9567884199996,5.0
1080,12250,1280678,52,0.3101867735385895,-2297.666259765625,593.0,74.73,640440,0.011863978579640388,0.02120257169008255,-2944.3559711100006,5.0
1084,12295,1285422,52,0.21624572575092316,-2296.6953125,593.0,75.26,642812,0.011892667040228844,0.01820589229464531,-2945.07955395,5.0
1088,12340,1290166,52,0.08675587177276611,-2296.66015625,593.0,75.86,645184,0.011451806873083115,0.021647155284881592,-2946.3370807199994,5.0
1092,12385,1294910,52,0.06547515839338303,-2295.421875,593.0,76.37,647556,0.011787498369812965,0.018953949213027954,-2947.55217937,5.0
1096,12431,1299654,52,0.07192955166101456,-2295.771484375,593.0,76.76,649928,0.011791658587753773,0.021303363144397736,-2948.41907954,5.0
1100,12476,1304398,52,0.18283942341804504,-2296.831787109375,593.0,77.13,652300,0.01184112299233675,0.02092268131673336,-2949.7440669800003,5.0
1104,12522,1309142,52,0.13833920657634735,-2297.5341796875,593.0,77.16,654672,0.012033950537443161,0.020378677174448967,-2949.8280023700004,5.0
1108,12567,1313886,52,0.057504989206790924,-2297.963134765625,593.0,77.49,657044,0.011657394468784332,0.020434299483895302,-2950.9527479599997,5.0
1112,12612,1318630,52,0.054044656455516815,-2298.4619140625,593.0,77.65,659416,0.011612261645495892,0.016975037753582,-2952.0000228400004,5.0
1116,12657,1323374,52,0.04878859966993332,-2299.547119140625,593.0,77.9,661788,0.011761828325688839,0.02230023592710495,-2953.4080038,5.0
1120,12703,1328118,52,0.043245140463113785,-2299.888671875,593.0,78.07,664160,0.011849900707602501,0.02326875552535057,-2954.7241303800006,5.0
1124,12748,1332862,52,0.03892790526151657,-2299.590087890625,593.0,78.47,666532,0.012063642032444477,0.018519140779972076,-2955.6561649399996,5.0
1128,12793,1337606,52,0.04462648183107376,-2300.9267578125,593.0,78.76,668904,0.011987622827291489,0.020609986037015915,-2957.1447835299996,5.0
1132,12839,1342350,52,0.03750867024064064,-2302.1875,593.0,79.08,671276,0.011954509653151035,0.016703803092241287,-2958.5961924899993,5.0
1136,12884,1347094,52,0.03434465080499649,-2302.72509765625,593.0,79.15,673648,0.01170557551085949,0.017660850659012794,-2959.89402838,5.0
1140,12929,1351838,52,0.03655529022216797,-2302.748046875,593.0,78.85,676020,0.01174522191286087,0.018305396661162376,-2960.5021130200003,5.0
1144,12974,1356582,52,0.03581756725907326,-2304.406494140625,593.0,78.97,678392,0.011849810369312763,0.014289023354649544,-2961.7129358499997,5.0
1148,13020,1361326,52,0.038875266909599304,-2304.294921875,593.0,79.39,680764,0.012012594379484653,0.017343372106552124,-2962.6042537399985,5.0
1152,13065,1366070,52,0.03690464049577713,-2305.3642578125,593.0,79.15,683136,0.011833864264190197,0.01834557205438614,-2963.8596281799996,5.0
1156,13110,1370814,52,0.04545120149850845,-2307.40283203125,593.0,78.5,685508,0.011918759904801846,0.02086465246975422,-2965.4210361200003,5.0
1160,13156,1375558,52,0.037669844925403595,-2307.322021484375,593.0,78.13,687880,0.01176849938929081,0.017818633466959,-2966.157853439999,5.0
1164,13201,1380302,52,0.041128434240818024,-2307.71337890625,593.0,77.86,690252,0.011818137019872665,0.018978210166096687,-2966.9867348600005,5.0
1168,13247,1385046,52,0.037222474813461304,-2308.677734375,593.0,77.62,692624,0.011867232620716095,0.01837194338440895,-2967.93789874,5.0
1172,13292,1389790,52,0.03762855380773544,-2310.98681640625,593.0,76.63,694996,0.01206174399703741,0.016823628917336464,-2970.32899733,5.0
1176,13338,1394534,52,0.03673102706670761,-2312.034423828125,593.0,75.37,697368,0.012086604721844196,0.020313479006290436,-2974.6039423299994,5.0
1180,13383,1399278,52,0.03558914735913277,-2313.799560546875,593.0,74.69,699740,0.01211387850344181,0.01648477278649807,-2978.2997009200003,5.0
1184,13428,1404022,52,0.04371127858757973,-2314.9873046875,593.0,74.67,702112,0.012146906927227974,0.0192154161632061,-2979.9482786400004,5.0
1188,13474,1408766,52,0.04142516478896141,-2316.072509765625,593.0,74.72,704484,0.011935246177017689,0.017237236723303795,-2980.78057011,5.0
1192,13519,1413510,52,0.04379226267337799,-2317.88134765625,593.0,74.99,706856,0.012004446238279343,0.025994829833507538,-2981.4858128600004,5.0
1196,13565,1418254,52,0.039835069328546524,-2318.1572265625,593.0,74.93,709228,0.011946167796850204,0.019047772511839867,-2982.5784829500003,5.0
1200,13610,1422998,52,0.03601754456758499,-2319.30517578125,593.0,75.6,711600,0.012162446044385433,0.017447354272007942,-2981.61936753,5.0
1204,13655,1427742,52,0.044532157480716705,-2321.09423828125,593.0,75.7,713972,0.012184729799628258,0.01648302748799324,-2983.3623068300008,5.0
1208,13701,1432486,52,0.05181358754634857,-2323.40966796875,593.0,75.95,716344,0.012483077123761177,0.02202928625047207,-2983.4527798,5.0
1212,13747,1437230,52,0.04810841754078865,-2325.23779296875,593.0,76.31,718716,0.012144300155341625,0.017827166244387627,-2984.7312471999994,5.0
1216,13792,1441974,52,0.04151385277509689,-2324.7109375,593.0,76.35,721088,0.012070570141077042,0.015563608147203922,-2985.88244839,5.0
1220,13837,1446718,52,0.032342374324798584,-2325.32568359375,593.0,76.48,723460,0.012202231213450432,0.016749659553170204,-2986.7102725000004,5.0
1224,13883,1451462,52,0.032648228108882904,-2325.16064453125,593.0,76.64,725832,0.011904838494956493,0.01570511981844902,-2987.89076747,5.0
1228,13928,1456206,52,0.03360097482800484,-2324.408935546875,593.0,76.72,728204,0.012079482898116112,0.014823950827121735,-2988.7078085099997,5.0
1232,13973,1460950,52,0.03278503194451332,-2324.814453125,593.0,76.74,730576,0.01207677647471428,0.01799282617866993,-2989.801145380001,5.0
1236,14018,1465694,52,0.03531314432621002,-2325.3984375,593.0,77.37,732948,0.01230201032012701,0.017830586060881615,-2990.7288467599997,5.0
1240,14063,1470438,52,0.041338853538036346,-2326.39990234375,593.0,78.13,735320,0.012106313370168209,0.025466421619057655,-2991.9832380199996,5.0
1244,14109,1475182,52,0.03913477063179016,-2327.71533203125,593.0,78.74,737692,0.012295612134039402,0.019654642790555954,-2992.68773269,5.0
1248,14154,1479926,52,0.03280742093920708,-2330.34130859375,593.0,78.97,740064,0.012365981936454773,0.01651042327284813,-2993.6986162999992,5.0
1252,14200,1484670,52,0.03861432522535324,-2332.24951171875,593.0,79.76,742436,0.012419252656400204,0.01581738330423832,-2994.100709279999,5.0
1256,14245,1489414,52,0.04331957548856735,-2334.88720703125,593.0,80.56,744808,0.012314440682530403,0.019967790693044662,-2994.55373203,5.0
1260,14290,1494158,52,0.04116254299879074,-2334.92529296875,593.0,80.87,747180,0.012310813181102276,0.017939740791916847,-2995.26600362,5.0
1264,14336,1498902,52,0.0393030121922493,-2335.90234375,593.0,81.28,749552,0.012333028018474579,0.01739840768277645,-2996.6601849200006,5.0
1268,14381,1503646,52,0.04457707330584526,-2337.8994140625,593.0,81.78,751924,0.012369249016046524,0.018961619585752487,-2998.4277386800004,5.0
1272,14426,1508390,52,0.03879779949784279,-2338.343017578125,593.0,82.44,754296,0.012445888482034206,0.018964193761348724,-2999.6500950099994,5.0
1276,14471,1513134,52,0.04441331326961517,-2339.7958984375,593.0,83.39,756668,0.012694528326392174,0.0201998483389616,-3001.6683986199996,5.0
1280,14516,1517878,52,0.035266127437353134,-2341.906005859375,593.0,84.21,759040,0.0125817209482193,0.017088543623685837,-3003.080233649999,5.0
1284,14561,1522622,52,0.041351914405822754,-2342.6591796875,593.0,85.01,761412,0.01246301643550396,0.016948558390140533,-3003.8622564,5.0
1288,14607,1527366,52,0.03741433098912239,-2344.283447265625,593.0,85.83,763784,0.012674888595938683,0.016803747043013573,-3005.2540671799998,5.0
1292,14653,1532110,52,0.09536273777484894,-2346.75927734375,593.0,86.03,766156,0.013119290582835674,0.01926051452755928,-3006.02050606,5.0
1296,14700,1536854,52,0.08300475031137466,-2349.43359375,593.0,86.5,768528,0.012921303510665894,0.016925884410738945,-3006.01267425,5.0
1300,14747,1541598,52,0.07192179560661316,-2351.1298828125,593.0,86.45,770900,0.012841680087149143,0.0154661163687706,-3008.6629342000006,5.0
1304,14794,1546342,52,0.17294606566429138,-2354.891845703125,593.0,86.64,773272,0.01328099612146616,0.030931416898965836,-3009.68303459,5.0
1308,14840,1551086,52,1.0469495058059692,-2402.31201171875,593.0,88.13,775644,0.016418393701314926,0.026497825980186462,-2998.15584914,5.0
1312,14887,1555830,52,0.1502663642168045,-2390.6103515625,593.0,88.13,778016,0.012422392144799232,0.017921602353453636,-2996.59416973,5.0
1316,14933,1560574,52,0.09726162999868393,-2381.8984375,593.0,88.35,780388,0.012343293987214565,0.01955784671008587,-2996.1533533900006,5.0
1320,14979,1565318,52,0.08557205647230148,-2374.62646484375,593.0,88.26,782760,0.012264279648661613,0.020852115005254745,-2995.99985635,5.0
1324,15026,1570062,52,0.0491810142993927,-2369.76123046875,593.0,88.46,785132,0.012469002045691013,0.017413290217518806,-2996.25017469,5.0
1328,15073,1574806,52,0.05053791403770447,-2366.94775390625,593.0,88.62,787504,0.012359626591205597,0.019241170957684517,-2996.3497563600004,5.0
1332,15119,1579550,52,0.09631041437387466,-2366.04150390625,593.0,88.92,789876,0.012843138538300991,0.0206904336810112,-2996.2044361800004,5.0
1336,15166,1584294,52,1.3038394451141357,-2390.544921875,593.0,90.26,792248,0.01542694866657257,0.026462027803063393,-2989.7462358800003,5.0
1340,15212,1589038,52,0.47393137216567993,-2384.26220703125,593.0,90.65,794620,0.013172434642910957,0.02046740986406803,-2988.21535047,5.0
1344,15257,1593782,52,0.3874513506889343,-2382.422607421875,593.0,90.3,796992,0.012888867408037186,0.017822803929448128,-2988.80031349,5.0
1348,15303,1598526,52,0.424028217792511,-2381.29443359375,593.0,90.08,799364,0.012903177179396152,0.029894158244132996,-2989.2401236600003,5.0
1352,15348,1603270,52,0.10952824354171753,-2378.2421875,593.0,89.76,801736,0.012654446065425873,0.017653832212090492,-2989.5358247100003,5.0
1356,15393,1608014,52,0.10508235543966293,-2377.61279296875,593.0,89.41,804108,0.012982204556465149,0.021603718400001526,-2989.8707724899996,5.0
1360,15439,1612758,52,0.16255854070186615,-2376.296875,593.0,89.48,806480,0.013063141144812107,0.019928256049752235,-2990.4796865000008,5.0
1364,15484,1617502,52,0.1060853898525238,-2376.416259765625,593.0,89.44,808852,0.013414891436696053,0.023593628779053688,-2991.01351485,5.0
1368,15530,1622246,52,0.2442609965801239,-2379.01513671875,593.0,89.44,811224,0.013913036324083805,0.030583370476961136,-2991.04853008,5.0
1372,15575,1626990,52,0.7701429724693298,-2397.196044921875,593.0,90.47,813596,0.016916435211896896,0.028346670791506767,-2986.0729953200002,5.0
1376,15620,1631734,52,0.4769737422466278,-2401.14794921875,593.0,91.0,815968,0.013886543922126293,0.022142237052321434,-2983.8638150299994,5.0
1380,15666,1636478,52,0.532768189907074,-2397.172119140625,593.0,90.71,818340,0.013096845708787441,0.029814446344971657,-2984.2622541700007,5.0
1384,15711,1641222,52,0.17616285383701324,-2392.797607421875,593.0,90.29,820712,0.013155016116797924,0.019048796966671944,-2985.45277847,5.0
1388,15756,1645966,52,0.08712784945964813,-2389.605224609375,593.0,89.73,823084,0.012883239425718784,0.01893085427582264,-2986.2203153600003,5.0
1392,15802,1650710,52,0.12993928790092468,-2388.29150390625,593.0,89.7,825456,0.01317306887358427,0.025063302367925644,-2987.1402139200004,5.0
1396,15847,1655454,52,0.12533660233020782,-2387.65380859375,593.0,89.86,827828,0.013156653381884098,0.021907975897192955,-2989.01941001,5.0
1400,15892,1660198,52,0.1410835087299347,-2387.93359375,593.0,89.56,830200,0.013039099983870983,0.02122720517218113,-2990.9267653600004,5.0
1404,15937,1664942,52,1.3811664581298828,-2405.044921875,593.0,90.76,832572,0.019150974228978157,0.0316590741276741,-2988.2719496200007,5.0
1408,15983,1669686,52,0.7530155777931213,-2400.2900390625,593.0,89.78,834944,0.013537355698645115,0.01956695318222046,-3000.1756411399997,5.0
1412,16028,1674430,52,0.28825658559799194,-2399.285888671875,593.0,89.91,837316,0.013456527143716812,0.017131689935922623,-3003.54961011,5.0
1416,16073,1679174,52,0.14736653864383698,-2396.9013671875,593.0,90.07,839688,0.013103123754262924,0.018510738387703896,-3005.600211300001,5.0
1420,16118,1683918,52,0.11664313822984695,-2395.315673828125,593.0,90.19,842060,0.013341543264687061,0.018786607310175896,-3007.7303965499996,5.0
1424,16165,1688662,52,2.484487533569336,-2449.24609375,593.0,97.78,844432,0.019273532554507256,0.03440507501363754,-2978.3521411,5.0
1428,16210,1693406,52,0.27845385670661926,-2433.5068359375,593.0,97.96,846804,0.013848568312823772,0.025693662464618683,-2976.28874465,5.0
1432,16255,1698150,52,0.11390308290719986,-2424.0751953125,593.0,97.55,849176,0.01302686333656311,0.02309250645339489,-2975.46238381,5.0
1436,16300,1702894,52,0.08806392550468445,-2415.801025390625,593.0,95.9,851548,0.013082277029752731,0.023122714832425117,-2982.04438787,5.0
1440,16346,1707638,52,0.08115404099225998,-2410.215576171875,593.0,95.24,853920,0.01309670228511095,0.02762291580438614,-2983.4852227099996,5.0
1444,16391,1712382,52,0.07678006589412689,-2405.63916015625,593.0,95.08,856292,0.013539383187890053,0.021672675386071205,-2982.7772367,5.0
1448,16436,1717126,52,0.07728957384824753,-2404.830078125,593.0,95.4,858664,0.01350685115903616,0.02378077618777752,-2982.0690727100005,5.0
1452,16481,1721870,52,0.07947590947151184,-2403.270751953125,593.0,95.63,861036,0.013405650854110718,0.022245706990361214,-2981.8296315,5.0
1456,16526,1726614,52,0.0660572499036789,-2401.4794921875,593.0,96.14,863408,0.01347783487290144,0.0236506350338459,-2981.84635128,5.0
1460,16572,1731358,52,0.0703185498714447,-2402.02001953125,593.0,96.53,865780,0.013565297238528728,0.02097872830927372,-2981.7881911900013,5.0
1464,16617,1736102,52,0.05066768079996109,-2402.48095703125,593.0,96.68,868152,0.013561098836362362,0.02090180478990078,-2981.0233455800008,5.0
1468,16663,1740846,52,0.06220570579171181,-2400.9609375,593.0,96.54,870524,0.013509988784790039,0.022797241806983948,-2980.62504367,5.0
1472,16708,1745590,52,0.06925375014543533,-2401.57861328125,593.0,95.45,872896,0.013524702750146389,0.024333784356713295,-2985.80943184,5.0
1476,16754,1750334,52,0.06635812669992447,-2403.05126953125,593.0,94.73,875268,0.013771968893706799,0.0213137399405241,-2988.0157023199995,5.0
1480,16799,1755078,52,0.06993891298770905,-2402.95849609375,593.0,94.89,877640,0.013600407168269157,0.022073091939091682,-2987.8570439799996,5.0
1484,16844,1759822,52,0.1059795618057251,-2405.10791015625,593.0,95.05,880012,0.014041152782738209,0.025944605469703674,-2987.4348477299995,5.0
1488,16890,1764566,52,0.0986926257610321,-2407.8154296875,593.0,95.29,882384,0.013866409659385681,0.01888476312160492,-2987.1779537099997,5.0
1492,16936,1769310,52,1.6313930749893188,-2436.588134765625,593.0,100.2,884756,0.017216037958860397,0.0513186976313591,-2965.6271321000004,5.0
1496,16981,1774054,52,0.5999813079833984,-2435.092041015625,593.0,101.31,887128,0.014867217279970646,0.033297330141067505,-2959.139920100001,5.0
1500,17027,1778798,52,0.29506635665893555,-2431.627685546875,593.0,101.31,889500,0.014086962677538395,0.02182633988559246,-2957.7191870000006,5.0
1504,17072,1783542,52,0.19745852053165436,-2427.165283203125,593.0,99.86,891872,0.014004042372107506,0.024568160995841026,-2961.24692087,5.0
1508,17117,1788286,52,0.07386927306652069,-2423.951171875,593.0,98.97,894244,0.013875993900001049,0.023195678368210793,-2963.6779475300004,5.0
1512,17162,1793030,52,0.08179531991481781,-2421.1796875,593.0,98.63,896616,0.014033762738108635,0.024702100083231926,-2963.6806841500006,5.0
1516,17208,1797774,52,0.053228553384542465,-2418.91748046875,593.0,98.41,898988,0.013931326568126678,0.020812978968024254,-2964.1342261400005,5.0
1520,17253,1802518,52,0.08520317822694778,-2418.6123046875,593.0,98.54,901360,0.013821151107549667,0.027692191302776337,-2964.35040378,5.0
1524,17298,1807262,52,0.07410398125648499,-2416.18017578125,593.0,90.85,903732,0.013815827667713165,0.024928303435444832,-2995.964083930001,5.0
1528,17343,1812006,52,0.0689421147108078,-2416.1708984375,593.0,90.93,906104,0.013876338489353657,0.02057376317679882,-3000.35478406,5.0
1532,17388,1816750,52,0.06316284835338593,-2413.353759765625,593.0,91.97,908476,0.013995464891195297,0.022956132888793945,-3002.62558643,5.0
1536,17433,1821494,52,0.07172220200300217,-2415.921875,593.0,92.57,910848,0.014015077613294125,0.026200342923402786,-3004.8656676100004,5.0
1540,17479,1826238,52,0.06436802446842194,-2414.840576171875,593.0,93.51,913220,0.014267112128436565,0.026138508692383766,-3003.8103994799994,5.0
1544,17524,1830982,52,0.4397428631782532,-2425.78466796875,593.0,94.35,915592,0.015067427419126034,0.027461398392915726,-3003.8459111700004,5.0
1548,17569,1835726,52,0.6953750252723694,-2429.288330078125,593.0,94.92,917964,0.014978379011154175,0.025421222671866417,-3002.6947795600004,5.0
1552,17615,1840470,52,0.3042736351490021,-2427.43896484375,593.0,95.38,920336,0.014335202984511852,0.026902705430984497,-3002.766113050001,5.0
1556,17660,1845214,52,0.12007416039705276,-2424.16455078125,593.0,95.15,922708,0.014380182139575481,0.0317399837076664,-3004.3564028900005,5.0
1560,17706,1849958,52,0.11217406392097473,-2424.817138671875,593.0,95.16,925080,0.014168915338814259,0.022999726235866547,-3006.114840020001,5.0
1564,17751,1854702,52,0.09564205259084702,-2423.455078125,593.0,95.3,927452,0.014284647069871426,0.02583981491625309,-3008.6965464300006,5.0
1568,17796,1859446,52,0.07339019328355789,-2425.080810546875,593.0,95.86,929824,0.014176863245666027,0.021175513043999672,-3010.9218539500002,5.0
1572,17841,1864190,52,0.08039683103561401,-2422.52587890625,593.0,96.35,932196,0.014212234877049923,0.02828911878168583,-3012.2815151199993,5.0
1576,17886,1868934,52,0.0670253187417984,-2421.1025390625,593.0,96.76,934568,0.01414507906883955,0.024019155651330948,-3013.92718763,5.0
1580,17932,1873678,52,0.0874432846903801,-2421.340087890625,593.0,97.23,936940,0.014408028684556484,0.029195617884397507,-3015.4573484599996,5.0
1584,17977,1878422,52,0.061350006610155106,-2420.432861328125,593.0,97.55,939312,0.014259031973779202,0.021168434992432594,-3017.0439207500003,5.0
1588,18022,1883166,52,0.15513034164905548,-2423.7197265625,593.0,97.81,941684,0.014473306015133858,0.026345806196331978,-3017.8448872599997,5.0
1592,18068,1887910,52,0.2388519048690796,-2427.97802734375,593.0,93.93,944056,0.015286646783351898,0.03802952170372009,-3038.4659885099995,5.0
1596,18113,1892654,52,0.26630643010139465,-2431.86474609375,593.0,93.58,946428,0.015008920803666115,0.020097222179174423,-3043.14564897,5.0
1600,18158,1897398,52,0.12406834214925766,-2429.19921875,593.0,93.92,948800,0.014525574631989002,0.023495811969041824,-3044.9431331600003,5.0
1604,18203,1902142,52,0.09986912459135056,-2428.657958984375,593.0,94.09,951172,0.014463750645518303,0.023749999701976776,-3046.4560069099994,5.0
1608,18248,1906886,52,0.08231375366449356,-2427.650634765625,593.0,94.66,953544,0.014443839900195599,0.02327295020222664,-3048.3068961900003,5.0
1612,18293,1911630,52,0.06377694755792618,-2426.89404296875,593.0,95.23,955916,0.014252778142690659,0.021633094176650047,-3049.7888056700003,5.0
1616,18338,1916374,52,0.06133444234728813,-2425.44140625,593.0,95.63,958288,0.014288360252976418,0.02278348244726658,-3050.52620889,5.0
1620,18383,1921118,52,0.06281726062297821,-2424.040771484375,593.0,96.03,960660,0.014225666411221027,0.02739724889397621,-3051.4910869200003,5.0
1624,18428,1925862,52,0.06704210489988327,-2424.8193359375,593.0,96.59,963032,0.014162950217723846,0.021671442314982414,-3052.6053643200007,5.0
1628,18473,1930606,52,0.06765416264533997,-2423.942138671875,593.0,96.99,965404,0.014233537018299103,0.026565661653876305,-3053.7220253599994,5.0
1632,18518,1935350,52,0.0730462297797203,-2424.923828125,593.0,96.94,967776,0.014355217106640339,0.025996606796979904,-3055.6675971899995,5.0
1636,18563,1940094,52,0.05493148788809776,-2425.88525390625,593.0,97.02,970148,0.014380634762346745,0.019700001925230026,-3056.81263251,5.0
1640,18608,1944838,52,0.07209553569555283,-2424.77734375,593.0,96.68,972520,0.014438413083553314,0.021847598254680634,-3061.39849772,5.0
1644,18653,1949582,52,0.05443992465734482,-2425.89208984375,593.0,96.48,974892,0.01442642416805029,0.0234222449362278,-3065.3297194399997,5.0
1648,18698,1954326,52,0.08310119807720184,-2426.68017578125,593.0,95.96,977264,0.014489395543932915,0.022843025624752045,-3070.2623041899997,5.0
1652,18743,1959070,52,0.15557979047298431,-2430.04931640625,593.0,95.61,979636,0.01545419730246067,0.026106106117367744,-3073.41075977,5.0
1656,18788,1963814,52,0.17651009559631348,-2432.2451171875,593.0,95.61,982008,0.014867187477648258,0.020969882607460022,-3074.1727326699997,5.0
1660,18833,1968558,52,0.3179433047771454,-2437.564697265625,593.0,95.53,984380,0.015218439511954784,0.025567268952727318,-3074.13168446,5.0
1664,18879,1973302,52,0.282534122467041,-2440.07177734375,593.0,95.02,986752,0.015732664614915848,0.023139983415603638,-3073.7581080600003,5.0
1668,18924,1978046,52,0.26494908332824707,-2443.06640625,593.0,94.64,989124,0.015292180702090263,0.023380473256111145,-3073.3796768799994,5.0
1672,18969,1982790,52,0.12268273532390594,-2440.951171875,593.0,93.98,991496,0.014823872596025467,0.023486891761422157,-3074.29070363,5.0
1676,19014,1987534,52,0.10126417130231857,-2440.115234375,593.0,93.43,993868,0.014632869511842728,0.022664284333586693,-3075.7260145500004,5.0
1680,19059,1992278,52,0.07787743210792542,-2438.14306640625,593.0,92.62,996240,0.014508801512420177,0.024882692843675613,-3076.9220237100003,5.0
1684,19104,1997022,52,0.11177018284797668,-2438.7568359375,593.0,92.08,998612,0.014885170385241508,0.027399353682994843,-3077.8370897500004,5.0
