train/ent_coef,time/fps,time/time_elapsed,train/n_updates,rollout/ep_len_mean,time/total_timesteps,time/episodes,rollout/ep_rew_mean,train/critic_loss,train/actor_loss
0.5466939806938171,71,33,4542,593.0,2372,4,159.27901425000002,0.2443019449710846,-399.30181884765625
0.3146689832210541,84,56,9286,593.0,4744,8,305.707767,0.0705445259809494,-581.0711059570312
0.18493548035621643,90,78,14030,593.0,7116,12,440.66187633333334,0.03192952647805214,-625.665771484375
0.10925134271383286,92,102,18774,593.0,9488,16,547.4384375625,0.02231229469180107,-605.00537109375
0.06464546918869019,94,126,23518,593.0,11860,20,627.4366819499999,0.022794591262936592,-556.8772583007812
0.03834669664502144,95,149,28262,593.0,14232,24,687.5932380416667,0.030293546617031097,-499.8896179199219
0.02284788340330124,96,172,33006,593.0,16604,28,735.9279983214286,0.032862186431884766,-444.1753845214844
0.013707024045288563,96,196,37750,593.0,18976,32,778.88842378125,0.02036437764763832,-395.6800537109375
0.008405611850321293,97,219,42494,593.0,21348,36,821.2140357222222,0.014644566923379898,-356.075439453125
0.0053328899666666985,97,243,47238,593.0,23720,40,859.1849717250001,0.02409692481160164,-327.35009765625
0.0034927818924188614,97,266,51982,593.0,26092,44,889.65986925,0.04864854738116264,-308.2479248046875
0.0023390327114611864,98,290,56726,593.0,28464,48,914.8868256666668,0.04734594747424126,-293.35723876953125
0.0016527512343600392,98,313,61470,593.0,30836,52,937.7892507884616,0.04581893980503082,-283.0895080566406
0.0012930671218782663,98,336,66214,593.0,33208,56,957.9552662857142,0.03304702788591385,-273.5114440917969
0.001157269929535687,98,360,70958,593.0,35580,60,976.8600791333332,0.027684420347213745,-264.57965087890625
0.0011885088169947267,99,383,75702,593.0,37952,64,994.8598387187499,0.027662791311740875,-259.15728759765625
0.0011412256862968206,99,407,80446,593.0,40324,68,1011.738671470588,0.02391587384045124,-254.7229461669922
0.0011315176961943507,99,430,85190,593.0,42696,72,1027.1636364583333,0.022451775148510933,-251.41036987304688
0.0011899457313120365,99,454,89934,593.0,45068,76,1042.4291503157895,0.01783386617898941,-248.33937072753906
0.0012004920281469822,99,478,94678,593.0,47440,80,1056.8620644625,0.017276866361498833,-245.89984130859375
0.001226547290571034,99,502,99422,593.0,49812,84,1070.5252347619048,0.023701896890997887,-245.0481414794922
0.0012304855044931173,99,527,104166,593.0,52184,88,1083.7400605227274,0.012941502034664154,-243.77134704589844
0.0012272351887077093,98,551,108910,593.0,54556,92,1096.8089640869566,0.011995972134172916,-242.93252563476562
0.0012597161112353206,98,575,113654,593.0,56928,96,1109.506262625,0.011047204956412315,-242.627197265625
0.001335415057837963,98,599,118398,593.0,59300,100,1121.78590003,0.010982216335833073,-242.1223907470703
0.0013377540744841099,99,622,123142,593.0,61672,104,1172.05536177,0.01154223084449768,-242.83084106445312
0.0013082883087918162,99,646,127886,593.0,64044,108,1210.70187571,0.011577977798879147,-243.57293701171875
0.001311546890065074,99,670,132630,593.0,66416,112,1239.32712272,0.012141416780650616,-244.0726776123047
0.001358088687993586,99,694,137374,593.0,68788,116,1261.91547984,0.009190572425723076,-244.06268310546875
0.001360929338261485,99,717,142118,593.0,71160,120,1281.8491283599997,0.010205233469605446,-244.604736328125
0.001380904926918447,99,741,146862,593.0,73532,124,1300.35617483,0.00854441337287426,-245.66751098632812
0.0013983423123136163,99,765,151606,593.0,75904,128,1317.42672937,0.009642881341278553,-245.9524688720703
0.0013988798018544912,99,788,156350,593.0,78276,132,1332.3315030400001,0.008934371173381805,-245.84463500976562
0.0014234697446227074,99,812,161094,593.0,80648,136,1344.5388355300001,0.01011600811034441,-246.18527221679688
0.00143987697083503,99,837,165838,593.0,83020,140,1355.41059752,0.007966795936226845,-246.81724548339844
0.0014587544137611985,99,861,170582,593.0,85392,144,1366.8582712599998,0.01010905858129263,-247.4583282470703
0.00148584705311805,99,885,175326,593.0,87764,148,1378.27797502,0.00871467124670744,-248.42706298828125
0.0014579923590645194,99,909,180070,593.0,90136,152,1389.0595208599998,0.00879186112433672,-248.9630584716797
0.0014781408244743943,99,933,184814,593.0,92508,156,1399.7714913199995,0.009786692447960377,-249.34451293945312
0.0014925539726391435,99,957,189558,593.0,94880,160,1409.7277238499998,0.007356514688581228,-249.49835205078125
0.001496116747148335,99,980,194302,593.0,97252,164,1418.9838917599998,0.008786089718341827,-249.59320068359375
0.0015028909547254443,99,1004,199046,593.0,99624,168,1427.61340997,0.00894239079207182,-250.16778564453125
0.001529479632154107,99,1028,203790,593.0,101996,172,1435.8900428,0.007415393367409706,-250.9149932861328
0.0015177523018792272,99,1052,208534,593.0,104368,176,1443.2985701599996,0.007622274570167065,-251.24069213867188
0.0015290939481928945,99,1075,213278,593.0,106740,180,1450.30902855,0.008374772034585476,-251.82711791992188
0.0015274157049134374,99,1099,218022,593.0,109112,184,1456.9301488899998,0.00886570941656828,-252.08621215820312
0.0015127090737223625,99,1124,222766,593.0,111484,188,1462.6165324,0.008485791273415089,-252.17828369140625
0.0015500204171985388,99,1148,227510,593.0,113856,192,1467.80882866,0.008357451297342777,-252.9246063232422
0.001511449576355517,99,1172,232254,593.0,116228,196,1472.33946169,0.008741104044020176,-253.06979370117188
0.0015344624407589436,99,1196,236998,593.0,118600,200,1476.3210990300001,0.007884246297180653,-252.803955078125
0.001558735966682434,99,1220,241742,593.0,120972,204,1480.5484798,0.006897337734699249,-253.82080078125
0.0015662782825529575,99,1245,246486,593.0,123344,208,1484.79167346,0.00823595654219389,-253.7838134765625
0.0015747352736070752,99,1269,251230,593.0,125716,212,1488.9069421900003,0.008820484392344952,-254.43731689453125
0.0015878218691796064,99,1293,255974,593.0,128088,216,1492.7645539300001,0.008816913701593876,-255.29913330078125
0.0016001355834305286,99,1317,260718,593.0,130460,220,1496.1888611299999,0.009130297228693962,-254.8106689453125
0.001595585374161601,99,1341,265462,593.0,132832,224,1499.5380270499998,0.007357157766819,-255.45640563964844
0.0015961911994963884,99,1365,270206,593.0,135204,228,1502.8340761000002,0.00822299811989069,-255.489990234375
0.0016073047881945968,98,1389,274950,593.0,137576,232,1506.2755934400002,0.007786598522216082,-256.49896240234375
0.001601210213266313,98,1413,279694,593.0,139948,236,1509.1935490199996,0.007288647815585136,-256.461669921875
0.0015848975162953138,98,1437,284438,593.0,142320,240,1511.85760596,0.007346149999648333,-256.6885986328125
0.0016169985756278038,98,1461,289182,593.0,144692,244,1514.25013133,0.0072478330694139,-257.56207275390625
0.001607923419214785,98,1485,293926,593.0,147064,248,1517.0614013999998,0.007269718684256077,-257.18548583984375
0.0016224056016653776,98,1510,298670,593.0,149436,252,1519.6316294100002,0.00806663278490305,-257.8746337890625
0.0016255874652415514,98,1534,303414,593.0,151808,256,1522.12435288,0.006472412031143904,-258.38922119140625
0.0016464790096506476,98,1558,308158,593.0,154180,260,1524.38297085,0.008247831836342812,-257.7402648925781
0.0016339978901669383,98,1582,312902,593.0,156552,264,1526.55192018,0.008181177079677582,-258.37921142578125
0.0016374842962250113,98,1606,317646,593.0,158924,268,1528.7129877800003,0.007393862120807171,-259.0836181640625
0.0016123574459925294,98,1630,322390,593.0,161296,272,1530.9253068799997,0.006526175886392593,-259.2291259765625
0.001639768248423934,98,1654,327134,593.0,163668,276,1533.1897612599998,0.006305111572146416,-260.2100830078125
0.0016313702799379826,98,1678,331878,593.0,166040,280,1535.0168340399998,0.008127600885927677,-259.9459228515625
0.001634172280319035,98,1702,336622,593.0,168412,284,1537.0592460799996,0.007796045392751694,-260.1127624511719
0.0016350781079381704,98,1726,341366,593.0,170784,288,1539.44749128,0.008088339120149612,-260.75518798828125
0.0016524848761036992,98,1750,346110,593.0,173156,292,1541.65274853,0.008336768485605717,-260.63037109375
0.0016878073802217841,98,1774,350854,593.0,175528,296,1543.82574315,0.008262082003057003,-261.17059326171875
0.0016606739955022931,98,1798,355598,593.0,177900,300,1545.7738727499998,0.0073508587665855885,-261.19000244140625
0.0016674496000632644,98,1822,360342,593.0,180272,304,1547.74607085,0.007895909249782562,-261.6192932128906
0.0016497890464961529,98,1846,365086,593.0,182644,308,1549.74174935,0.008510081097483635,-261.16229248046875
0.001679929788224399,98,1870,369830,593.0,185016,312,1551.54446043,0.007155713625252247,-261.1656799316406
0.001679459703154862,98,1894,374574,593.0,187388,316,1553.4037072099998,0.009640499949455261,-261.6760559082031
0.0017121349228546023,98,1918,379318,593.0,189760,320,1555.3201749799998,0.00903147179633379,-262.03179931640625
0.0016799627337604761,98,1942,384062,593.0,192132,324,1556.84374981,0.00953077431768179,-262.4490051269531
0.0016849800013005733,98,1966,388806,593.0,194504,328,1558.5325007000001,0.008051082491874695,-262.557373046875
0.0016921419883146882,98,1990,393550,593.0,196876,332,1560.09873486,0.008996780961751938,-262.66705322265625
0.0016872528940439224,98,2014,398294,593.0,199248,336,1561.83059314,0.009759862907230854,-262.48382568359375
0.0016837978037074208,98,2038,403038,593.0,201620,340,1563.48538001,0.00983559712767601,-263.02423095703125
0.0016855313442647457,98,2062,407782,593.0,203992,344,1564.8451835499998,0.008225840516388416,-263.38970947265625
0.001686436589807272,98,2086,412526,593.0,206364,348,1566.08270742,0.00967930257320404,-263.6282653808594
0.001669393852353096,98,2110,417270,593.0,208736,352,1567.37284715,0.007440214045345783,-263.78106689453125
0.0016850772080942988,98,2134,422014,593.0,211108,356,1568.6870375600001,0.007444415707141161,-263.4191589355469
0.001697758212685585,98,2158,426758,593.0,213480,360,1570.26457347,0.009254362434148788,-263.381103515625
0.0016930879792198539,98,2182,431502,593.0,215852,364,1571.90949146,0.008471117354929447,-263.5333251953125
0.0016813842812553048,98,2205,436246,593.0,218224,368,1573.5750394299998,0.00915142334997654,-263.99566650390625
0.0016909620026126504,98,2229,440990,593.0,220596,372,1575.04857914,0.0076531716622412205,-264.6104736328125
0.001682017813436687,98,2253,445734,593.0,222968,376,1576.43087354,0.009301104582846165,-264.5291442871094
0.0016878548776730895,98,2277,450478,593.0,225340,380,1578.1400045399996,0.008392208255827427,-264.41943359375
0.0016725045861676335,98,2301,455222,593.0,227712,384,1579.5321982599999,0.008155393414199352,-264.4757080078125
0.0016649102326482534,98,2325,459966,593.0,230084,388,1580.674417,0.009429245255887508,-265.30218505859375
0.0016873672138899565,98,2349,464710,593.0,232456,392,1581.85744401,0.009910600259900093,-265.02947998046875
0.0016957930056378245,98,2373,469454,593.0,234828,396,1582.99190067,0.01166441198438406,-265.3709716796875
0.0016929135890677571,98,2397,474198,593.0,237200,400,1584.3497426899996,0.010389886796474457,-265.4335632324219
0.0016978197963908315,98,2421,478942,593.0,239572,404,1585.5492879800004,0.011458521708846092,-265.458740234375
0.0016844288911670446,98,2446,483686,593.0,241944,408,1586.6233390500001,0.008501502685248852,-265.95819091796875
0.0016750497743487358,98,2470,488430,593.0,244316,412,1587.7356451499998,0.011065072380006313,-265.51275634765625
0.0016971350414678454,98,2494,493174,593.0,246688,416,1588.84403949,0.007994848303496838,-265.61285400390625
0.0016737283440306783,98,2518,497918,593.0,249060,420,1589.8130730800005,0.010101454332470894,-265.6392822265625
0.001676129992119968,98,2542,502662,593.0,251432,424,1590.8677811800005,0.011254644021391869,-266.097900390625
0.001689540222287178,98,2566,507406,593.0,253804,428,1591.9138250400001,0.010572121478617191,-266.24652099609375
0.0016873888671398163,98,2590,512150,593.0,256176,432,1592.9755186299997,0.010392255149781704,-266.2600402832031
0.0017302425112575293,98,2615,516894,593.0,258548,436,1593.71440794,0.014157974161207676,-266.4274597167969
0.0017081416444852948,98,2639,521638,593.0,260920,440,1594.5081689300005,0.009660140611231327,-266.8075256347656
0.0016763913445174694,98,2663,526382,593.0,263292,444,1595.62094019,0.012736797332763672,-266.95794677734375
0.0017007521819323301,98,2686,531126,593.0,265664,448,1596.6368826799996,0.011287112720310688,-266.88885498046875
0.0016635048668831587,98,2710,535870,593.0,268036,452,1597.5800233099997,0.009808102622628212,-267.27130126953125
0.00167629134375602,98,2734,540614,593.0,270408,456,1598.44538828,0.010971595533192158,-267.0098876953125
0.001660513924434781,98,2757,545358,593.0,272780,460,1599.3558170499998,0.013285627588629723,-267.8179931640625
0.0016682837158441544,98,2780,550102,593.0,275152,464,1599.9598156299999,0.013239593245089054,-267.75311279296875
0.0017143022269010544,98,2804,554846,593.0,277524,468,1600.5360019399998,0.012819680385291576,-267.89727783203125
0.0016685223672538996,98,2828,559590,593.0,279896,472,1601.37641106,0.01218395121395588,-268.1134033203125
0.0016783660976216197,98,2852,564334,593.0,282268,476,1602.0906067899998,0.010838927701115608,-267.8155822753906
0.001673601334914565,98,2877,569078,593.0,284640,480,1602.8241871700002,0.007615985348820686,-268.27874755859375
0.0016734227538108826,98,2901,573822,593.0,287012,484,1603.1344455400001,0.011526200920343399,-268.48748779296875
0.001677634078077972,98,2925,578566,593.0,289384,488,1603.82620409,0.015238760970532894,-268.6242980957031
0.0016603033291175961,98,2949,583310,593.0,291756,492,1604.4422912999999,0.011267434805631638,-268.17938232421875
0.0016646157018840313,98,2974,588054,593.0,294128,496,1605.11184701,0.013794866390526295,-268.4470520019531
0.0017142900032922626,98,2998,592798,593.0,296500,500,1605.68335309,0.012161314487457275,-268.36553955078125
0.0016996933845803142,98,3022,597542,593.0,298872,504,1606.2860208700004,0.012175269424915314,-268.7935791015625
0.0016494429437443614,98,3046,602286,593.0,301244,508,1606.95287161,0.008895023725926876,-268.9271240234375
0.0016612069448456168,98,3070,607030,593.0,303616,512,1607.65336159,0.01275247149169445,-268.9537048339844
0.0016480734338983893,98,3094,611774,593.0,305988,516,1608.3993749499998,0.010271688923239708,-269.2152099609375
0.0016838820884004235,98,3119,616518,593.0,308360,520,1609.02281952,0.010048305615782738,-269.28704833984375
0.0016692664939910173,98,3143,621262,593.0,310732,524,1609.9702156199999,0.012555094435811043,-269.4061279296875
0.001673883874900639,98,3167,626006,593.0,313104,528,1610.5800569800003,0.01235211081802845,-269.24224853515625
0.0016672188648954034,98,3191,630750,593.0,315476,532,1611.29500173,0.009943549521267414,-269.2158203125
0.0016641871770843863,98,3215,635494,593.0,317848,536,1612.1810395300001,0.009854366071522236,-269.7141418457031
0.0016683799913153052,98,3239,640238,593.0,320220,540,1613.0005544700002,0.010565020143985748,-269.7210693359375
0.0016682177083566785,98,3263,644982,593.0,322592,544,1613.7862098600003,0.010247179307043552,-269.29840087890625
0.001653940067626536,98,3287,649726,593.0,324964,548,1614.5936622299998,0.011040102690458298,-269.6952209472656
0.001669619232416153,98,3310,654470,593.0,327336,552,1615.51030762,0.010720264166593552,-269.57611083984375
0.0016818806761875749,98,3334,659214,593.0,329708,556,1616.29773996,0.009332766756415367,-270.07928466796875
0.001664916635490954,98,3358,663958,593.0,332080,560,1616.8846387900003,0.00922219268977642,-269.7985534667969
0.001661723479628563,98,3382,668702,593.0,334452,564,1617.62857331,0.011310853064060211,-269.8123779296875
0.0017322888597846031,98,3406,673446,593.0,336824,568,1618.4119056500003,0.01095742080360651,-269.71575927734375
0.001677321968600154,98,3430,678190,593.0,339196,572,1619.2076616999998,0.00864534080028534,-270.18896484375
0.001690821722149849,98,3454,682934,593.0,341568,576,1619.7758689900002,0.009118996560573578,-270.30072021484375
0.0016770700458437204,98,3478,687678,593.0,343940,580,1620.4755156,0.007881280966103077,-270.13946533203125
0.0016834147972986102,98,3502,692422,593.0,346312,584,1621.42176711,0.010220254771411419,-270.6308288574219
0.001674516242928803,98,3526,697166,593.0,348684,588,1622.2688795000001,0.009315570816397667,-270.4905090332031
0.0016464750515297055,98,3550,701910,593.0,351056,592,1622.84261402,0.01382087729871273,-271.0184020996094
0.0016838499577715993,98,3574,706654,593.0,353428,596,1623.45748783,0.016061298549175262,-270.76226806640625
0.001659200992435217,98,3597,711398,593.0,355800,600,1623.7729743899995,0.01370633952319622,-270.70770263671875
0.0016521200304850936,98,3621,716142,593.0,358172,604,1624.2009026199999,0.012158839963376522,-270.875
0.0016383215552195907,98,3646,720886,593.0,360544,608,1624.6563012999998,0.010798252187669277,-270.98516845703125
0.0016660070978105068,98,3670,725630,593.0,362916,612,1625.23643404,0.010533255524933338,-270.78729248046875
0.0018318862421438098,98,3695,730374,593.0,365288,616,1625.2332501399997,0.03369778022170067,-271.10186767578125
0.0018239369383081794,98,3719,735118,593.0,367660,620,1624.57014232,0.051929108798503876,-271.6185607910156
0.001713668811134994,98,3744,739862,593.0,370032,624,1623.3158004,0.017092594876885414,-271.6553649902344
0.0017261698376387358,98,3768,744606,593.0,372404,628,1622.77938715,0.021782947704195976,-271.8639221191406
0.001686041010543704,98,3792,749350,593.0,374776,632,1622.7921725,0.01182996854186058,-271.63226318359375
0.0016623345436528325,98,3816,754094,593.0,377148,636,1622.8135508100004,0.015248858369886875,-271.60302734375
0.0016333574894815683,98,3840,758838,593.0,379520,640,1623.0729093900002,0.024602919816970825,-272.022705078125
0.0016021833289414644,98,3863,763582,593.0,381892,644,1623.1234823200002,0.021959831938147545,-271.72576904296875
0.0016206488944590092,98,3887,768326,593.0,384264,648,1623.1680572200003,0.010736200027167797,-271.6612548828125
0.0016235996736213565,98,3911,773070,593.0,386636,652,1623.3759109,0.010877727530896664,-271.7069091796875
0.0016532627632841468,98,3935,777814,593.0,389008,656,1623.3809685400001,0.0189129076898098,-271.9079895019531
0.001610784325748682,98,3959,782558,593.0,391380,660,1623.5952085400004,0.013567979447543621,-272.0248107910156
0.001658944645896554,98,3983,787302,593.0,393752,664,1623.8072627199997,0.012690572999417782,-271.69146728515625
0.0016330607468262315,98,4007,792046,593.0,396124,668,1623.9931905300002,0.0163266584277153,-272.1851806640625
0.0016363697359338403,98,4030,796790,593.0,398496,672,1624.0776514700003,0.015835223719477654,-272.52313232421875
0.0016126702539622784,98,4054,801534,593.0,400868,676,1624.51890916,0.013724216260015965,-272.239501953125
0.0016690150368958712,98,4078,806278,593.0,403240,680,1624.6599561000005,0.009443029761314392,-272.30657958984375
0.0016201436519622803,98,4101,811022,593.0,405612,684,1624.90956646,0.014540047384798527,-272.806396484375
0.0016272548818960786,98,4125,815766,593.0,407984,688,1624.9456958700002,0.010234071873128414,-272.7381286621094
0.0016106737311929464,98,4148,820510,593.0,410356,692,1625.1377612899994,0.010931012220680714,-272.77423095703125
0.0016183615662157536,98,4172,825254,593.0,412728,696,1625.28054871,0.02021961286664009,-272.6986083984375
0.0016154362820088863,98,4195,829998,593.0,415100,700,1625.7072184900003,0.012375242076814175,-272.42376708984375
0.0016064865048974752,98,4219,834742,593.0,417472,704,1626.0679936899999,0.011273163370788097,-273.0101318359375
0.0016222192207351327,98,4242,839486,593.0,419844,708,1626.16877587,0.008345522917807102,-273.16021728515625
0.001656471285969019,98,4266,844230,593.0,422216,712,1626.2349341500003,0.012146598659455776,-272.616943359375
0.0015888996422290802,98,4290,848974,593.0,424588,716,1626.39812084,0.01143560465425253,-272.9105529785156
0.0016158963553607464,98,4314,853718,593.0,426960,720,1627.6042514199999,0.01396798063069582,-272.84814453125
0.0015924425097182393,98,4338,858462,593.0,429332,724,1629.19187355,0.014067459851503372,-272.9486999511719
0.0015815922524780035,98,4362,863206,593.0,431704,728,1630.36628874,0.011781266890466213,-273.3113098144531
0.0015819083200767636,98,4386,867950,593.0,434076,732,1630.90864766,0.010214555077254772,-273.2976379394531
0.0015897825360298157,98,4410,872694,593.0,436448,736,1631.58107079,0.01111623365432024,-273.0322265625
0.0015955489361658692,98,4434,877438,593.0,438820,740,1632.1348354000004,0.015221705660223961,-272.77557373046875
0.00157731375657022,98,4459,882182,593.0,441192,744,1632.6516469399999,0.013345692306756973,-273.00274658203125
0.0015425578458234668,98,4483,886926,593.0,443564,748,1633.0435509699998,0.011873162351548672,-273.1917724609375
0.0016037824098020792,98,4507,891670,593.0,445936,752,1633.1575434299998,0.010938901454210281,-273.12457275390625
0.0015825489535927773,98,4531,896414,593.0,448308,756,1633.7413601999997,0.01846647635102272,-273.40338134765625
0.0015564663335680962,98,4556,901158,593.0,450680,760,1634.06602595,0.013607018627226353,-273.2060546875
0.0015875871758908033,98,4580,905902,593.0,453052,764,1634.42623214,0.011438984423875809,-273.3932189941406
0.0015915087424218655,98,4604,910646,593.0,455424,768,1634.7349268499997,0.015056652016937733,-273.2452087402344
0.0016741967992857099,98,4628,915390,593.0,457796,772,1634.3071892300002,0.017914507538080215,-273.8703308105469
0.001666720607317984,98,4653,920134,593.0,460168,776,1633.7573126999998,0.022487983107566833,-273.84088134765625
0.0017560641281306744,98,4677,924878,593.0,462540,780,1633.0701064300001,0.02167745865881443,-273.938232421875
0.0016384185291826725,98,4701,929622,593.0,464912,784,1632.6688311599999,0.013019285164773464,-273.6420593261719
0.0015985843492671847,98,4725,934366,593.0,467284,788,1632.78350546,0.014468936249613762,-274.0006103515625
0.0015650807181373239,98,4748,939110,593.0,469656,792,1632.6517685800002,0.01946237124502659,-273.8882141113281
0.0016071691643446684,98,4773,943854,593.0,472028,796,1633.0036704600002,0.012019001878798008,-273.8235778808594
0.0015461058355867863,98,4797,948598,593.0,474400,800,1633.5369845300002,0.010838243179023266,-273.77532958984375
0.0015695476904511452,98,4821,953342,593.0,476772,804,1633.89249273,0.01744554005563259,-273.6560974121094
0.001569402520544827,98,4845,958086,593.0,479144,808,1634.3967766399999,0.010064251720905304,-273.8211364746094
0.0015624247025698423,98,4870,962830,593.0,481516,812,1634.84031744,0.010256494395434856,-273.5924987792969
0.0015728531870990992,98,4894,967574,593.0,483888,816,1635.59764281,0.009038051590323448,-274.025146484375
0.0015853041550144553,98,4919,972318,593.0,486260,820,1635.9800044000003,0.00970559660345316,-273.595458984375
0.0015678235795348883,98,4943,977062,593.0,488632,824,1636.57966523,0.010899675078690052,-273.487548828125
0.0015656615141779184,98,4967,981806,593.0,491004,828,1636.93087653,0.01200153399258852,-273.59881591796875
0.0017405780963599682,98,4991,986550,593.0,493376,832,1636.8665538500002,0.04544830322265625,-273.6412658691406
0.0016977955820038915,98,5015,991294,593.0,495748,836,1636.02612976,0.01575033739209175,-274.1001892089844
0.0016753148520365357,98,5039,996038,593.0,498120,840,1635.23187417,0.018926799297332764,-274.8258361816406
0.0016951801953837276,98,5064,1000782,593.0,500492,844,1634.25525975,0.019840871915221214,-274.8520202636719
0.0016071745194494724,98,5089,1005526,593.0,502864,848,1633.45347289,0.010865073651075363,-274.804931640625
0.0015862236032262444,98,5113,1010270,593.0,505236,852,1633.10377178,0.013383816927671432,-274.8505859375
0.0015679955249652267,98,5138,1015014,593.0,507608,856,1633.30816086,0.01322190836071968,-274.63897705078125
0.0015687320847064257,98,5161,1019758,593.0,509980,860,1633.48780711,0.015204920433461666,-274.7112121582031
0.0015818126266822219,98,5185,1024502,593.0,512352,864,1633.7956261600002,0.012365833856165409,-274.3477478027344
0.001554751885123551,98,5210,1029246,593.0,514724,868,1634.0007884699999,0.010882259346544743,-273.9298095703125
0.0015439362032338977,98,5234,1033990,593.0,517096,872,1635.0157658199998,0.013769294135272503,-274.2280578613281
0.0015365740982815623,98,5258,1038734,593.0,519468,876,1636.0771762600002,0.011031550355255604,-274.5784912109375
0.0015369185712188482,98,5282,1043478,593.0,521840,880,1637.32593984,0.013101405464112759,-274.33514404296875
0.0015236926265060902,98,5307,1048222,593.0,524212,884,1638.3925014399997,0.009000581689178944,-274.1814270019531
0.0015454307431355119,98,5331,1052966,593.0,526584,888,1638.7891740999999,0.010741029866039753,-274.076171875
0.0015808881726115942,98,5355,1057710,593.0,528956,892,1639.56320411,0.012909096665680408,-274.155517578125
0.001543948776088655,98,5378,1062454,593.0,531328,896,1639.8323048999998,0.011281337589025497,-274.208984375
0.0015503137838095427,98,5403,1067198,593.0,533700,900,1639.9822492199999,0.010734262876212597,-274.2064208984375
0.0015674557071179152,98,5427,1071942,593.0,536072,904,1639.9866716700003,0.010105784982442856,-274.44659423828125
0.0016248986357823014,98,5451,1076686,593.0,538444,908,1639.8870079500002,0.021701863035559654,-274.2474060058594
0.0016234456561505795,98,5475,1081430,593.0,540816,912,1639.2265783999997,0.01786017045378685,-274.7129821777344
0.0016330451471731067,98,5499,1086174,593.0,543188,916,1638.05081426,0.014489483088254929,-274.99359130859375
0.0016792250098660588,98,5523,1090918,593.0,545560,920,1636.88126652,0.014861523173749447,-275.3258361816406
0.0016184711130335927,98,5547,1095662,593.0,547932,924,1635.6509043699998,0.015094775706529617,-274.533203125
0.0015615414595231414,98,5571,1100406,593.0,550304,928,1635.2747379099999,0.015042860992252827,-274.8653259277344
0.0015556715661659837,98,5596,1105150,593.0,552676,932,1635.5611127499997,0.011650706641376019,-274.58587646484375
0.0015173956053331494,98,5620,1109894,593.0,555048,936,1636.66751804,0.01402918342500925,-274.80645751953125
0.0015435137320309877,98,5644,1114638,593.0,557420,940,1637.88026797,0.012711904011666775,-275.05999755859375
0.0015378906391561031,98,5668,1119382,593.0,559792,944,1639.56195129,0.01726016402244568,-274.7744140625
0.001524073421023786,98,5692,1124126,593.0,562164,948,1640.79984788,0.010196628049015999,-274.44110107421875
0.0015436852118000388,98,5717,1128870,593.0,564536,952,1641.7210001899998,0.019199850037693977,-274.6580505371094
0.0015502243768423796,98,5741,1133614,593.0,566908,956,1641.8750454700003,0.014709421433508396,-274.730224609375
0.0015497218118980527,98,5765,1138358,593.0,569280,960,1641.9291129299995,0.009956419467926025,-274.24163818359375
0.0015235320897772908,98,5790,1143102,593.0,571652,964,1642.0119035499997,0.01360993180423975,-274.6789245605469
0.001513320254161954,98,5814,1147846,593.0,574024,968,1642.1383973299996,0.015268906950950623,-274.54656982421875
0.0015322944382205606,98,5838,1152590,593.0,576396,972,1642.3345809199998,0.0077057816088199615,-274.08441162109375
0.0015413947403430939,98,5862,1157334,593.0,578768,976,1642.52726935,0.012956518679857254,-274.5321350097656
0.0015384986763820052,98,5886,1162078,593.0,581140,980,1642.61886709,0.011234583333134651,-274.4151611328125
0.0015815674560144544,98,5911,1166822,593.0,583512,984,1642.3289151800002,0.020233171060681343,-274.5971984863281
0.0015552169643342495,98,5935,1171566,593.0,585884,988,1642.60965582,0.010421290062367916,-274.77386474609375
0.0015545400092378259,98,5959,1176310,593.0,588256,992,1642.52453809,0.012411577627062798,-274.8647155761719
0.0015539766754955053,98,5983,1181054,593.0,590628,996,1642.48527458,0.01345736812800169,-275.0916748046875
0.0015218526823446155,98,6008,1185798,593.0,593000,1000,1642.6757205300005,0.011614134535193443,-275.00469970703125
0.0015403521247208118,98,6032,1190542,593.0,595372,1004,1642.9018635999998,0.009967776946723461,-274.7637939453125
0.0015273726312443614,98,6057,1195286,593.0,597744,1008,1643.39749081,0.010110833682119846,-274.8428039550781
0.0015258804196491838,98,6081,1200030,593.0,600116,1012,1644.2486637499999,0.00956409890204668,-274.64117431640625
0.0015357054071500897,98,6105,1204774,593.0,602488,1016,1645.9209882299995,0.014091414399445057,-275.1960144042969
0.0015287635615095496,98,6129,1209518,593.0,604860,1020,1647.50946932,0.010032967664301395,-274.996337890625
0.0015227048425003886,98,6154,1214262,593.0,607232,1024,1648.9518456499998,0.012598293833434582,-275.0458984375
0.0015333733754232526,98,6178,1219006,593.0,609604,1028,1649.6724475299998,0.011741003021597862,-275.09747314453125
0.0015330282039940357,98,6202,1223750,593.0,611976,1032,1650.1506708599998,0.011059235781431198,-275.0723571777344
0.0015258213970810175,98,6226,1228494,593.0,614348,1036,1650.4332387699997,0.011943869292736053,-275.203369140625
0.0015009521739557385,98,6251,1233238,593.0,616720,1040,1650.51241515,0.011454124003648758,-275.1201171875
0.0015021816361695528,98,6275,1237982,593.0,619092,1044,1650.59108054,0.010040855966508389,-275.302734375
0.0015388955362141132,98,6299,1242726,593.0,621464,1048,1651.17309937,0.010290099307894707,-275.1709289550781
0.001533714821562171,98,6323,1247470,593.0,623836,1052,1651.60545674,0.010383512824773788,-274.97369384765625
0.0015359008684754372,98,6347,1252214,593.0,626208,1056,1651.9006309100002,0.010985511355102062,-275.0599670410156
0.0015217968029901385,98,6372,1256958,593.0,628580,1060,1652.3413815499998,0.009263184852898121,-275.12078857421875
0.0015362928388640285,98,6396,1261702,593.0,630952,1064,1652.5272967199999,0.017967185005545616,-274.8582458496094
0.0015868650516495109,98,6420,1266446,593.0,633324,1068,1652.7955779599997,0.027831092476844788,-275.0607604980469
0.001531542162410915,98,6444,1271190,593.0,635696,1072,1652.2814417700004,0.010704787448048592,-275.1426696777344
0.0015788879245519638,98,6467,1275934,593.0,638068,1076,1652.0335192800005,0.010117152705788612,-275.1221923828125
0.0015623620711266994,98,6492,1280678,593.0,640440,1080,1652.1056093900002,0.012879116460680962,-275.3532409667969
0.001573739922605455,98,6515,1285422,593.0,642812,1084,1652.5170470599996,0.026999805122613907,-275.49822998046875
0.0015246309340000153,98,6539,1290166,593.0,645184,1088,1652.63866011,0.013635621406137943,-274.93231201171875
0.0015394695801660419,98,6563,1294910,593.0,647556,1092,1653.1417973700002,0.011995411477982998,-275.0372009277344
0.0015021300641819835,98,6587,1299654,593.0,649928,1096,1653.71144291,0.011055310256779194,-275.2767333984375
0.0015025284374132752,98,6612,1304398,593.0,652300,1100,1653.7836046,0.01541908085346222,-275.3772277832031
0.001503191888332367,98,6636,1309142,593.0,654672,1104,1654.03396759,0.010240346193313599,-275.345703125
0.0015089312801137567,98,6661,1313886,593.0,657044,1108,1654.14105091,0.010641325265169144,-275.4625244140625
0.0015173529973253608,98,6685,1318630,593.0,659416,1112,1654.45064242,0.013666364364326,-275.5596923828125
0.001527349348179996,98,6710,1323374,593.0,661788,1116,1654.30043485,0.013185476884245872,-275.52362060546875
0.0015267188427969813,98,6734,1328118,593.0,664160,1120,1654.4698348,0.012658176012337208,-275.6560974121094
0.0015271615702658892,98,6758,1332862,593.0,666532,1124,1654.4749140900003,0.01282759290188551,-275.74481201171875
0.0016751590883359313,98,6782,1337606,593.0,668904,1128,1654.3946369400003,0.03374156728386879,-276.038330078125
0.0016958997584879398,98,6806,1342350,593.0,671276,1132,1653.3536436699997,0.02999846823513508,-276.9184265136719
0.0016584519762545824,98,6831,1347094,593.0,673648,1136,1651.7877716199996,0.017191102728247643,-277.1788024902344
0.001751053729094565,98,6854,1351838,593.0,676020,1140,1650.29273402,0.039659734815359116,-277.63568115234375
0.0017079290701076388,98,6879,1356582,593.0,678392,1144,1648.7005951099998,0.01669277995824814,-278.08642578125
0.0016461703926324844,98,6903,1361326,593.0,680764,1148,1647.2383070099997,0.03206948563456535,-277.38433837890625
0.001635266002267599,98,6927,1366070,593.0,683136,1152,1646.35768256,0.02962500974535942,-277.48101806640625
0.0015755975618958473,98,6951,1370814,593.0,685508,1156,1645.97967385,0.018336569890379906,-277.1226501464844
0.0015786199364811182,98,6976,1375558,593.0,687880,1160,1645.71679558,0.011291981674730778,-276.748779296875
0.0015940744196996093,98,7000,1380302,593.0,690252,1164,1645.58319262,0.015368493273854256,-276.88421630859375
0.0015394489746540785,98,7024,1385046,593.0,692624,1168,1645.5169702000003,0.023539388552308083,-276.8642578125
0.0015223295195028186,98,7048,1389790,593.0,694996,1172,1646.11651623,0.015723304823040962,-276.58514404296875
0.0015445591416209936,98,7073,1394534,593.0,697368,1176,1646.3606407599998,0.014295478351414204,-276.51922607421875
0.0015222635120153427,98,7097,1399278,593.0,699740,1180,1646.3751778399999,0.011163445189595222,-276.2110900878906
0.0015194931766018271,98,7121,1404022,593.0,702112,1184,1646.4339859399997,0.013885756954550743,-276.4342041015625
0.0015276034828275442,98,7146,1408766,593.0,704484,1188,1646.43093567,0.01202788483351469,-276.076904296875
0.0015182034112513065,98,7170,1413510,593.0,706856,1192,1646.3672332900003,0.014652394689619541,-276.1190490722656
0.0015403969446197152,98,7194,1418254,593.0,709228,1196,1646.17335142,0.010569171980023384,-276.15863037109375
0.0015276020858436823,98,7218,1422998,593.0,711600,1200,1646.3190340500003,0.010915122926235199,-276.6334228515625
0.001537100994028151,98,7243,1427742,593.0,713972,1204,1646.2963234500003,0.01629185676574707,-276.22442626953125
0.001538004376925528,98,7267,1432486,593.0,716344,1208,1646.2800739700003,0.012970095500349998,-276.3197021484375
0.0015455464599654078,98,7291,1437230,593.0,718716,1212,1646.2651226000003,0.010688203386962414,-276.396240234375
0.0015068971551954746,98,7315,1441974,593.0,721088,1216,1646.3989939100004,0.01489311084151268,-276.61865234375
0.0015449650818482041,98,7339,1446718,593.0,723460,1220,1646.4113216199999,0.011891220696270466,-276.3955383300781
0.0015229930868372321,98,7363,1451462,593.0,725832,1224,1646.72713506,0.011059748008847237,-276.6290283203125
0.0015323376283049583,98,7387,1456206,593.0,728204,1228,1647.0597405299998,0.015172518789768219,-276.7682800292969
0.0015109250089153647,98,7411,1460950,593.0,730576,1232,1648.31033723,0.012167718261480331,-276.847900390625
0.0015746211865916848,98,7436,1465694,593.0,732948,1236,1649.9158150999997,0.017808135598897934,-277.5386657714844
0.0015649859560653567,98,7460,1470438,593.0,735320,1240,1651.0071395999998,0.015780938789248466,-277.47137451171875
0.0015612435527145863,98,7484,1475182,593.0,737692,1244,1652.1685296099997,0.017313271760940552,-278.01104736328125
0.0015994284767657518,98,7508,1479926,593.0,740064,1248,1653.2584855199998,0.030615629628300667,-277.7004699707031
0.0015602961648255587,98,7532,1484670,593.0,742436,1252,1654.1220346900002,0.02627331204712391,-277.3608703613281
0.001497110933996737,98,7556,1489414,593.0,744808,1256,1654.5225686699998,0.02811031974852085,-278.1515197753906
0.0015013458905741572,98,7580,1494158,593.0,747180,1260,1655.07106995,0.014168641529977322,-277.8566589355469
0.0015170208644121885,98,7604,1498902,593.0,749552,1264,1655.43918471,0.016228793188929558,-277.62066650390625
0.0015345042338594794,98,7628,1503646,593.0,751924,1268,1655.7232190900002,0.0121503546833992,-277.50897216796875
0.0015186913078650832,98,7652,1508390,593.0,754296,1272,1655.9990402299998,0.013457910157740116,-277.1763000488281
0.0015612972201779485,98,7676,1513134,593.0,756668,1276,1656.1655492599996,0.018989015370607376,-277.46759033203125
0.0015504853799939156,98,7700,1517878,593.0,759040,1280,1656.2725269399996,0.014786443673074245,-277.13067626953125
0.0015269954456016421,98,7725,1522622,593.0,761412,1284,1656.34658843,0.008787594735622406,-277.16375732421875
0.0015438419068232179,98,7749,1527366,593.0,763784,1288,1656.6475514300002,0.011552439071238041,-277.40911865234375
0.0015240457141771913,98,7773,1532110,593.0,766156,1292,1656.57458706,0.021008694544434547,-277.654296875
0.0015498932916671038,98,7797,1536854,593.0,768528,1296,1656.6037572200003,0.021030526608228683,-277.306640625
0.0015277353813871741,98,7821,1541598,593.0,770900,1300,1656.5289494000003,0.024784693494439125,-277.3619384765625
0.0015190563863143325,98,7845,1546342,593.0,773272,1304,1656.72457506,0.012977351434528828,-277.3436279296875
0.0015199555782601237,98,7869,1551086,593.0,775644,1308,1656.9542443900002,0.014292784035205841,-277.52203369140625
0.001520141027867794,98,7893,1555830,593.0,778016,1312,1657.0977753599998,0.013838670216500759,-277.194580078125
0.0015042960876598954,98,7918,1560574,593.0,780388,1316,1657.40254672,0.012182358652353287,-277.69189453125
0.0015295598423108459,98,7942,1565318,593.0,782760,1320,1657.5123501899998,0.01108515914529562,-277.65289306640625
0.0015062886523082852,98,7967,1570062,593.0,785132,1324,1657.59917859,0.014845612458884716,-277.323486328125
0.0015249602729454637,98,7991,1574806,593.0,787504,1328,1657.6299496400002,0.011448817327618599,-277.70831298828125
0.001514953444711864,98,8015,1579550,593.0,789876,1332,1657.7669727299997,0.015135271474719048,-277.8470153808594
0.0015084018232300878,98,8040,1584294,593.0,792248,1336,1658.3302436600002,0.013508593663573265,-277.4206848144531
0.001500631682574749,98,8064,1589038,593.0,794620,1340,1659.2991972,0.008515148423612118,-277.8580322265625
0.0015218345215544105,98,8088,1593782,593.0,796992,1344,1660.1088146900001,0.008803792297840118,-277.375732421875
0.0015210830606520176,98,8112,1598526,593.0,799364,1348,1660.7442099199993,0.01123447809368372,-277.6171569824219
0.0015152192208915949,98,8136,1603270,593.0,801736,1352,1661.1351934,0.009830117225646973,-277.56439208984375
0.0014835172332823277,98,8161,1608014,593.0,804108,1356,1661.7152374600005,0.011077599599957466,-277.4246520996094
0.0015047258930280805,98,8185,1612758,593.0,806480,1360,1662.07411078,0.011344216763973236,-277.40545654296875
0.0015026838518679142,98,8209,1617502,593.0,808852,1364,1662.6452089,0.01053106039762497,-277.6822204589844
0.0015233983285725117,98,8233,1622246,593.0,811224,1368,1662.9357196499998,0.011988401412963867,-277.21728515625
0.0014941520057618618,98,8257,1626990,593.0,813596,1372,1663.2544301300002,0.013768352568149567,-277.6239013671875
0.001485619693994522,98,8281,1631734,593.0,815968,1376,1663.7958761899997,0.011577324941754341,-277.7081604003906
0.001499323407188058,98,8305,1636478,593.0,818340,1380,1664.5268303100002,0.012830538675189018,-277.3477783203125
0.0015129277016967535,98,8329,1641222,593.0,820712,1384,1665.1872969400004,0.014509654603898525,-277.51287841796875
0.0015093004330992699,98,8353,1645966,593.0,823084,1388,1665.69092546,0.012838165275752544,-277.5052185058594
0.0014984894078224897,98,8377,1650710,593.0,825456,1392,1666.4217476099998,0.011182574555277824,-277.4197998046875
0.0014877250650897622,98,8401,1655454,593.0,827828,1396,1667.03779625,0.014812632463872433,-277.2662353515625
0.0015144001226872206,98,8425,1660198,593.0,830200,1400,1667.72388019,0.01610611565411091,-277.4236755371094
0.0015101636527106166,98,8450,1664942,593.0,832572,1404,1668.3121969300003,0.01679331436753273,-277.26776123046875
0.0015081759775057435,98,8474,1669686,593.0,834944,1408,1668.7617896899997,0.00987571943551302,-277.3851013183594
0.001497796387411654,98,8498,1674430,593.0,837316,1412,1669.2240784399996,0.009715183638036251,-277.721435546875
0.0015009557828307152,98,8522,1679174,593.0,839688,1416,1669.5088633599999,0.014720568433403969,-277.48016357421875
0.0014979849802330136,98,8545,1683918,593.0,842060,1420,1670.04750114,0.012115029618144035,-277.3101806640625
0.001484261592850089,98,8569,1688662,593.0,844432,1424,1670.4917925399998,0.01265560183674097,-277.40191650390625
0.0015060927253216505,98,8593,1693406,593.0,846804,1428,1671.0978217499996,0.009731387719511986,-277.554443359375
0.0015108061488717794,98,8618,1698150,593.0,849176,1432,1671.51425044,0.010271948762238026,-277.50390625
0.001500375452451408,98,8642,1702894,593.0,851548,1436,1671.63337596,0.0101517578586936,-277.4072265625
0.0015059754950925708,98,8666,1707638,593.0,853920,1440,1671.61809614,0.01197859738022089,-277.4131774902344
0.001499411417171359,98,8690,1712382,593.0,856292,1444,1672.0413490400001,0.01364461611956358,-277.35247802734375
0.0014988823095336556,98,8714,1717126,593.0,858664,1448,1672.2813790599998,0.015116599388420582,-277.2905578613281
0.0014918510569259524,98,8739,1721870,593.0,861036,1452,1672.4827011099999,0.00962677039206028,-277.6063537597656
0.0015135331777855754,98,8763,1726614,593.0,863408,1456,1672.7763601400002,0.01157455611974001,-277.4584045410156
0.001523513114079833,98,8787,1731358,593.0,865780,1460,1672.8743845100003,0.017371416091918945,-277.71441650390625
0.0015301069943234324,98,8811,1736102,593.0,868152,1464,1672.8785969399999,0.012276600115001202,-277.6250915527344
0.0015026021283119917,98,8835,1740846,593.0,870524,1468,1673.11433662,0.014971530996263027,-277.77545166015625
0.0014967876486480236,98,8859,1745590,593.0,872896,1472,1673.2039267599996,0.01348623912781477,-277.8441467285156
0.0015348423039540648,98,8883,1750334,593.0,875268,1476,1673.2589461000002,0.012334403581917286,-277.6588134765625
0.001521125785075128,98,8907,1755078,593.0,877640,1480,1673.2779092099997,0.017098216339945793,-277.6307678222656
0.0015119807794690132,98,8931,1759822,593.0,880012,1484,1673.2752143199998,0.014415226876735687,-277.9044494628906
0.0015332329785451293,98,8955,1764566,593.0,882384,1488,1673.3231375999997,0.016522344201803207,-277.8677673339844
0.0015385720180347562,98,8980,1769310,593.0,884756,1492,1673.2767797400002,0.017866579815745354,-278.00958251953125
0.0015769557794556022,98,9004,1774054,593.0,887128,1496,1673.1348763800002,0.029844844713807106,-278.28021240234375
0.001552593894302845,98,9027,1778798,593.0,889500,1500,1673.06498384,0.030392061918973923,-278.2547607421875
0.001538256648927927,98,9051,1783542,593.0,891872,1504,1672.60386047,0.01884627155959606,-278.41290283203125
0.0015421180287376046,98,9075,1788286,593.0,894244,1508,1672.4951669800002,0.01751331053674221,-278.505615234375
0.001549599226564169,98,9099,1793030,593.0,896616,1512,1672.3984514600002,0.023863105103373528,-278.61578369140625
0.0015999311581254005,98,9124,1797774,593.0,898988,1516,1672.08773032,0.009947526268661022,-278.6663513183594
0.0015802677953615785,98,9148,1802518,593.0,901360,1520,1671.9022476599996,0.015959415584802628,-278.76434326171875
0.0015369720058515668,98,9172,1807262,593.0,903732,1524,1671.75875432,0.018609656020998955,-278.8983459472656
0.0015221423236653209,98,9197,1812006,593.0,906104,1528,1671.7634381300002,0.01324713509529829,-278.55517578125
0.001549478038214147,98,9220,1816750,593.0,908476,1532,1671.6635795099999,0.012242967262864113,-278.9876708984375
0.0015315033961087465,98,9244,1821494,593.0,910848,1536,1671.83681228,0.015756012871861458,-279.37554931640625
0.0015360686229541898,98,9268,1826238,593.0,913220,1540,1672.148436,0.016601281240582466,-279.4010009765625
0.0015126976650208235,98,9292,1830982,593.0,915592,1544,1672.1094344800001,0.014913849532604218,-279.4012145996094
0.001535654766485095,98,9317,1835726,593.0,917964,1548,1672.0636143299996,0.028341947123408318,-279.178466796875
0.0015676890034228563,98,9340,1840470,593.0,920336,1552,1672.0123033899997,0.02386637218296528,-279.017333984375
0.0015395848313346505,98,9365,1845214,593.0,922708,1556,1671.78222398,0.0213759858161211,-278.9880676269531
0.0015476157423108816,98,9389,1849958,593.0,925080,1560,1671.80995335,0.014698917977511883,-279.70196533203125
0.0015416850801557302,98,9413,1854702,593.0,927452,1564,1671.62106149,0.010581511072814465,-279.19757080078125
0.0015684135723859072,98,9436,1859446,593.0,929824,1568,1671.6764090899999,0.016460226848721504,-279.6954345703125
0.001545112463645637,98,9461,1864190,593.0,932196,1572,1671.62222032,0.018989333882927895,-279.5396728515625
0.0015239629428833723,98,9485,1868934,593.0,934568,1576,1671.39786828,0.019426077604293823,-280.0960998535156
0.0015310186427086592,98,9509,1873678,593.0,936940,1580,1671.17754725,0.0169533584266901,-279.96697998046875
0.001534792478196323,98,9533,1878422,593.0,939312,1584,1671.2605169800001,0.013851177878677845,-279.59295654296875
0.001562254037708044,98,9557,1883166,593.0,941684,1588,1671.1219410999997,0.016408704221248627,-279.763671875
0.001536405528895557,98,9582,1887910,593.0,944056,1592,1671.1710380399998,0.009408115409314632,-279.7930908203125
0.0015414271038025618,98,9606,1892654,593.0,946428,1596,1671.3083269899998,0.013873440213501453,-279.4795227050781
0.0015432797372341156,98,9629,1897398,593.0,948800,1600,1671.5145589599997,0.014987749978899956,-279.54248046875
0.0015166273806244135,98,9653,1902142,593.0,951172,1604,1671.9042910599997,0.01086447574198246,-279.53790283203125
0.0015354396309703588,98,9677,1906886,593.0,953544,1608,1672.0786674800004,0.015501433983445168,-279.0671691894531
0.0015181171474978328,98,9701,1911630,593.0,955916,1612,1672.29201634,0.014699365943670273,-279.13201904296875
0.001511226873844862,98,9725,1916374,593.0,958288,1616,1672.6867342,0.011060094460844994,-279.71575927734375
0.001505575724877417,98,9750,1921118,593.0,960660,1620,1673.13947326,0.011712410487234592,-279.54351806640625
0.0015362092526629567,98,9774,1925862,593.0,963032,1624,1673.5057265199998,0.01340609509497881,-280.0129699707031
0.0015168986283242702,98,9798,1930606,593.0,965404,1628,1673.5844623199998,0.019381260499358177,-279.6213684082031
0.0015311719616875052,98,9821,1935350,593.0,967776,1632,1673.9517375399998,0.012220829725265503,-280.093505859375
0.0014968288596719503,98,9845,1940094,593.0,970148,1636,1674.13903343,0.011790196411311626,-279.6986083984375
0.0015202207723632455,98,9869,1944838,593.0,972520,1640,1674.2554159100002,0.009181680157780647,-279.7713623046875
0.0014967640163376927,98,9893,1949582,593.0,974892,1644,1674.5012976600003,0.010400914587080479,-279.4007873535156
0.0015511976089328527,98,9917,1954326,593.0,977264,1648,1674.62580325,0.018140407279133797,-279.6944580078125
0.001561947981826961,98,9941,1959070,593.0,979636,1652,1674.3725955099997,0.018642256036400795,-280.13031005859375
0.001551907742395997,98,9966,1963814,593.0,982008,1656,1674.27545138,0.0150557029992342,-280.4004821777344
0.0015159412287175655,98,9991,1968558,593.0,984380,1660,1674.2080377499997,0.011289088986814022,-280.2927551269531
0.0015061902813613415,98,10015,1973302,593.0,986752,1664,1674.588168,0.016820967197418213,-279.8092041015625
0.0015401464188471437,98,10040,1978046,593.0,989124,1668,1674.66413232,0.013188483193516731,-280.283935546875
0.0015370153123512864,98,10064,1982790,593.0,991496,1672,1674.86992608,0.012281655333936214,-280.3330078125
0.0015046074986457825,98,10088,1987534,593.0,993868,1676,1675.2880540700003,0.010801153257489204,-280.1242370605469
0.00153643568046391,98,10112,1992278,593.0,996240,1680,1675.7828473,0.012265689671039581,-280.18408203125
0.0015288562281057239,98,10136,1997022,593.0,998612,1684,1676.0461571399999,0.016278719529509544,-280.2274169921875
0.0015537943691015244,98,10161,2001766,593.0,1000984,1688,1676.12213369,0.0205979123711586,-280.32080078125
0.0015292485477402806,98,10185,2006510,593.0,1003356,1692,1676.2525810599993,0.009646198712289333,-279.99249267578125
0.0015214122831821442,98,10209,2011254,593.0,1005728,1696,1676.7145893200002,0.0180913507938385,-280.19842529296875
0.0015122973127290606,98,10234,2015998,593.0,1008100,1700,1676.7021172,0.01297135278582573,-280.41802978515625
0.0015094465343281627,98,10258,2020742,593.0,1010472,1704,1676.9122230399996,0.01742779091000557,-280.38092041015625
0.0015057866694405675,98,10282,2025486,593.0,1012844,1708,1677.2234044,0.014475220814347267,-280.72808837890625
0.00150677643250674,98,10306,2030230,593.0,1015216,1712,1677.40555952,0.01315299142152071,-280.3194885253906
0.0015017138794064522,98,10330,2034974,593.0,1017588,1716,1677.7095698000003,0.01404903456568718,-280.3282165527344
0.00148637720849365,98,10354,2039718,593.0,1019960,1720,1677.6269123000002,0.008609074167907238,-280.5588684082031
0.0015050387009978294,98,10378,2044462,593.0,1022332,1724,1677.9209472299997,0.00998334027826786,-280.80926513671875
0.001501569990068674,98,10402,2049206,593.0,1024704,1728,1678.2120814999998,0.01568816788494587,-280.7011413574219
0.0016666348092257977,98,10425,2053950,593.0,1027076,1732,1677.99678611,0.04060797765851021,-281.2989501953125
0.0015638803597539663,98,10449,2058694,593.0,1029448,1736,1676.7327506200004,0.02086356095969677,-281.36566162109375
0.0015365096041932702,98,10473,2063438,593.0,1031820,1740,1676.47366108,0.011394724249839783,-281.3583984375
0.001511407783254981,98,10498,2068182,593.0,1034192,1744,1675.9701524500001,0.010397491976618767,-281.4364013671875
0.001508170273154974,98,10522,2072926,593.0,1036564,1748,1676.0607427900002,0.011049026623368263,-281.2337951660156
0.0014933705097064376,98,10546,2077670,593.0,1038936,1752,1676.48842218,0.012109624221920967,-281.33172607421875
0.0014564142329618335,98,10569,2082414,593.0,1041308,1756,1676.9268344899997,0.009985722601413727,-281.4471435546875
0.00143968197517097,98,10593,2087158,593.0,1043680,1760,1677.26672216,0.012076697312295437,-281.5859375
0.001456036581657827,98,10617,2091902,593.0,1046052,1764,1677.5493953199996,0.00792396068572998,-281.41339111328125
0.0014695816207677126,98,10642,2096646,593.0,1048424,1768,1677.94106335,0.012099828571081161,-281.50775146484375
0.001470556017011404,98,10665,2101390,593.0,1050796,1772,1678.3798045,0.01171399001032114,-281.76080322265625
0.001460668514482677,98,10689,2106134,593.0,1053168,1776,1678.5294979399998,0.023533396422863007,-281.4674072265625
0.001454810961149633,98,10713,2110878,593.0,1055540,1780,1678.4895159999996,0.031178420409560204,-281.5916748046875
0.001442024833522737,98,10737,2115622,593.0,1057912,1784,1678.3285558500002,0.010733000934123993,-282.555908203125
0.001434318139217794,98,10761,2120366,593.0,1060284,1788,1678.7386721299997,0.0104178786277771,-281.84185791015625
0.001449989271350205,98,10784,2125110,593.0,1062656,1792,1679.0308007099998,0.016771163791418076,-282.1051025390625
0.0014175598043948412,98,10808,2129854,593.0,1065028,1796,1678.89006712,0.007994170300662518,-281.75787353515625
0.0014334218576550484,98,10832,2134598,593.0,1067400,1800,1679.35168316,0.009045891463756561,-281.95703125
0.0014176754048094153,98,10856,2139342,593.0,1069772,1804,1679.6265336,0.012057875283062458,-282.08868408203125
0.0014274276327341795,98,10880,2144086,593.0,1072144,1808,1679.8037743999998,0.008850694634020329,-281.80157470703125
0.0014138179831206799,98,10904,2148830,593.0,1074516,1812,1680.00444695,0.0091196708381176,-281.70733642578125
0.001420054235495627,98,10928,2153574,593.0,1076888,1816,1680.18588502,0.011762693524360657,-282.4376220703125
0.001427115872502327,98,10952,2158318,593.0,1079260,1820,1680.63506892,0.018397141247987747,-282.44207763671875
0.0014100067783147097,98,10976,2163062,593.0,1081632,1824,1680.56423645,0.008921598084270954,-281.76177978515625
0.0014371051220223308,98,11001,2167806,593.0,1084004,1828,1680.7779613599998,0.009016050025820732,-282.424560546875
0.00143136247061193,98,11025,2172550,593.0,1086376,1832,1681.29827782,0.012127269059419632,-282.42193603515625
0.0014176875120028853,98,11049,2177294,593.0,1088748,1836,1682.85250238,0.021873299032449722,-281.797607421875
0.0014567781472578645,98,11073,2182038,593.0,1091120,1840,1683.1531101999997,0.009509294293820858,-282.33184814453125
0.001457587699405849,98,11098,2186782,593.0,1093492,1844,1683.7360118900003,0.01008542813360691,-282.3935546875
0.00141334964428097,98,11122,2191526,593.0,1095864,1848,1684.0181576100003,0.012275145389139652,-282.02984619140625
0.0014779188204556704,98,11146,2196270,593.0,1098236,1852,1684.0621456099998,0.026756739243865013,-282.5564880371094
0.0014541734708473086,98,11170,2201014,593.0,1100608,1856,1683.7949107200004,0.009107798337936401,-281.9085693359375
0.001422967528924346,98,11194,2205758,593.0,1102980,1860,1683.9729859299998,0.009881388396024704,-282.1976013183594
0.0014128132024779916,98,11218,2210502,593.0,1105352,1864,1683.8325093499998,0.01153071504086256,-282.6382141113281
0.001393998390994966,98,11243,2215246,593.0,1107724,1868,1683.6305064299997,0.014673863537609577,-282.6880798339844
0.0013893829891458154,98,11267,2219990,593.0,1110096,1872,1683.4497665299996,0.011431317776441574,-282.7774963378906
0.0014082241104915738,98,11291,2224734,593.0,1112468,1876,1683.58071941,0.01438169740140438,-282.70648193359375
0.0013994757318869233,98,11315,2229478,593.0,1114840,1880,1683.62466051,0.011085359379649162,-282.7550964355469
0.0013869120739400387,98,11339,2234222,593.0,1117212,1884,1683.7660796199998,0.01028503943234682,-282.771484375
0.0014077723026275635,98,11363,2238966,593.0,1119584,1888,1683.8056245400003,0.010213055647909641,-283.29541015625
0.0013786653289571404,98,11387,2243710,593.0,1121956,1892,1683.6604614300002,0.008500213734805584,-283.07769775390625
0.0013836435973644257,98,11411,2248454,593.0,1124328,1896,1683.72276928,0.008164114318788052,-283.1531982421875
0.0013982190284878016,98,11436,2253198,593.0,1126700,1900,1683.50823446,0.015386143699288368,-283.293212890625
0.0013799491571262479,98,11460,2257942,593.0,1129072,1904,1683.4453853999999,0.014656027778983116,-283.4466552734375
0.0013941691722720861,98,11484,2262686,593.0,1131444,1908,1683.3272245100002,0.010354636237025261,-283.20947265625
0.0013863651547580957,98,11508,2267430,593.0,1133816,1912,1683.28532463,0.006785913836210966,-283.08636474609375
0.001398703781887889,98,11533,2272174,593.0,1136188,1916,1683.51696731,0.011709528975188732,-282.85308837890625
0.0013598583173006773,98,11557,2276918,593.0,1138560,1920,1683.36662599,0.008500730618834496,-283.19659423828125
0.00136618223041296,98,11581,2281662,593.0,1140932,1924,1683.72129844,0.008825641125440598,-283.269775390625
0.0013870984548702836,98,11605,2286406,593.0,1143304,1928,1683.8412257699997,0.006932858377695084,-283.13568115234375
0.001394915976561606,98,11629,2291150,593.0,1145676,1932,1684.0006476899998,0.010956724174320698,-283.41229248046875
0.0014060025569051504,98,11654,2295894,593.0,1148048,1936,1683.85612051,0.01580444723367691,-283.2271728515625
0.0014054522616788745,98,11678,2300638,593.0,1150420,1940,1684.0276294299997,0.01233143825083971,-283.1185302734375
0.0013828803785145283,98,11702,2305382,593.0,1152792,1944,1684.00442968,0.012252356857061386,-283.03350830078125
0.001368914032354951,98,11726,2310126,593.0,1155164,1948,1684.0657480900002,0.013767445459961891,-283.36102294921875
0.0013904148945584893,98,11750,2314870,593.0,1157536,1952,1684.35084,0.012064352631568909,-283.4648742675781
0.001394395949319005,98,11775,2319614,593.0,1159908,1956,1684.9539352400002,0.009920057840645313,-283.1947021484375
0.0013456284068524837,98,11799,2324358,593.0,1162280,1960,1685.2572731700002,0.00888301245868206,-283.28961181640625
0.0013731928775087,98,11823,2329102,593.0,1164652,1964,1685.7552964999998,0.009500301443040371,-282.9355773925781
0.0013431257102638483,98,11847,2333846,593.0,1167024,1968,1686.1552163700003,0.009697837755084038,-283.2291259765625
0.0013389104278758168,98,11871,2338590,593.0,1169396,1972,1686.4620800100001,0.008361667394638062,-283.7997741699219
0.0013412018306553364,98,11896,2343334,593.0,1171768,1976,1686.7606549300003,0.009775849059224129,-283.7392578125
0.001350646372884512,98,11920,2348078,593.0,1174140,1980,1687.3886186799996,0.009226948022842407,-283.68084716796875
0.0013661973644047976,98,11944,2352822,593.0,1176512,1984,1687.9638691800003,0.008626258000731468,-283.843505859375
0.001337448600679636,98,11968,2357566,593.0,1178884,1988,1688.2787302300003,0.010199363343417645,-283.65087890625
0.0013445706572383642,98,11992,2362310,593.0,1181256,1992,1688.8149331,0.00898629892617464,-283.94775390625
0.0013387189246714115,98,12016,2367054,593.0,1183628,1996,1689.2624808499997,0.007222472690045834,-283.59039306640625
0.0013361724559217691,98,12039,2371798,593.0,1186000,2000,1689.6701316599997,0.010943821631371975,-283.58087158203125
0.001333275344222784,98,12064,2376542,593.0,1188372,2004,1690.2042333700003,0.008600558154284954,-283.441650390625
0.0013401599135249853,98,12087,2381286,593.0,1190744,2008,1690.7090405099998,0.00925854779779911,-283.638916015625
0.001312332577072084,98,12111,2386030,593.0,1193116,2012,1691.14658843,0.007611303124576807,-283.4126892089844
0.001328724785707891,98,12135,2390774,593.0,1195488,2016,1691.4467973299998,0.009226233698427677,-283.56787109375
0.001315763220191002,98,12159,2395518,593.0,1197860,2020,1691.9093912199999,0.0072128912433981895,-283.7082214355469
0.0013437733286991715,98,12184,2400262,593.0,1200232,2024,1691.9103965899997,0.008048665709793568,-283.67791748046875
0.001331601175479591,98,12207,2405006,593.0,1202604,2028,1692.0897812899996,0.006527210585772991,-283.8543701171875
0.0013342014281079173,98,12231,2409750,593.0,1204976,2032,1692.38057,0.006912522949278355,-283.4293518066406
0.0013308521592989564,98,12255,2414494,593.0,1207348,2036,1693.03895677,0.006711363326758146,-283.7398986816406
0.001337153371423483,98,12280,2419238,593.0,1209720,2040,1693.7182107800002,0.007119674235582352,-284.21575927734375
0.0013325577601790428,98,12304,2423982,593.0,1212092,2044,1694.2298885599996,0.009248867630958557,-284.1863098144531
0.0013049033004790545,98,12328,2428726,593.0,1214464,2048,1694.45225773,0.00728320749476552,-284.339599609375
0.0013566854177042842,98,12352,2433470,593.0,1216836,2052,1694.95038403,0.011588837020099163,-283.9722595214844
0.001322368043474853,98,12376,2438214,593.0,1219208,2056,1695.3207048599998,0.010074690915644169,-284.3292236328125
0.001313607906922698,98,12400,2442958,593.0,1221580,2060,1695.5754867999997,0.008509070612490177,-284.1318359375
0.001305131008848548,98,12424,2447702,593.0,1223952,2064,1695.6454843099998,0.00897547323256731,-284.3570556640625
0.0013222872512415051,98,12449,2452446,593.0,1226324,2068,1695.9791175300002,0.007005114573985338,-283.64019775390625
0.0013019740581512451,98,12473,2457190,593.0,1228696,2072,1696.4854896200004,0.005955528933554888,-284.15789794921875
0.0013044821098446846,98,12497,2461934,593.0,1231068,2076,1696.8553610800002,0.010176392272114754,-284.17828369140625
0.0013161954702809453,98,12522,2466678,593.0,1233440,2080,1697.1264867999998,0.009443351998925209,-283.5634765625
0.0012964849593117833,98,12545,2471422,593.0,1235812,2084,1697.3827332899998,0.007151196710765362,-283.99017333984375
0.001316550187766552,98,12570,2476166,593.0,1238184,2088,1697.7510467999998,0.008326445706188679,-284.5145263671875
0.001316560199484229,98,12594,2480910,593.0,1240556,2092,1698.0118011599998,0.006205696612596512,-284.1573486328125
0.0013170656748116016,98,12618,2485654,593.0,1242928,2096,1698.47645663,0.01041585672646761,-284.36700439453125
0.0013049885164946318,98,12642,2490398,593.0,1245300,2100,1698.8037766599998,0.0066549819894135,-284.44012451171875
0.001296048634685576,98,12666,2495142,593.0,1247672,2104,1699.0018909599996,0.007864471524953842,-284.19061279296875
0.0013122637756168842,98,12690,2499886,593.0,1250044,2108,1699.16152246,0.007522739004343748,-284.1292724609375
0.001311297295615077,98,12715,2504630,593.0,1252416,2112,1699.4405066699996,0.007205103989690542,-284.8484191894531
0.001303540077060461,98,12740,2509374,593.0,1254788,2116,1699.7278204699999,0.006421086844056845,-284.55889892578125
0.0013015083968639374,98,12764,2514118,593.0,1257160,2120,1700.0243656,0.007403579540550709,-284.4138488769531
0.001329304650425911,98,12788,2518862,593.0,1259532,2124,1700.3692014800001,0.008333333767950535,-284.6673583984375
0.0013247006572782993,98,12813,2523606,593.0,1261904,2128,1700.3572528900006,0.007759487256407738,-284.57269287109375
0.001286722137592733,98,12837,2528350,593.0,1264276,2132,1700.5031601299997,0.008439775556325912,-284.7930908203125
0.0013141818344593048,98,12861,2533094,593.0,1266648,2136,1700.6052801399999,0.008175341412425041,-284.7651672363281
0.0013160643866285682,98,12885,2537838,593.0,1269020,2140,1700.7678987199997,0.007847853936254978,-284.6388854980469
0.0013108854182064533,98,12909,2542582,593.0,1271392,2144,1701.23677158,0.007814694195985794,-284.7884216308594
0.001289759180508554,98,12934,2547326,593.0,1273764,2148,1701.7854867699996,0.008237715810537338,-284.9607849121094
0.0012940862216055393,98,12958,2552070,593.0,1276136,2152,1702.1413721199997,0.006540684495121241,-285.09930419921875
0.0012848539045080543,98,12982,2556814,593.0,1278508,2156,1702.26555024,0.007454311475157738,-284.7349853515625
0.0013201743131503463,98,13006,2561558,593.0,1280880,2160,1702.4155565800002,0.010429632849991322,-285.1614074707031
0.001295821857638657,98,13030,2566302,593.0,1283252,2164,1702.7717798800002,0.0061654928140342236,-284.8028259277344
0.0013077156618237495,98,13054,2571046,593.0,1285624,2168,1703.02968489,0.010513436049222946,-285.23638916015625
0.0012865331955254078,98,13079,2575790,593.0,1287996,2172,1703.1634089200002,0.006359136197715998,-285.107421875
0.0013018511235713959,98,13103,2580534,593.0,1290368,2176,1703.37966671,0.005977652035653591,-284.896728515625
0.0012937209103256464,98,13127,2585278,593.0,1292740,2180,1703.4453565200006,0.007156701292842627,-284.71832275390625
0.0012949904194101691,98,13151,2590022,593.0,1295112,2184,1703.55904703,0.006923034321516752,-285.70977783203125
0.001299278112128377,98,13175,2594766,593.0,1297484,2188,1703.8043844499998,0.007887814193964005,-285.1064147949219
0.001287535997107625,98,13199,2599510,593.0,1299856,2192,1703.9103529799997,0.006834760308265686,-285.603759765625
0.00129099958576262,98,13224,2604254,593.0,1302228,2196,1703.78797499,0.007043760735541582,-285.31414794921875
0.0013054423034191132,98,13248,2608998,593.0,1304600,2200,1703.81437292,0.005988981109112501,-285.51123046875
0.0013007608940824866,98,13272,2613742,593.0,1306972,2204,1703.8498228199999,0.008709886111319065,-285.4474792480469
0.001270053326152265,98,13297,2618486,593.0,1309344,2208,1704.0674275200001,0.006829835474491119,-285.7691650390625
0.001283774385228753,98,13320,2623230,593.0,1311716,2212,1704.1651378000001,0.011496264487504959,-285.987060546875
0.0013044261140748858,98,13344,2627974,593.0,1314088,2216,1704.1536260799999,0.006290924269706011,-285.74737548828125
0.0012926652561873198,98,13368,2632718,593.0,1316460,2220,1704.1502197,0.005994195584207773,-285.89935302734375
0.001289057545363903,98,13392,2637462,593.0,1318832,2224,1704.3450872300004,0.007803848944604397,-285.41259765625
0.0012929037911817431,98,13416,2642206,593.0,1321204,2228,1704.7001451000003,0.006269457750022411,-286.0542907714844
0.0012845802120864391,98,13441,2646950,593.0,1323576,2232,1704.6737176400002,0.008254727348685265,-285.6449890136719
0.0013221744447946548,98,13465,2651694,593.0,1325948,2236,1704.69262521,0.00559903122484684,-285.77117919921875
0.0012854490196332335,98,13490,2656438,593.0,1328320,2240,1704.8175058000006,0.006431582383811474,-285.83221435546875
0.0013073422014713287,98,13515,2661182,593.0,1330692,2244,1704.8861538199997,0.007243610918521881,-285.76287841796875
0.0012950670206919312,98,13539,2665926,593.0,1333064,2248,1704.9126680500003,0.006626201327890158,-285.8065185546875
0.0012829664628952742,98,13564,2670670,593.0,1335436,2252,1704.9272673799996,0.006582722067832947,-286.06787109375
0.0012849918566644192,98,13588,2675414,593.0,1337808,2256,1705.2715774600003,0.007294849958270788,-285.890625
0.001271826564334333,98,13612,2680158,593.0,1340180,2260,1705.58064061,0.006923374719917774,-286.00262451171875
0.001275974209420383,98,13636,2684902,593.0,1342552,2264,1705.7190061299998,0.006564373150467873,-285.6757507324219
0.0012905995827168226,98,13661,2689646,593.0,1344924,2268,1705.8932240199997,0.008014785125851631,-285.94610595703125
0.0012771886540576816,98,13684,2694390,593.0,1347296,2272,1706.1366680400001,0.006931290030479431,-285.9247741699219
0.0012935413978993893,98,13708,2699134,593.0,1349668,2276,1706.16256102,0.0061143976636230946,-285.5154724121094
0.0012786102015525103,98,13732,2703878,593.0,1352040,2280,1706.38000167,0.005976988468319178,-286.5739440917969
0.0012798045063391328,98,13756,2708622,593.0,1354412,2284,1706.64438834,0.008956065401434898,-285.5727844238281
0.0012752552283927798,98,13781,2713366,593.0,1356784,2288,1706.7715229999997,0.007962905801832676,-285.6417541503906
0.001267651910893619,98,13804,2718110,593.0,1359156,2292,1706.9855103900002,0.005623303819447756,-285.3510437011719
0.001267388928681612,98,13829,2722854,593.0,1361528,2296,1707.30694868,0.0071042184717953205,-286.4012145996094
0.0012699328362941742,98,13853,2727598,593.0,1363900,2300,1707.66798124,0.005874368362128735,-285.67633056640625
0.001273140194825828,98,13878,2732342,593.0,1366272,2304,1707.8686390599999,0.00813137274235487,-285.6464538574219
0.001264571095816791,98,13902,2737086,593.0,1368644,2308,1707.93248977,0.0068664844147861,-286.05450439453125
0.0012540632160380483,98,13927,2741830,593.0,1371016,2312,1708.06575159,0.005870346911251545,-285.9895935058594
0.001290119020268321,98,13951,2746574,593.0,1373388,2316,1708.26542932,0.0057128132320940495,-286.23858642578125
0.0012760089011862874,98,13976,2751318,593.0,1375760,2320,1708.5372862800002,0.007189731113612652,-286.141357421875
0.0012777380179613829,98,14000,2756062,593.0,1378132,2324,1708.6065167499996,0.0051803914830088615,-285.80621337890625
0.0012733344919979572,98,14023,2760806,593.0,1380504,2328,1708.8451718600002,0.005363839212805033,-286.1734924316406
0.001287501654587686,98,14048,2765550,593.0,1382876,2332,1709.28699872,0.004863480571657419,-286.25665283203125
0.0012759675737470388,98,14072,2770294,593.0,1385248,2336,1709.6897258300003,0.0059151253663003445,-286.2378234863281
0.0012610274134203792,98,14096,2775038,593.0,1387620,2340,1709.7184815199998,0.006714623421430588,-286.40667724609375
0.0012798875104635954,98,14120,2779782,593.0,1389992,2344,1709.95047518,0.007480168715119362,-286.51654052734375
0.0012915439438074827,98,14145,2784526,593.0,1392364,2348,1710.2430705200002,0.00652813445776701,-286.3961486816406
0.0012645976385101676,98,14169,2789270,593.0,1394736,2352,1710.4499088099997,0.006508318707346916,-286.699951171875
0.0012650011340156198,98,14194,2794014,593.0,1397108,2356,1710.4925988599998,0.0068400767631828785,-286.14837646484375
0.0012730825692415237,98,14218,2798758,593.0,1399480,2360,1710.49684113,0.0056753866374492645,-286.9404296875
0.0012928039068356156,98,14243,2803502,593.0,1401852,2364,1710.7302947100002,0.007442733272910118,-286.1986999511719
0.0012898563873022795,98,14267,2808246,593.0,1404224,2368,1710.6912082000001,0.006739815231412649,-286.4923400878906
0.001299332594498992,98,14290,2812990,593.0,1406596,2372,1710.6393817800001,0.007874278351664543,-286.68304443359375
0.0013133605243638158,98,14314,2817734,593.0,1408968,2376,1710.1573466399998,0.012900062836706638,-286.3514404296875
0.0012946916976943612,98,14339,2822478,593.0,1411340,2380,1709.70456814,0.009878049604594707,-287.2138671875
0.001289666281081736,98,14363,2827222,593.0,1413712,2384,1709.25537962,0.01181754469871521,-286.779052734375
0.0013042147038504481,98,14387,2831966,593.0,1416084,2388,1708.9617875800002,0.008171106688678265,-287.1705017089844
0.0012903589522466063,98,14411,2836710,593.0,1418456,2392,1708.6704617299997,0.006922997999936342,-286.7930603027344
0.0012861136347055435,98,14436,2841454,593.0,1420828,2396,1708.562292,0.007268405519425869,-286.5072021484375
0.0012689848663285375,98,14460,2846198,593.0,1423200,2400,1708.5543955599999,0.007137264125049114,-287.22149658203125
0.0012607305543497205,98,14484,2850942,593.0,1425572,2404,1708.70766358,0.005810643546283245,-287.35455322265625
0.0012776764342561364,98,14508,2855686,593.0,1427944,2408,1708.8481895599998,0.007204263936728239,-287.19921875
0.0012746509164571762,98,14533,2860430,593.0,1430316,2412,1708.8087115600001,0.008670621551573277,-286.76190185546875
0.0012597875902429223,98,14557,2865174,593.0,1432688,2416,1708.90039007,0.007446832489222288,-287.81610107421875
0.0012681143125519156,98,14581,2869918,593.0,1435060,2420,1708.5902559899998,0.011047166772186756,-287.0589599609375
0.0013354552211239934,98,14605,2874662,593.0,1437432,2424,1707.65903589,0.027663037180900574,-287.43182373046875
0.0013412293046712875,98,14630,2879406,593.0,1439804,2428,1706.1506883799998,0.00918144453316927,-287.20635986328125
0.0012746223947033286,98,14654,2884150,593.0,1442176,2432,1704.9343839799997,0.009600906632840633,-287.2010498046875
0.0012489870423451066,98,14679,2888894,593.0,1444548,2436,1704.3950229800002,0.0067162648774683475,-287.28167724609375
0.0012394635705277324,98,14703,2893638,593.0,1446920,2440,1704.3524831700001,0.010042616166174412,-286.83905029296875
0.001252120709978044,98,14727,2898382,593.0,1449292,2444,1704.1920596899997,0.006684283725917339,-286.9450988769531
0.0012517697177827358,98,14751,2903126,593.0,1451664,2448,1704.11856927,0.0062754410319030285,-287.17156982421875
0.0012401125859469175,98,14775,2907870,593.0,1454036,2452,1704.30463895,0.007117190398275852,-287.33221435546875
0.0012493289541453123,98,14800,2912614,593.0,1456408,2456,1704.3215489699996,0.006784785073250532,-287.1414794921875
0.001239666249603033,98,14825,2917358,593.0,1458780,2460,1704.4629760199998,0.007022177800536156,-287.4482727050781
0.0012496227864176035,98,14850,2922102,593.0,1461152,2464,1704.4602366399997,0.008938691578805447,-286.58843994140625
0.0012697287602350116,98,14874,2926846,593.0,1463524,2468,1704.63379203,0.006455196067690849,-287.59307861328125
0.0012479941360652447,98,14899,2931590,593.0,1465896,2472,1704.7807938599997,0.00600455841049552,-288.03631591796875
0.0012265951372683048,98,14924,2936334,593.0,1468268,2476,1705.6803280699999,0.0052407048642635345,-287.2601623535156
0.0012490239460021257,98,14948,2941078,593.0,1470640,2480,1706.3674267699998,0.006727970205247402,-287.6912841796875
0.0012365450384095311,98,14972,2945822,593.0,1473012,2484,1707.04282044,0.005702937953174114,-287.85223388671875
0.0012465905165299773,98,14996,2950566,593.0,1475384,2488,1707.6212083,0.006045816000550985,-287.8534240722656
0.0012526019709184766,98,15021,2955310,593.0,1477756,2492,1708.1711774699995,0.0066974530927836895,-288.0545654296875
0.0012568612582981586,98,15046,2960054,593.0,1480128,2496,1708.5168595700002,0.0064928364008665085,-287.53179931640625
0.001258678617887199,98,15070,2964798,593.0,1482500,2500,1708.82116236,0.0059087383560836315,-288.07562255859375
0.0012428713962435722,98,15094,2969542,593.0,1484872,2504,1709.0308727500005,0.0064464532770216465,-287.48773193359375
0.0012494963593780994,98,15119,2974286,593.0,1487244,2508,1709.2387354900004,0.005677276290953159,-287.46771240234375
0.0012207799591124058,98,15143,2979030,593.0,1489616,2512,1709.5246782199997,0.007147794123739004,-287.55712890625
0.0012572701089084148,98,15168,2983774,593.0,1491988,2516,1709.5724449300003,0.005821350961923599,-287.791748046875
0.001237531309016049,98,15192,2988518,593.0,1494360,2520,1710.1505812000005,0.007652523461729288,-288.2942199707031
0.0012565574143081903,98,15217,2993262,593.0,1496732,2524,1711.5393229,0.00604596920311451,-288.6354675292969
0.001235538860782981,98,15241,2998006,593.0,1499104,2528,1713.48589778,0.0053841592743992805,-287.93194580078125
0.001245397375896573,98,15265,3002750,593.0,1501476,2532,1715.00809392,0.006234270520508289,-288.3634948730469
0.0012421485735103488,98,15290,3007494,593.0,1503848,2536,1715.87428145,0.006267726421356201,-288.23736572265625
0.0012588861864060163,98,15314,3012238,593.0,1506220,2540,1716.2069032900001,0.007018910255283117,-288.26220703125
0.0012427113251760602,98,15339,3016982,593.0,1508592,2544,1716.4205814700001,0.006761068478226662,-288.64288330078125
0.0012352231424301863,98,15363,3021726,593.0,1510964,2548,1716.70481107,0.005666810087859631,-288.5047302246094
0.0012114300625398755,98,15388,3026470,593.0,1513336,2552,1716.86289629,0.005321498494595289,-288.28057861328125
0.0012136194854974747,98,15413,3031214,593.0,1515708,2556,1717.1502698999998,0.005867934785783291,-288.6536865234375
0.001227436470799148,98,15437,3035958,593.0,1518080,2560,1717.4240642299999,0.00518459640443325,-287.8668212890625
0.0012318469816818833,98,15461,3040702,593.0,1520452,2564,1717.68125153,0.007169150747358799,-288.4873352050781
0.0012351389741525054,98,15485,3045446,593.0,1522824,2568,1717.9229528700002,0.006250226404517889,-288.43023681640625
0.0012491615489125252,98,15510,3050190,593.0,1525196,2572,1718.18273874,0.007315441034734249,-288.2464599609375
0.0012433745432645082,98,15535,3054934,593.0,1527568,2576,1718.2748884100001,0.0055744037963449955,-289.0874938964844
0.0012494969414547086,98,15559,3059678,593.0,1529940,2580,1718.4862260900002,0.0060240235179662704,-288.4060974121094
0.001243468839675188,98,15583,3064422,593.0,1532312,2584,1718.55383704,0.007080980576574802,-288.6307373046875
0.0012491074157878757,98,15608,3069166,593.0,1534684,2588,1718.59139812,0.00620683841407299,-289.3758850097656
0.001242809696123004,98,15632,3073910,593.0,1537056,2592,1718.84585153,0.007364876102656126,-288.62078857421875
0.0012472147354856133,98,15656,3078654,593.0,1539428,2596,1718.97589236,0.00791486632078886,-289.0128173828125
0.0012321571120992303,98,15680,3083398,593.0,1541800,2600,1718.9494393500001,0.007596067618578672,-288.58648681640625
0.0012325478019192815,98,15704,3088142,593.0,1544172,2604,1719.1068948599996,0.007174112368375063,-289.01123046875
0.001227030297741294,98,15729,3092886,593.0,1546544,2608,1719.37732974,0.006323801353573799,-288.5048828125
0.0012422379804775119,98,15753,3097630,593.0,1548916,2612,1719.8097238799999,0.005951021332293749,-288.91729736328125
0.001237949705682695,98,15777,3102374,593.0,1551288,2616,1720.17794299,0.007202767301350832,-288.52703857421875
0.0012507011415436864,98,15801,3107118,593.0,1553660,2620,1720.4202234800002,0.006918772589415312,-288.794921875
0.0012273563770577312,98,15825,3111862,593.0,1556032,2624,1720.4745860799999,0.007234157063066959,-289.5414733886719
0.001237685908563435,98,15849,3116606,593.0,1558404,2628,1720.4852701499997,0.0060097696259617805,-289.4776611328125
0.0012432868825271726,98,15873,3121350,593.0,1560776,2632,1720.66867991,0.006169351749122143,-288.55694580078125
0.0012369808973744512,98,15897,3126094,593.0,1563148,2636,1720.7888591199999,0.0068077449686825275,-288.7449645996094
0.001230676774866879,98,15922,3130838,593.0,1565520,2640,1720.93639747,0.007309913635253906,-289.3829345703125
0.0012341728433966637,98,15946,3135582,593.0,1567892,2644,1721.1855950899999,0.005947483237832785,-288.9328308105469
0.0012440673308447003,98,15970,3140326,593.0,1570264,2648,1721.2925859299999,0.005754150450229645,-289.2298278808594
0.0012255754554644227,98,15994,3145070,593.0,1572636,2652,1721.5023275099998,0.0061704497784376144,-289.28887939453125
0.001241348567418754,98,16018,3149814,593.0,1575008,2656,1721.61773143,0.006745311431586742,-289.21746826171875
0.0012259314535185695,98,16042,3154558,593.0,1577380,2660,1721.65372888,0.0075833494774997234,-288.7198791503906
0.001244497369043529,98,16066,3159302,593.0,1579752,2664,1721.8368080500004,0.008383870124816895,-290.0403137207031
0.0012292967876419425,98,16091,3164046,593.0,1582124,2668,1722.0757936,0.005434912629425526,-289.80889892578125
0.0012282204115763307,98,16115,3168790,593.0,1584496,2672,1722.2507967699996,0.005503245163708925,-289.5312194824219
0.0012202725047245622,98,16139,3173534,593.0,1586868,2676,1722.57531392,0.005628920625895262,-289.7656555175781
0.0012246555415913463,98,16164,3178278,593.0,1589240,2680,1722.7482152100001,0.005488601513206959,-289.458740234375
0.0012413361109793186,98,16188,3183022,593.0,1591612,2684,1723.04727302,0.0058169676922261715,-289.0499572753906
0.0012387835886329412,98,16212,3187766,593.0,1593984,2688,1723.35178411,0.0065077487379312515,-290.0995788574219
0.0012486488558351994,98,16236,3192510,593.0,1596356,2692,1723.50647505,0.007100886665284634,-289.65283203125
0.0012640394270420074,98,16260,3197254,593.0,1598728,2696,1723.7184378099998,0.005808468908071518,-290.1478271484375
0.0012279563816264272,98,16284,3201998,593.0,1601100,2700,1724.0968487699997,0.005492176860570908,-289.91766357421875
0.0012052286183461547,98,16309,3206742,593.0,1603472,2704,1724.2499737300002,0.007555521558970213,-289.42828369140625
0.0012359025422483683,98,16333,3211486,593.0,1605844,2708,1724.2988702799996,0.0068290093913674355,-290.322021484375
0.0012389997718855739,98,16358,3216230,593.0,1608216,2712,1724.2514319299996,0.007245310116559267,-290.08221435546875
0.0012438157573342323,98,16382,3220974,593.0,1610588,2716,1724.19605274,0.006120758131146431,-289.67156982421875
0.0012380979023873806,98,16406,3225718,593.0,1612960,2720,1724.32949753,0.007357210852205753,-290.739013671875
0.00126606912817806,98,16430,3230462,593.0,1615332,2724,1724.52887192,0.006030464544892311,-290.3658752441406
0.0012415333185344934,98,16454,3235206,593.0,1617704,2728,1724.5507547499997,0.008219994604587555,-290.4297180175781
0.001245595165528357,98,16478,3239950,593.0,1620076,2732,1724.07131012,0.0066756075248122215,-289.6981506347656
0.001245661755092442,98,16502,3244694,593.0,1622448,2736,1723.72896298,0.006162277422845364,-289.625244140625
0.0012355560902506113,98,16526,3249438,593.0,1624820,2740,1723.80026495,0.006682480685412884,-290.0903015136719
0.0012689909199252725,98,16551,3254182,593.0,1627192,2744,1724.08039208,0.0076243518851697445,-290.0682067871094
0.0012311898171901703,98,16575,3258926,593.0,1629564,2748,1724.36591694,0.006517522502690554,-290.564453125
0.001231169211678207,98,16600,3263670,593.0,1631936,2752,1724.4647489499998,0.006854440085589886,-290.0281982421875
0.0012538651935756207,98,16624,3268414,593.0,1634308,2756,1724.7171750100001,0.005851691123098135,-290.83160400390625
0.0012461524456739426,98,16649,3273158,593.0,1636680,2760,1725.00153227,0.0072827753610908985,-290.2430114746094
0.0012439468409866095,98,16673,3277902,593.0,1639052,2764,1725.15278034,0.006932871416211128,-290.4002685546875
0.0012579327449202538,98,16697,3282646,593.0,1641424,2768,1725.07075224,0.005716147366911173,-290.2804870605469
0.0012477947166189551,98,16721,3287390,593.0,1643796,2772,1725.2200692699998,0.006821399554610252,-290.10516357421875
0.0012475661933422089,98,16746,3292134,593.0,1646168,2776,1725.0694420100003,0.0053518242202699184,-290.41229248046875
0.001240998157300055,98,16770,3296878,593.0,1648540,2780,1725.0570284,0.009686251170933247,-289.9991455078125
0.0012499671429395676,98,16794,3301622,593.0,1650912,2784,1725.11868123,0.0061537460424005985,-290.8448486328125
0.0012142342748120427,98,16818,3306366,593.0,1653284,2788,1725.24856238,0.005934626795351505,-290.51556396484375
0.0012433610390871763,98,16842,3311110,593.0,1655656,2792,1725.1973499800004,0.0054508536122739315,-290.6725769042969
0.0012246145633980632,98,16866,3315854,593.0,1658028,2796,1725.13535567,0.007164639420807362,-290.92266845703125
0.0012356939259916544,98,16891,3320598,593.0,1660400,2800,1725.1343555199999,0.006575405597686768,-290.342529296875
0.0012442392762750387,98,16915,3325342,593.0,1662772,2804,1725.27779747,0.006438175216317177,-290.0111389160156
0.001233423943631351,98,16939,3330086,593.0,1665144,2808,1725.29041785,0.005355427972972393,-289.9570617675781
0.0012407503090798855,98,16963,3334830,593.0,1667516,2812,1725.3490871,0.015090232715010643,-290.3049011230469
0.0013318487908691168,98,16987,3339574,593.0,1669888,2816,1724.5821758299999,0.007636562921106815,-290.8602294921875
0.001305984565988183,98,17012,3344318,593.0,1672260,2820,1723.9656583100002,0.005699705332517624,-291.2063293457031
0.0012196459574624896,98,17036,3349062,593.0,1674632,2824,1723.9323642900001,0.005605136509984732,-290.785400390625
0.0012223749654367566,98,17060,3353806,593.0,1677004,2828,1724.1120914599999,0.0084372628480196,-290.4952087402344
0.0012317835353314877,98,17085,3358550,593.0,1679376,2832,1724.7784519699997,0.007023816462606192,-290.90704345703125
0.001211755909025669,98,17109,3363294,593.0,1681748,2836,1725.33451474,0.006134152878075838,-290.900634765625
0.0012469233479350805,98,17133,3368038,593.0,1684120,2840,1725.6015555899999,0.0068060229532420635,-290.4065246582031
0.0012328806333243847,98,17158,3372782,593.0,1686492,2844,1725.6269941399996,0.005793197546154261,-291.23626708984375
0.0012189180124551058,98,17182,3377526,593.0,1688864,2848,1725.7664237899996,0.005871020723134279,-291.2775573730469
0.0012311863247305155,98,17206,3382270,593.0,1691236,2852,1725.7748092499999,0.0062041315250098705,-290.68218994140625
0.0012240161886438727,98,17230,3387014,593.0,1693608,2856,1725.88071921,0.004711542744189501,-290.80035400390625
0.001227779546752572,98,17254,3391758,593.0,1695980,2860,1725.9594176300002,0.008204239420592785,-290.84814453125
0.0012624587398022413,98,17279,3396502,593.0,1698352,2864,1725.0099146,0.03305510804057121,-291.1822204589844
0.0013606860302388668,98,17303,3401246,593.0,1700724,2868,1722.32352896,0.010155423544347286,-291.94708251953125
0.00136843032669276,98,17328,3405990,593.0,1703096,2872,1719.9798723399997,0.012261715717613697,-291.93438720703125
0.0013666267041116953,98,17352,3410734,593.0,1705468,2876,1718.5468548299998,0.011938684619963169,-291.25140380859375
0.0013501473003998399,98,17376,3415478,593.0,1707840,2880,1717.1853688300002,0.0072227478958666325,-291.6911926269531
0.001296193921007216,98,17401,3420222,593.0,1710212,2884,1716.20424963,0.00805729627609253,-291.1492919921875
0.001300731673836708,98,17425,3424966,593.0,1712584,2888,1715.2960458300004,0.008217448368668556,-291.0498352050781
0.0013171598548069596,98,17449,3429710,593.0,1714956,2892,1714.8576500600007,0.01007912214845419,-290.45367431640625
0.0013115680776536465,98,17475,3434454,593.0,1717328,2896,1714.4912265,0.007486751768738031,-290.74774169921875
0.001294127432629466,98,17499,3439198,593.0,1719700,2900,1713.9432973499997,0.007838966324925423,-291.0737609863281
0.0013121035881340504,98,17524,3443942,593.0,1722072,2904,1713.41682449,0.006270924583077431,-290.48114013671875
0.0012647599214687943,98,17548,3448686,593.0,1724444,2908,1713.0268764,0.006725341081619263,-290.8652038574219
0.00127923465333879,98,17573,3453430,593.0,1726816,2912,1712.90122447,0.005691330414265394,-291.0146789550781
0.0012729896698147058,98,17597,3458174,593.0,1729188,2916,1713.73651966,0.011410965584218502,-290.92291259765625
0.0012913307873532176,98,17621,3462918,593.0,1731560,2920,1714.42345688,0.0077908458188176155,-290.84698486328125
0.0012902156449854374,98,17645,3467662,593.0,1733932,2924,1714.3985130900003,0.00810864008963108,-290.7097473144531
0.001295140478760004,98,17670,3472406,593.0,1736304,2928,1714.4429804400006,0.007153866346925497,-291.0675048828125
0.0012818920658901334,98,17694,3477150,593.0,1738676,2932,1714.33633478,0.009003334678709507,-291.006103515625
0.0012717277277261019,98,17718,3481894,593.0,1741048,2936,1714.2652040199996,0.007080435752868652,-290.8334045410156
0.0013255960075184703,98,17743,3486638,593.0,1743420,2940,1714.1701437599997,0.01645849458873272,-290.6698913574219
0.0012628212571144104,98,17767,3491382,593.0,1745792,2944,1714.042694,0.007437041029334068,-290.69342041015625
0.0012785840081050992,98,17792,3496126,593.0,1748164,2948,1713.71044779,0.007327992934733629,-290.91412353515625
0.0012663210509344935,98,17815,3500870,593.0,1750536,2952,1713.5613357000004,0.007159264758229256,-290.71832275390625
0.0012691246811300516,98,17839,3505614,593.0,1752908,2956,1713.4248604000004,0.006279061548411846,-289.968505859375
0.0012709590373560786,98,17864,3510358,593.0,1755280,2960,1713.36265539,0.0054733227007091045,-291.0605773925781
0.0012379827676340938,98,17889,3515102,593.0,1757652,2964,1714.21171692,0.0064714946784079075,-291.1807861328125
0.001250940258614719,98,17913,3519846,593.0,1760024,2968,1717.11798272,0.005426003597676754,-290.82037353515625
0.001277035684324801,98,17937,3524590,593.0,1762396,2972,1719.7696276799998,0.0067824688740074635,-290.89593505859375
0.001273440197110176,98,17961,3529334,593.0,1764768,2976,1721.4231403400004,0.005443612113595009,-291.3203125
0.001259214710444212,98,17986,3534078,593.0,1767140,2980,1723.1024149900002,0.00754902046173811,-290.90936279296875
0.0012549018720164895,98,18010,3538822,593.0,1769512,2984,1724.33017234,0.005951514467597008,-291.1964416503906
0.00124599679838866,98,18034,3543566,593.0,1771884,2988,1725.32065429,0.00754206208512187,-290.84881591796875
0.0012355147628113627,98,18058,3548310,593.0,1774256,2992,1726.03530454,0.006207150872796774,-291.3211669921875
0.0012531528482213616,98,18082,3553054,593.0,1776628,2996,1726.7300832600001,0.008355850353837013,-290.91864013671875
0.0012402746360749006,98,18107,3557798,593.0,1779000,3000,1727.4261175100003,0.007809421047568321,-291.5984191894531
0.0012530452804639935,98,18131,3562542,593.0,1781372,3004,1728.25082677,0.00695227924734354,-290.5103759765625
0.0012775546638295054,98,18155,3567286,593.0,1783744,3008,1729.0230517999996,0.006612867116928101,-291.2406005859375
0.0012517266441136599,98,18179,3572030,593.0,1786116,3012,1729.7281794699995,0.00687881326302886,-291.1679382324219
0.0012624353403225541,98,18203,3576774,593.0,1788488,3016,1730.34644549,0.006554995197802782,-291.60345458984375
0.0012550358660519123,98,18228,3581518,593.0,1790860,3020,1730.6662453499998,0.006954048294574022,-291.28302001953125
0.0012541433097794652,98,18251,3586262,593.0,1793232,3024,1731.0951189999998,0.006901986431330442,-291.166015625
0.0012433811789378524,98,18276,3591006,593.0,1795604,3028,1731.3524735800002,0.006244678515940905,-290.36834716796875
0.0012284236727282405,98,18300,3595750,593.0,1797976,3032,1731.55914434,0.0077855526469647884,-291.1370544433594
0.0012295986525714397,98,18324,3600494,593.0,1800348,3036,1731.9533341999997,0.007063662633299828,-291.80023193359375
0.0012471225345507264,98,18348,3605238,593.0,1802720,3040,1732.33423649,0.005619058385491371,-291.43341064453125
0.0012479316210374236,98,18373,3609982,593.0,1805092,3044,1732.7393335600002,0.006470465566962957,-291.20281982421875
0.0012394109508022666,98,18397,3614726,593.0,1807464,3048,1733.24891645,0.005769859068095684,-291.6649475097656
0.0012499481672421098,98,18421,3619470,593.0,1809836,3052,1733.80329489,0.008010159246623516,-291.61083984375
0.0012519642477855086,98,18446,3624214,593.0,1812208,3056,1734.2368014200003,0.00908105168491602,-291.08123779296875
0.0012491490924730897,98,18470,3628958,593.0,1814580,3060,1734.5505725700004,0.006438625976443291,-291.863525390625
0.0012504238402470946,98,18494,3633702,593.0,1816952,3064,1734.9216393099998,0.007207000628113747,-292.4287109375
0.001253668568097055,98,18518,3638446,593.0,1819324,3068,1735.26322542,0.006780419498682022,-291.6814880371094
0.0012655645841732621,98,18543,3643190,593.0,1821696,3072,1735.3541116699998,0.007072089705616236,-292.418701171875
0.0012660021893680096,98,18567,3647934,593.0,1824068,3076,1735.5333372199996,0.007754617836326361,-291.91888427734375
0.0012806206941604614,98,18591,3652678,593.0,1826440,3080,1735.68301945,0.00705507630482316,-291.2276611328125
0.0012765108840540051,98,18615,3657422,593.0,1828812,3084,1735.8745332699996,0.012495537288486958,-291.76861572265625
0.0014585109893232584,98,18640,3662166,593.0,1831184,3088,1735.3235211100005,0.028198620304465294,-292.4659118652344
0.0014844045508652925,98,18664,3666910,593.0,1833556,3092,1733.1073422999998,0.024550722911953926,-292.2117919921875
0.0013838177546858788,98,18689,3671654,593.0,1835928,3096,1730.71364095,0.02602211758494377,-292.1770935058594
0.0014532003551721573,98,18714,3676398,593.0,1838300,3100,1729.80990182,0.026750698685646057,-292.1893310546875
0.0015539946034550667,98,18738,3681142,593.0,1840672,3104,1727.17999963,0.01459205150604248,-292.1679382324219
0.00150567467790097,98,18763,3685886,593.0,1843044,3108,1724.9070002400001,0.03886807709932327,-292.6634216308594
0.0014255258720368147,98,18787,3690630,593.0,1845416,3112,1722.4825441300009,0.01759442873299122,-293.133056640625
0.001454405952244997,98,18812,3695374,593.0,1847788,3116,1719.8980099000003,0.013079687021672726,-292.8305358886719
0.0013580367667600513,98,18836,3700118,593.0,1850160,3120,1717.85337833,0.00929214432835579,-292.64520263671875
0.0013099630596116185,98,18861,3704862,593.0,1852532,3124,1716.51406127,0.013494011014699936,-291.77679443359375
0.0013390496606007218,98,18885,3709606,593.0,1854904,3128,1715.7678686600002,0.012173159047961235,-291.6726379394531
0.0013189297169446945,98,18909,3714350,593.0,1857276,3132,1715.6040092300004,0.008662291802465916,-292.1422119140625
0.0013186329742893577,98,18933,3719094,593.0,1859648,3136,1715.3840225200004,0.009314910508692265,-291.59014892578125
0.0012978098820894957,98,18957,3723838,593.0,1862020,3140,1715.11190218,0.008184699341654778,-291.631591796875
0.0012829579645767808,98,18981,3728582,593.0,1864392,3144,1714.95042923,0.0066520702093839645,-291.6651611328125
0.0012787748128175735,98,19006,3733326,593.0,1866764,3148,1714.7828953599999,0.008367563597857952,-291.69952392578125
0.001305455924011767,98,19030,3738070,593.0,1869136,3152,1714.65536504,0.009131142869591713,-291.54132080078125
0.0013048093533143401,98,19055,3742814,593.0,1871508,3156,1714.5877722800003,0.007048903964459896,-292.43170166015625
0.0012973775155842304,98,19079,3747558,593.0,1873880,3160,1714.66765421,0.0069685811176896095,-291.9422607421875
0.0012972129043191671,98,19103,3752302,593.0,1876252,3164,1714.6345614299996,0.00673096114769578,-291.11492919921875
0.0013018064200878143,98,19128,3757046,593.0,1878624,3168,1714.6438321000003,0.008526424877345562,-292.1807861328125
0.0013126949779689312,98,19152,3761790,593.0,1880996,3172,1714.7391032100004,0.006865799427032471,-292.05010986328125
0.0012885150499641895,98,19176,3766534,593.0,1883368,3176,1714.8351974299999,0.0074583496898412704,-292.6818542480469
0.0013175562489777803,98,19200,3771278,593.0,1885740,3180,1714.84649301,0.007796489167958498,-291.6012268066406
0.0013094060122966766,98,19224,3776022,593.0,1888112,3184,1714.8418215099998,0.006892228499054909,-292.04095458984375
0.0012920225271955132,98,19249,3780766,593.0,1890484,3188,1715.7515753000002,0.007194735575467348,-292.06890869140625
0.0013002665946260095,98,19273,3785510,593.0,1892856,3192,1718.0656027000002,0.008608607575297356,-292.1415100097656
0.0013251081109046936,98,19297,3790254,593.0,1895228,3196,1720.6329041299998,0.007238146848976612,-292.074951171875
0.001321794930845499,98,19322,3794998,593.0,1897600,3200,1721.78144745,0.00804219115525484,-292.0518493652344
0.001312208129093051,98,19346,3799742,593.0,1899972,3204,1724.5015260600003,0.007295847404748201,-292.0396728515625
0.0013000123435631394,98,19370,3804486,593.0,1902344,3208,1727.0078533499996,0.0072909630835056305,-292.43310546875
0.0012982209445908666,98,19394,3809230,593.0,1904716,3212,1729.4624972800004,0.010320557281374931,-292.357421875
0.0012728816363960505,98,19419,3813974,593.0,1907088,3216,1732.1306528600003,0.00854768231511116,-292.1405334472656
0.0012922973837703466,98,19443,3818718,593.0,1909460,3220,1734.2848577500001,0.00851407926529646,-292.9494934082031
0.0012795195216313004,98,19468,3823462,593.0,1911832,3224,1735.7808337399997,0.007849019952118397,-292.197021484375
0.0012849728809669614,98,19492,3828206,593.0,1914204,3228,1736.6190382199995,0.008822096511721611,-291.7154846191406
0.0013192115584388375,98,19517,3832950,593.0,1916576,3232,1736.88084061,0.008919252082705498,-292.04888916015625
0.0013102079974487424,98,19541,3837694,593.0,1918948,3236,1736.9978082999996,0.014412892051041126,-291.91693115234375
0.0013184701092541218,98,19566,3842438,593.0,1921320,3240,1737.24590844,0.009243902750313282,-292.2861328125
0.0013138728681951761,98,19590,3847182,593.0,1923692,3244,1737.43337472,0.008068574592471123,-292.634521484375
0.0013223825953900814,98,19614,3851926,593.0,1926064,3248,1737.6465545699998,0.009007277898490429,-291.90179443359375
0.0013009532121941447,98,19639,3856670,593.0,1928436,3252,1737.6842413599995,0.015289555303752422,-291.7098693847656
0.0013199036475270987,98,19663,3861414,593.0,1930808,3256,1737.6697871500003,0.010484126396477222,-291.97772216796875
0.001281142933294177,98,19687,3866158,593.0,1933180,3260,1737.72169054,0.012961888685822487,-292.4665832519531
0.0013149358564987779,98,19711,3870902,593.0,1935552,3264,1737.66009886,0.007855908013880253,-292.5514831542969
0.001267210696823895,98,19736,3875646,593.0,1937924,3268,1737.4478666400005,0.008038835600018501,-292.5503234863281
0.0013064909726381302,98,19761,3880390,593.0,1940296,3272,1737.42050918,0.008646456524729729,-292.30865478515625
0.0014311809791252017,98,19785,3885134,593.0,1942668,3276,1737.1309233700001,0.03914737328886986,-292.376708984375
0.0014582801377400756,98,19809,3889878,593.0,1945040,3280,1735.9968536400002,0.014766248874366283,-292.3052062988281
0.001375095103867352,98,19834,3894622,593.0,1947412,3284,1735.18464174,0.011008601635694504,-292.352783203125
0.0013060106430202723,98,19859,3899366,593.0,1949784,3288,1734.53436228,0.006925707217305899,-292.5956115722656
0.0012672728626057506,98,19883,3904110,593.0,1952156,3292,1734.34454474,0.00696865189820528,-293.2769775390625
0.0012716281926259398,98,19908,3908854,593.0,1954528,3296,1734.4065634299998,0.007506492547690868,-293.1351318359375
0.001305590383708477,98,19932,3913598,593.0,1956900,3300,1734.2788016900001,0.007180472835898399,-292.6365661621094
0.0012821683194488287,98,19956,3918342,593.0,1959272,3304,1734.30624152,0.010771370492875576,-292.75860595703125
0.001294501475058496,98,19980,3923086,593.0,1961644,3308,1734.2155962499996,0.00670745549723506,-292.6866455078125
0.0012790753971785307,98,20005,3927830,593.0,1964016,3312,1734.2967132300003,0.006236101500689983,-293.42510986328125
0.0013083050725981593,98,20030,3932574,593.0,1966388,3316,1734.38410156,0.008178742602467537,-292.7406005859375
0.0012704343535006046,98,20054,3937318,593.0,1968760,3320,1734.5055239700002,0.005523055791854858,-292.54827880859375
0.001298675430007279,98,20078,3942062,593.0,1971132,3324,1734.7107518100001,0.007209944073110819,-292.6408386230469
0.0013046961976215243,98,20103,3946806,593.0,1973504,3328,1734.93890499,0.006695783231407404,-291.99560546875
0.0013312995433807373,98,20127,3951550,593.0,1975876,3332,1735.3354817000002,0.008440162055194378,-292.8746643066406
0.0012976019643247128,98,20152,3956294,593.0,1978248,3336,1735.4722944800003,0.010541473515331745,-292.612060546875
0.0013037048047408462,98,20176,3961038,593.0,1980620,3340,1735.72942489,0.012807981111109257,-293.0257568359375
0.0013018125900998712,98,20200,3965782,593.0,1982992,3344,1735.8729020900003,0.011375545524060726,-292.9692077636719
0.0012995066354051232,98,20224,3970526,593.0,1985364,3348,1735.8146452600004,0.0101312305778265,-292.314697265625
0.0012853313237428665,98,20249,3975270,593.0,1987736,3352,1735.6889953500001,0.009932959452271461,-292.60089111328125
0.0013016283046454191,98,20274,3980014,593.0,1990108,3356,1735.5828802800004,0.008968980051577091,-292.5758361816406
0.001289299805648625,98,20298,3984758,593.0,1992480,3360,1735.5149204100003,0.008641833439469337,-292.41900634765625
0.0012881009606644511,98,20321,3989502,593.0,1994852,3364,1735.47123776,0.008541015908122063,-293.0598449707031
0.0013781632296741009,98,20346,3994246,593.0,1997224,3368,1734.3954285100003,0.016556251794099808,-292.5902099609375
0.0013956425245851278,98,20370,3998990,593.0,1999596,3372,1733.76710135,0.008994990959763527,-292.9036865234375
