#{"t_start": 1690613332.0471237, "env_id": "None"}
r,l,t,precision,recall,f1,sustain_precision,sustain_recall,sustain_f1
174.56862,1321,28.809541,0.7016726145416531,0.013241231390360838,0.2928054744481694,0.5018925056775171,1.0,0.5018925056775171
399.347207,1321,41.764692,0.6949028513752208,0.011357737644641505,0.3052443435108083,0.6177138531415595,1.0,0.6177138531415595
884.800654,1321,54.724429,0.749369164774161,0.008856926570779711,0.24913365295651443,0.7819833459500378,1.0,0.7819833459500378
1272.031254,1321,67.786677,0.8109260661115317,0.006592228110017663,0.18807000468620452,0.8607115821347464,1.0,0.8607115821347464
1608.317777,1321,80.712304,0.8539616452182689,0.005488266464799395,0.14538108455595208,0.9008327024981075,1.0,0.9008327024981075
1847.634371,1321,93.565058,0.8393515013878374,0.006459752712591471,0.15920238395635822,0.9401968205904617,1.0,0.9401968205904617
1980.948388,1321,106.478268,0.8445622003532676,0.009154320320103817,0.15623745839491487,0.9424678274034822,1.0,0.9424678274034822
2152.798008,1321,119.559364,0.8780847842543528,0.006245268735806208,0.12262535597130601,0.9727479182437547,1.0,0.9727479182437547
2234.685565,1321,132.626493,0.8993943981831944,0.004478930103456976,0.10138062795140765,0.9856169568508706,1.0,0.9856169568508706
2304.655904,1321,145.263869,0.8881529144587433,0.004952056522836235,0.11276329860735615,0.9954579863739591,1.0,0.9954579863739591
2358.179496,1321,158.593755,0.8918748422911934,0.0059298511228867016,0.10744385566490033,0.9924299772899319,1.0,0.9924299772899319
2412.511673,1321,171.66495,0.9201362604087813,0.004163512490537472,0.08116506254280667,0.9962149886449659,1.0,0.9962149886449659
2443.488577,1321,185.2452,0.9067625536209941,0.007443855664900327,0.09610143830431492,0.9962149886449659,1.0,0.9962149886449659
2499.082382,1321,198.580918,0.9137017411052233,0.0038102447640676255,0.08982012184131791,0.9962149886449659,1.0,0.9962149886449659
2526.130528,1321,211.444171,0.8996971990915973,0.0055513499873832955,0.1037417540824051,0.9931869795609387,1.0,0.9931869795609387
2568.179718,1321,224.353316,0.9058163007822356,0.007317688619732525,0.09753073068743015,0.991672975018925,1.0,0.991672975018925
2594.695185,1321,237.269352,0.8906131718395155,0.006284020042536319,0.11351309133292478,0.9977289931869796,1.0,0.9977289931869796
2553.150884,1321,250.682048,0.8872066616199848,0.0075384809487761785,0.12149405813296803,0.9977289931869796,1.0,0.9977289931869796
2469.316848,1321,263.441159,0.867676003028009,0.012465304062578854,0.1364154140081468,0.9924299772899319,1.0,0.9924299772899319
2373.611091,1321,276.193062,0.8568634872571284,0.012869038607115819,0.14942503875130672,0.9765329295987888,1.0,0.9765329295987888
2073.994323,1321,289.089848,0.7636260408781226,0.008263941458491042,0.239643487978083,0.9303557910673732,1.0,0.9303557910673732
2077.01723,1321,301.902462,0.7869669442341661,0.008276558163007822,0.21117299304278866,0.9515518546555639,1.0,0.9515518546555639
2167.093513,1321,315.034206,0.8497855160232147,0.005393641180923543,0.14933491943332972,0.9803179409538229,1.0,0.9803179409538229
2215.201044,1321,328.021849,0.8266086298258896,0.012244511733535201,0.17471672494382562,0.9863739591218774,1.0,0.9863739591218774
2286.064919,1321,340.842806,0.84894199920695,0.006939187484229119,0.15224408025316427,0.9901589704769115,1.0,0.9901589704769115
2286.135982,1321,353.690243,0.8612667171334848,0.00579737572546051,0.13812347548153756,0.9689629068887207,1.0,0.9689629068887207
2242.423463,1321,366.798286,0.8474892758011607,0.008200857935907142,0.1499477854133418,0.9818319454958365,1.0,0.9818319454958365
2288.809023,1321,379.874467,0.8245647236941711,0.0080999242997729,0.17939817773277272,0.9841029523088569,1.0,0.9841029523088569
2349.41612,1321,392.724536,0.846959374211456,0.009399444865001263,0.15284777044807324,0.9697199091597275,1.0,0.9697199091597275
2406.782899,1321,405.325234,0.8892253343426696,0.0034065102195306586,0.11176237338235823,0.9856169568508706,1.0,0.9856169568508706
2405.167172,1321,418.512197,0.8885944991168307,0.0037471612414837247,0.11257224565324489,0.9954579863739591,1.0,0.9954579863739591
2401.616035,1321,431.798209,0.8733913701741105,0.006743628564219026,0.13021160015861,0.9712339137017411,1.0,0.9712339137017411
2534.040383,1321,444.64017,0.8997602826141812,0.010818824123139035,0.1026453023803516,0.9969719909159728,1.0,0.9969719909159728
2501.55614,1321,457.303583,0.8873328286651525,0.009399444865001261,0.11068094156663424,0.991672975018925,1.0,0.991672975018925
2509.983115,1321,469.928632,0.8870804945748172,0.0035326772646984603,0.11270201747113177,0.9901589704769115,1.0,0.9901589704769115
2575.671449,1321,483.085832,0.914521826898814,0.005603619191809956,0.08422010742222702,0.9969719909159728,1.0,0.9969719909159728
2578.986058,1321,496.360502,0.8875851627554883,0.0049160087956454344,0.11542362087403722,0.9939439818319455,1.0,0.9939439818319455
2630.445136,1321,509.278906,0.9047438808983093,0.017915720413827906,0.1039730603318794,0.9969719909159728,1.0,0.9969719909159728
2637.723017,1321,521.823997,0.9285894524350239,0.009462528387585163,0.07322795381084556,0.9984859954579863,1.0,0.9984859954579863
2663.286129,1321,534.598468,0.8877113298006561,0.012011102699974767,0.11712807757470892,0.9924299772899319,1.0,0.9924299772899319
2625.887289,1321,547.492762,0.9015897047691143,0.011922785768357305,0.10548105691936123,0.9803179409538229,1.0,0.9803179409538229
2632.381816,1321,560.60587,0.8790058036840777,0.005235932374463789,0.12056342597599223,0.9931869795609387,1.0,0.9931869795609387
2655.894252,1321,573.577477,0.9061317183951552,0.005772142316426948,0.09798553284548743,0.9894019682059046,1.0,0.9894019682059046
2648.023396,1321,586.417374,0.9004542013626041,0.005425182942215494,0.10222414476767239,0.9931869795609387,1.0,0.9931869795609387
2626.907927,1321,599.580261,0.9287156194801918,0.00927327781983346,0.0770285858476623,0.9962149886449659,1.0,0.9962149886449659
2639.117268,1321,612.897132,0.9049331314660609,0.009020943729497855,0.10124004181536354,0.9977289931869796,1.0,0.9977289931869796
2684.040282,1321,625.848009,0.9010850365884431,0.009740095886954328,0.10424281749035724,0.9977289931869796,1.0,0.9977289931869796
2680.918306,1321,638.726616,0.9154680797375725,0.009777946000504668,0.0871597995746368,0.9977289931869796,1.0,0.9977289931869796
2695.294972,1321,651.795568,0.9081503911178401,0.010661115316679282,0.09854907898057028,0.9962149886449659,1.0,0.9962149886449659
2731.149029,1321,665.203218,0.9169820842795862,0.008831693161746151,0.0907789913845932,0.9962149886449659,1.0,0.9962149886449659
2689.303372,1321,678.229289,0.941332323996972,0.011418117587686096,0.06699830575682203,0.9909159727479182,1.0,0.9909159727479182
2708.993319,1321,691.286407,0.9179914206409284,0.009361594751450921,0.08572630162334931,0.9931869795609387,1.0,0.9931869795609387
2727.402115,1321,704.19214,0.932374463790058,0.009588695432752965,0.07835754539009648,0.9984859954579863,1.0,0.9984859954579863
2726.425401,1321,716.942288,0.9294726217511985,0.003154176129195054,0.07154933131466061,0.9984859954579863,1.0,0.9984859954579863
2731.213584,1321,729.766764,0.9198208427958616,0.007342922028766086,0.08445802242168632,0.9962149886449659,1.0,0.9962149886449659
2737.883187,1321,742.780382,0.9496593489780469,0.005551349987383295,0.05431070737656657,0.9984859954579863,1.0,0.9984859954579863
2701.719499,1321,755.760909,0.901778955336866,0.0074753974261922785,0.09918171659276884,0.9969719909159728,1.0,0.9969719909159728
2765.991227,1321,768.57851,0.935023971738582,0.020849104213979307,0.07699073573411197,0.9939439818319455,1.0,0.9939439818319455
2733.225555,1321,781.309928,0.9263184456220034,0.011134241736058542,0.07751222618747221,0.9984859954579863,1.0,0.9984859954579863
2694.425971,1321,794.156003,0.9174236689376734,0.01577088064597527,0.08733883661968446,1.0,1.0,1.0
2647.83158,1321,807.159227,0.91148120111027,0.01627554882664648,0.09668120591663361,0.9969719909159728,1.0,0.9969719909159728
2653.170603,1321,820.113824,0.9029144587433763,0.008793843048195811,0.09806243466349447,0.9984859954579863,1.0,0.9984859954579863
2664.277305,1321,833.021842,0.9241736058541509,0.007406005551349988,0.07788111459572473,0.9894019682059046,1.0,0.9894019682059046
2679.284128,1321,845.947031,0.9099167297501892,0.007727731516527882,0.09138699638321138,0.9969719909159728,1.0,0.9969719909159728
2737.773374,1321,858.845181,0.9325637143578096,0.020754478930103456,0.08438543540738846,0.9977289931869796,1.0,0.9977289931869796
2683.192864,1321,871.677468,0.8971360080746908,0.015165278829169819,0.11511721519291543,0.9909159727479182,1.0,0.9909159727479182
2704.233869,1321,884.621981,0.8758516275548827,0.013878374968458238,0.13270249810749432,0.9969719909159728,1.0,0.9969719909159728
2730.30638,1321,897.432435,0.8984355286399192,0.009803179409538228,0.10827175179938239,0.9992429977289932,1.0,0.9992429977289932
2778.398905,1321,910.265512,0.940070653545294,0.01640171587181428,0.07205711270813467,1.0,1.0,1.0
2777.38334,1321,923.310835,0.9123769871309614,0.01873580620741862,0.10100933636134242,0.9992429977289932,1.0,0.9992429977289932
2783.620524,1321,936.22551,0.9132601564471361,0.015329295987887964,0.09848960023070547,0.9962149886449659,1.0,0.9962149886449659
2731.231771,1321,949.423129,0.9062578854403228,0.011102699974766591,0.09765509534623841,0.9969719909159728,1.0,0.9969719909159728
2774.724797,1321,962.723279,0.9331945495836488,0.022836235175372192,0.08094877617966187,0.9977289931869796,1.0,0.9977289931869796
2756.731432,1321,976.087419,0.9008327024981075,0.014004542013626041,0.10488446703435349,0.9969719909159728,1.0,0.9969719909159728
2720.723326,1321,989.315245,0.8877113298006561,0.012805955084531919,0.1197890006368432,0.9894019682059046,1.0,0.9894019682059046
2807.362936,1321,1002.260576,0.9171082513247539,0.01526621246530406,0.08657762878050539,0.9984859954579863,1.0,0.9984859954579863
2771.367936,1321,1015.228994,0.915783497350492,0.011355034065102194,0.09254533001694243,0.9984859954579863,1.0,0.9984859954579863
2771.688945,1321,1028.14439,0.9074564723694171,0.01510850365884431,0.10522932362447882,0.9962149886449659,1.0,0.9962149886449659
2798.665821,1321,1040.971938,0.9257506939187483,0.0260156447136008,0.09165495115532965,0.9984859954579863,1.0,0.9984859954579863
2756.518578,1321,1054.462347,0.894145849104214,0.016086298258894776,0.11316042440190811,0.9992429977289932,1.0,0.9992429977289932
2784.927027,1321,1067.546311,0.9264446126671713,0.017789553368660106,0.0834847337875347,0.9992429977289932,1.0,0.9992429977289932
2780.613671,1321,1080.517019,0.9047438808983093,0.014256876103961645,0.10804044554990809,0.9954579863739591,1.0,0.9954579863739591
2759.134122,1321,1093.583129,0.8886575826394145,0.0139036083774918,0.11847986734436394,0.9977289931869796,1.0,0.9977289931869796
2773.837872,1321,1106.907718,0.9198839263184457,0.021132980065606863,0.09762986193720485,0.9886449659348978,1.0,0.9886449659348978
2798.282054,1321,1120.289859,0.9143325763310625,0.016370174110522332,0.09451959849386041,0.9984859954579863,1.0,0.9984859954579863
2758.080487,1321,1133.837812,0.8967953570527377,0.016212465304062576,0.10978034918231738,1.0,1.0,1.0
2767.300713,1321,1147.242691,0.904996214988645,0.028766086298258896,0.11422443314948992,0.9901589704769115,1.0,0.9901589704769115
2762.270123,1321,1160.40902,0.903671461014383,0.013481849969359432,0.10732850293788974,0.9894019682059046,1.0,0.9894019682059046
2766.846064,1321,1173.71122,0.8661367650769618,0.013184456220035326,0.1415395984283191,0.9901589704769115,1.0,0.9901589704769115
2800.771055,1321,1186.912865,0.9224072672218017,0.0199416026819509,0.09479290580728884,0.9901589704769115,1.0,0.9901589704769115
2740.724823,1321,1200.498596,0.9019682059046177,0.011291950542518294,0.10661656032587144,0.9924299772899319,1.0,0.9924299772899319
2807.941188,1321,1213.469456,0.924173605854151,0.010156447136008074,0.08546555639666918,1.0,1.0,1.0
2872.259881,1321,1226.743927,0.9239212717638153,0.02458454994412602,0.09281028081179483,0.9992429977289932,1.0,0.9992429977289932
2847.186633,1321,1239.512125,0.8779333838001514,0.022331566994700985,0.1376554558235103,0.9984859954579863,1.0,0.9984859954579863
2851.47423,1321,1252.10733,0.9183699217764318,0.012869038607115822,0.08757434843733103,1.0,1.0,1.0
2833.4087,1321,1264.705226,0.9258137774413323,0.00876860963916225,0.07960239356908547,1.0,1.0,1.0
2824.251483,1321,1277.701539,0.8920010093363613,0.02207923290436538,0.11879168018456435,0.9992429977289932,1.0,0.9992429977289932
2865.518007,1321,1290.543831,0.9380519808226092,0.02289931869795609,0.0766681085757543,0.9992429977289932,1.0,0.9992429977289932
2862.670969,1321,1303.2208,0.9251829422154932,0.012805955084531919,0.0860273001453925,0.9992429977289932,1.0,0.9992429977289932
2876.514393,1321,1315.806454,0.9187484229119353,0.020578746260048304,0.09469617773932687,0.9992429977289932,1.0,0.9992429977289932
2862.531239,1321,1328.778914,0.9149634115569014,0.01876734796871057,0.09753925105931162,0.9984859954579863,1.0,0.9984859954579863
2877.696959,1321,1341.813561,0.946379005803684,0.015076961897552357,0.06350167621931438,1.0,1.0,1.0
2919.092579,1321,1354.724305,0.9456850870552612,0.032141054756497596,0.07921728368359708,0.9984859954579863,1.0,0.9984859954579863
2918.448342,1321,1367.557272,0.9521826898814031,0.026558163007822353,0.07411112312702017,1.0,1.0,1.0
2896.931835,1321,1380.401591,0.9284632853898561,0.024129447388342162,0.08083222186174495,1.0,1.0,1.0
2890.316097,1321,1393.221956,0.9405753217259651,0.025990411304567244,0.07688079016618002,0.9984859954579863,1.0,0.9984859954579863
2901.134014,1321,1406.130958,0.9217764319959627,0.021669190007570022,0.09019381661319588,0.9992429977289932,1.0,0.9992429977289932
2934.18338,1321,1418.962905,0.927832450164017,0.027567499369164774,0.09299352342501471,0.9992429977289932,1.0,0.9992429977289932
2937.49093,1321,1431.98308,0.9464420893262679,0.028103709311127933,0.07648306357617485,1.0,1.0,1.0
2904.496148,1321,1445.178383,0.9132601564471359,0.018193287913197072,0.10343895317400238,1.0,1.0,1.0
2911.757391,1321,1457.885918,0.9191900075700227,0.024627807216754984,0.09984439397762637,0.9992429977289932,1.0,0.9992429977289932
2885.34709,1321,1470.601429,0.9078980570275045,0.0317562452687358,0.10774124941422443,0.9977289931869796,1.0,0.9977289931869796
2881.523992,1321,1483.367944,0.8971738581882411,0.022457734039868785,0.11991096211383873,1.0,1.0,1.0
2915.33979,1321,1496.630414,0.9365379762805955,0.020716628816553118,0.08103889549763887,1.0,1.0,1.0
2939.671801,1321,1510.001189,0.9415846580873077,0.02161962438268267,0.0740113910817923,1.0,1.0,1.0
2915.575453,1321,1523.122788,0.9178652535957608,0.031056018168054502,0.10597911635004746,1.0,1.0,1.0
2953.244357,1321,1535.924287,0.936916477416099,0.03388936952525143,0.09194393376830924,1.0,1.0,1.0
2906.642641,1321,1548.631133,0.916477416098915,0.017347968710572797,0.09714862477920766,0.9977289931869796,1.0,0.9977289931869796
2955.895455,1321,1561.118854,0.9432248296744891,0.0175372192783245,0.07090587938430483,0.9992429977289932,1.0,0.9992429977289932
2929.319161,1321,1573.741558,0.9052485490789806,0.021637648246278073,0.1129267149706211,0.9992429977289932,1.0,0.9992429977289932
2937.60624,1321,1586.327758,0.9272016149381781,0.017834613027648608,0.08541268639678935,1.0,1.0,1.0
2950.039752,1321,1598.927934,0.9314912944738835,0.024553008182834072,0.09048039604436274,1.0,1.0,1.0
2951.295002,1321,1611.601864,0.9337623012869039,0.027044807324898164,0.08814390252694566,1.0,1.0,1.0
2959.76492,1321,1624.15691,0.9345823870804947,0.03627302548574312,0.08642442593994448,1.0,1.0,1.0
2969.276021,1321,1636.997714,0.9294726217511987,0.03141559424678274,0.09933311704697019,1.0,1.0,1.0
2934.055052,1321,1649.667898,0.9294726217511987,0.030595508453192026,0.086222558667676,0.9992429977289932,1.0,0.9992429977289932
2983.691521,1321,1662.672245,0.9434771637648247,0.02980786561407303,0.08464907537579755,1.0,1.0,1.0
2968.879047,1321,1675.819747,0.9216502649507948,0.03591975775927328,0.10839010850365885,0.9992429977289932,1.0,0.9992429977289932
2993.232178,1321,1688.778184,0.9352763058289175,0.03527630582891749,0.10076601420280451,0.9962149886449659,1.0,0.9962149886449659
2981.846361,1321,1702.113243,0.9197577592732779,0.02973757254605097,0.10811674657246194,1.0,1.0,1.0
2997.896523,1321,1715.574598,0.939439818319455,0.027062831188493567,0.08376590605962293,1.0,1.0,1.0
3005.869942,1321,1729.061983,0.9264446126671715,0.023530153923795104,0.09422154933131466,1.0,1.0,1.0
3016.32109,1321,1742.066243,0.9385566490032805,0.04280217007317688,0.09590497819112503,1.0,1.0,1.0
2995.969876,1321,1755.26021,0.9267600302800908,0.036847986734436386,0.10762890066447978,1.0,1.0,1.0
3003.653747,1321,1768.139759,0.9333838001514004,0.029428463285389856,0.08688223207526766,1.0,1.0,1.0
3004.02062,1321,1780.765609,0.9376734796871056,0.040562705021448396,0.09704408637035435,0.9984859954579863,1.0,0.9984859954579863
2989.220754,1321,1793.456469,0.9055639666919001,0.05095346238419668,0.13694711798421108,1.0,1.0,1.0
3011.523407,1321,1806.513717,0.9313651274287156,0.03561064849861216,0.09925441284260361,1.0,1.0,1.0
3008.869111,1321,1820.017171,0.9453065859197578,0.04176129195054252,0.09635377239465051,1.0,1.0,1.0
2986.905183,1321,1832.848494,0.9038607115821348,0.03228614685844057,0.1276486067553441,0.9992429977289932,1.0,0.9992429977289932
2976.827199,1321,1845.940792,0.9293464547060307,0.03690386071158214,0.10544320680581087,1.0,1.0,1.0
2990.73469,1321,1859.467413,0.9352763058289175,0.03087307595256119,0.0887080494574817,1.0,1.0,1.0
3014.082514,1321,1872.505054,0.929220287660863,0.03936411809235428,0.10980858656861685,0.9984859954579863,1.0,0.9984859954579863
2980.343275,1321,1885.400402,0.9137900580368409,0.03643073429220288,0.11575646155509894,1.0,1.0,1.0
2985.539855,1321,1898.106216,0.9145849104213978,0.03717511985869291,0.12002751643175563,0.9992429977289932,1.0,0.9992429977289932
3038.393043,1321,1910.666567,0.9461266717133484,0.0440458166612595,0.09397342080915132,1.0,1.0,1.0
3037.808077,1321,1923.227053,0.9491546807973756,0.042505677517032554,0.08995229684101749,1.0,1.0,1.0
2996.307695,1321,1935.84609,0.9058163007822356,0.04024728740852889,0.12762517573267004,1.0,1.0,1.0
3002.609587,1321,1948.42172,0.9236058541508959,0.0434960888215998,0.11582014587313602,1.0,1.0,1.0
3037.1127,1321,1961.018861,0.9239212717638153,0.04213979308604592,0.10909664395659854,0.9984859954579863,1.0,0.9984859954579863
3012.904597,1321,1973.740664,0.9309866262932124,0.04788039364118092,0.10777849873232159,1.0,1.0,1.0
3016.862071,1321,1986.858831,0.9351501387837496,0.03957860206913954,0.0997891207959338,1.0,1.0,1.0
3020.789931,1321,2000.098468,0.9415215745647237,0.03593958400922821,0.09184600410944088,1.0,1.0,1.0
3057.522981,1321,2013.303349,0.9491546807973756,0.05943819617173137,0.10116854715643513,0.9984859954579863,1.0,0.9984859954579863
3010.963611,1321,2026.364398,0.9372949785516022,0.05073267005515302,0.11335988849236389,0.9977289931869796,1.0,0.9977289931869796
2986.902753,1321,2039.474317,0.9219656825637144,0.04122057604268051,0.11954868245557118,1.0,1.0,1.0
2975.001755,1321,2052.735857,0.9276431995962653,0.04001387837496846,0.10568172260072335,0.9992429977289932,1.0,0.9992429977289932
3018.557676,1321,2065.721774,0.935023971738582,0.045003785011355026,0.10400850726361702,1.0,1.0,1.0
3045.026853,1321,2078.657429,0.9296618723189504,0.05485112288670199,0.12206120904076997,1.0,1.0,1.0
3010.177532,1321,2091.665673,0.9277062831188494,0.0439827331386756,0.11501988632950026,0.9992429977289932,1.0,0.9992429977289932
3006.802424,1321,2104.648861,0.929220287660863,0.04427832450164017,0.11296516587962462,0.9969719909159728,1.0,0.9969719909159728
3020.848406,1321,2117.642606,0.9433509967196567,0.04649976568977326,0.09610504307703399,0.9992429977289932,1.0,0.9992429977289932
2989.521361,1321,2130.740917,0.9065102195306586,0.0466187231895029,0.12154392415558198,1.0,1.0,1.0
2996.487533,1321,2144.000978,0.9253721927832449,0.03896759309325546,0.11138747701957391,0.9984859954579863,1.0,0.9984859954579863
3018.48848,1321,2157.233914,0.9270123643704263,0.0498044410799899,0.12007738245436957,1.0,1.0,1.0
3000.191194,1321,2170.104499,0.9224072672218017,0.034973504920514764,0.10625247828124437,1.0,1.0,1.0
3026.568968,1321,2183.198339,0.9466313398940197,0.039598428319094485,0.09047078331711185,0.9992429977289932,1.0,0.9992429977289932
3016.278927,1321,2195.850015,0.9307342922028766,0.04580584694135035,0.11289427201614938,0.9977289931869796,1.0,0.9977289931869796
3019.495734,1321,2208.870301,0.93111279333838,0.03631808514473162,0.10263869363036661,1.0,1.0,1.0
3020.427773,1321,2221.983686,0.932374463790058,0.03774917991420641,0.09912584261562309,0.9992429977289932,1.0,0.9992429977289932
3027.547168,1321,2234.75442,0.9456850870552612,0.04615911466782019,0.09375112649147471,1.0,1.0,1.0
3045.879919,1321,2247.94251,0.9430986626293212,0.048083162106629176,0.09616332023599246,0.9984859954579863,1.0,0.9984859954579863
3027.080878,1321,2261.004347,0.9393767347968711,0.039661511841678376,0.09538769330593706,0.9984859954579863,1.0,0.9984859954579863
3034.37821,1321,2273.869118,0.9427201614938179,0.04466313398940197,0.09734508489239754,1.0,1.0,1.0
3052.527916,1321,2286.876981,0.945748170577845,0.05893352799106017,0.09963651875082609,0.9992429977289932,1.0,0.9992429977289932
3071.389002,1321,2299.926475,0.9272016149381781,0.04628528171298799,0.11056378645326412,0.9992429977289932,1.0,0.9992429977289932
3083.971877,1321,2312.881873,0.9417108251324754,0.050529901589704766,0.10042612782961002,1.0,1.0,1.0
3056.789659,1321,2325.74218,0.9439818319454958,0.0550674092498468,0.10695240498419907,0.9992429977289932,1.0,0.9992429977289932
3044.039529,1321,2338.845706,0.9003154176129194,0.05052809920334522,0.13192627038198573,1.0,1.0,1.0
3044.301928,1321,2351.931429,0.9197577592732779,0.04068256371435781,0.1116404119053627,0.9992429977289932,1.0,0.9992429977289932
3047.360958,1321,2364.993602,0.897300025233409,0.04712609494971342,0.1390871513884383,1.0,1.0,1.0
3061.438245,1321,2377.914312,0.9039868786273026,0.052952308856926575,0.13255830719873113,0.9992429977289932,1.0,0.9992429977289932
3063.074959,1321,2390.926716,0.9357809740095887,0.041736959734688724,0.09717085421097534,1.0,1.0,1.0
3073.251381,1321,2403.881381,0.9370426444612668,0.05167892289391154,0.11727767564255072,1.0,1.0,1.0
3069.428801,1321,2416.909576,0.9384304819581124,0.05107962942936448,0.10673912259832018,0.9992429977289932,1.0,0.9992429977289932
3068.749611,1321,2430.071848,0.9317436285642191,0.0440638405248549,0.11234694735830239,1.0,1.0,1.0
3036.797241,1321,2443.40424,0.9130709058793843,0.04270754478930103,0.12261814642586782,1.0,1.0,1.0
3088.520628,1321,2456.552156,0.9300403734544537,0.04783082801629357,0.11476574985280512,1.0,1.0,1.0
3089.368439,1321,2470.29482,0.9414584910421396,0.04624022205399949,0.09271415353928601,0.9992429977289932,1.0,0.9992429977289932
3091.962566,1321,2482.992605,0.9322482967448902,0.057715114812011095,0.1273229756197205,1.0,1.0,1.0
3062.575992,1321,2495.680576,0.9251829422154932,0.061847085541256626,0.13756173173281425,1.0,1.0,1.0
3075.436709,1321,2508.343133,0.9236689376734796,0.05388684618434807,0.12472573687562331,1.0,1.0,1.0
3056.927937,1321,2520.904999,0.9290941206156951,0.05336866010598032,0.11215289042692524,0.9992429977289932,1.0,0.9992429977289932
3074.628744,1321,2533.579342,0.9347716376482462,0.05417612919505425,0.1120405416771806,1.0,1.0,1.0
3103.516583,1321,2546.605826,0.9401968205904617,0.062162503154176124,0.11991636927291735,1.0,1.0,1.0
3123.886089,1321,2559.735296,0.946379005803684,0.06572852456652607,0.12222943176766038,1.0,1.0,1.0
3068.462666,1321,2572.822733,0.924173605854151,0.05125536209941963,0.12329283971978902,0.9992429977289932,1.0,0.9992429977289932
3093.476196,1321,2585.873816,0.9414584910421399,0.06307721423164268,0.12138951972411473,0.9992429977289932,1.0,0.9992429977289932
3093.934148,1321,2598.724288,0.9226596013121374,0.05121751198586929,0.12067757711209642,1.0,1.0,1.0
3108.77275,1321,2611.388158,0.9260661115316678,0.0553314588515194,0.11801304927724306,1.0,1.0,1.0
3123.414911,1321,2624.02546,0.9442341660358315,0.05120579647453228,0.1056468764644389,0.9984859954579863,1.0,0.9984859954579863
3105.783546,1321,2636.878306,0.9298511228867019,0.060900832702498096,0.13279622219819043,1.0,1.0,1.0
3118.282962,1321,2649.598576,0.9429724955841533,0.06835189791283659,0.11791031325474927,0.9992429977289932,1.0,0.9992429977289932
3090.108311,1321,2662.214603,0.9331945495836488,0.06466151184167838,0.12712291073381157,1.0,1.0,1.0
3095.674584,1321,2674.898227,0.944486500126167,0.059166035831440825,0.11070317099840188,1.0,1.0,1.0
3093.83828,1321,2687.607631,0.9312389603835479,0.06835099671965682,0.13501375821587783,1.0,1.0,1.0
3097.486813,1321,2700.511538,0.9376103961645218,0.05674452975739879,0.11481741826177858,1.0,1.0,1.0
3113.676615,1321,2713.496274,0.9355286399192531,0.06240222053999495,0.12617605709959986,1.0,1.0,1.0
3094.463494,1321,2726.456766,0.9383043149129447,0.05596229407735842,0.10941806952404984,0.9992429977289932,1.0,0.9992429977289932
3100.885015,1321,2739.283179,0.9355286399192531,0.05864334378717421,0.12113057688379414,1.0,1.0,1.0
3128.126267,1321,2751.942462,0.9499747665909664,0.06664233445081287,0.11092005815699985,1.0,1.0,1.0
3121.128659,1321,2764.501364,0.9337623012869039,0.06433888468332072,0.12713612823378154,1.0,1.0,1.0
3105.907806,1321,2777.142775,0.924047438808983,0.05866136765076961,0.1352426612835394,1.0,1.0,1.0
3111.992208,1321,2789.793576,0.9277062831188494,0.07597148624779207,0.1319310767456112,1.0,1.0,1.0
3128.400775,1321,2802.452756,0.9235427706283119,0.07695558920010093,0.14520084591999805,0.9969719909159728,1.0,0.9969719909159728
3124.038665,1321,2815.142916,0.9275801160736815,0.06678652535957608,0.13248320776708364,1.0,1.0,1.0
3131.151789,1321,2827.923692,0.9422154933131467,0.08462023719404492,0.14029895581750237,1.0,1.0,1.0
3104.419182,1321,2840.615788,0.9139540751955588,0.0590912367975199,0.13837040241279455,1.0,1.0,1.0
3143.244186,1321,2853.646629,0.9414584910421399,0.06891874842291194,0.1313837520877642,0.9992429977289932,1.0,0.9992429977289932
3104.213706,1321,2866.370894,0.9250567751703255,0.06449118633070185,0.1352432620789926,1.0,1.0,1.0
3138.946314,1321,2879.219306,0.924110522331567,0.07404293284308425,0.14285113490261106,1.0,1.0,1.0
3129.126519,1321,2892.235902,0.9205147615442847,0.0641316102519736,0.145647837737164,1.0,1.0,1.0
3118.496899,1321,2905.35501,0.9223441836992177,0.07615623084964492,0.15151881090563907,1.0,1.0,1.0
3129.946969,1321,2918.315208,0.9345193035579107,0.07706373238167333,0.14082945820266035,0.9984859954579863,1.0,0.9984859954579863
3116.369949,1321,2931.099378,0.9232273530153923,0.07584531920262427,0.1357293056006152,0.9992429977289932,1.0,0.9992429977289932
3139.283227,1321,2944.416428,0.9439818319454958,0.07342381312858223,0.1286176898213234,0.9992429977289932,1.0,0.9992429977289932
3124.538531,1321,2957.457171,0.9195306585919758,0.08247089146029342,0.15350383908294582,1.0,1.0,1.0
3156.912616,1321,2970.458706,0.9401968205904617,0.07891838794564003,0.13972880093243453,1.0,1.0,1.0
3114.617837,1321,2983.365837,0.9221549331314659,0.04757849392595797,0.12678045732549895,1.0,1.0,1.0
3123.281832,1321,2996.413369,0.932374463790058,0.06731011859702246,0.12370498540067049,1.0,1.0,1.0
3119.598539,1321,3009.497646,0.9200731768861972,0.0722441512562633,0.1394296047967509,0.9969719909159728,1.0,0.9969719909159728
3164.06056,1321,3022.3742,0.9355286399192531,0.0760787282361847,0.13766386695985483,1.0,1.0,1.0
3146.715576,1321,3035.497502,0.9304819581125411,0.07621841317904905,0.13534900207875228,0.9992429977289932,1.0,0.9992429977289932
3184.386994,1321,3048.399895,0.9420893262679788,0.09692783245016404,0.15571116157792916,1.0,1.0,1.0
3151.574407,1321,3061.243558,0.9372949785516022,0.06596734075916513,0.1166414332576331,1.0,1.0,1.0
3144.630863,1321,3074.218183,0.9462528387585163,0.06353231678742655,0.1193107674561119,1.0,1.0,1.0
3143.55191,1321,3087.134442,0.9284632853898561,0.06295194837965466,0.1327475577664828,1.0,1.0,1.0
3180.402449,1321,3100.298539,0.9317436285642191,0.08800872354998017,0.1536143854463309,1.0,1.0,1.0
3180.796794,1321,3113.300406,0.9287408528892253,0.09473342705742403,0.1539490285137522,1.0,1.0,1.0
3140.664433,1321,3126.556828,0.9405753217259651,0.06444702786489312,0.12426072119486199,0.9984859954579863,1.0,0.9984859954579863
3181.422164,1321,3139.27115,0.9553368660105981,0.07957355538733282,0.1259255253956238,1.0,1.0,1.0
3182.670805,1321,3151.921816,0.93742114559677,0.08359918532136548,0.14623902046309314,1.0,1.0,1.0
3163.958966,1321,3164.703095,0.9367903103709311,0.08139666919000757,0.1383463705946673,1.0,1.0,1.0
3151.723085,1321,3177.402246,0.9213979308604592,0.07022547853357845,0.14185020967761314,0.9984859954579863,1.0,0.9984859954579863
3134.030035,1321,3190.3021,0.9027252081756245,0.07000468620453479,0.1618921452002451,1.0,1.0,1.0
3152.769242,1321,3203.410713,0.9210194297249558,0.07484229119354024,0.1499945928409214,1.0,1.0,1.0
3173.577827,1321,3216.635617,0.927832450164017,0.07414837244511734,0.1492303810244764,0.9984859954579863,1.0,0.9984859954579863
3165.260864,1321,3229.756823,0.9287156194801919,0.07573897840741141,0.14797051295915792,0.9992429977289932,1.0,0.9992429977289932
3155.994272,1321,3242.482031,0.9230381024476406,0.071814282109513,0.1491276450019826,1.0,1.0,1.0
3152.172085,1321,3255.325561,0.9153419126924046,0.06500847121588983,0.1383025125265852,1.0,1.0,1.0
3142.842037,1321,3268.689349,0.9147110774665659,0.06946216791031326,0.1444901048988861,1.0,1.0,1.0
3186.019452,1321,3282.123312,0.9248044410799898,0.08875220792329044,0.1571921223700179,1.0,1.0,1.0
3201.152946,1321,3295.114006,0.9270754478930104,0.1027891928913882,0.17852276413972099,1.0,1.0,1.0
3189.548103,1321,3308.181369,0.9453696694423416,0.09457571825096427,0.14518282205640265,0.9992429977289932,1.0,0.9992429977289932
3166.735104,1321,3320.976484,0.9101690638405248,0.08512490537471612,0.15743965009672806,1.0,1.0,1.0
3191.502872,1321,3333.743646,0.9304819581125409,0.09393136512742871,0.15802242168631267,1.0,1.0,1.0
3159.344809,1321,3346.488453,0.9193792581377744,0.07641937925813777,0.1528249402208524,1.0,1.0,1.0
3193.959522,1321,3359.200225,0.9313651274287156,0.09822194585631375,0.1579911803227473,0.9992429977289932,1.0,0.9992429977289932
3188.441329,1321,3371.922765,0.9384935654806964,0.09900958869543275,0.1423080158129363,0.9992429977289932,1.0,0.9992429977289932
3201.271614,1321,3384.768022,0.9384935654806964,0.11015103997692946,0.16537435564687647,1.0,1.0,1.0
3203.039207,1321,3397.547688,0.9304188745899571,0.1085802602645903,0.17431790599845104,0.9992429977289932,1.0,0.9992429977289932
3186.296826,1321,3410.25678,0.9340146353772396,0.1013256551674417,0.16538757314684643,1.0,1.0,1.0
3163.519934,1321,3423.191076,0.9239212717638153,0.08455715367146101,0.16648222246254038,1.0,1.0,1.0
3191.992583,1321,3436.00098,0.9301034569770374,0.0899886449659349,0.15783977986854597,0.9992429977289932,1.0,0.9992429977289932
3195.565069,1321,3449.00575,0.9401968205904617,0.08897930860459247,0.1514214820422239,1.0,1.0,1.0
3181.278169,1321,3461.91825,0.9263815291445874,0.08144082765581631,0.1413827908150391,1.0,1.0,1.0
3170.102159,1321,3474.896496,0.9173605854150895,0.06893226632060848,0.15755199884647272,1.0,1.0,1.0
3190.362762,1321,3487.982687,0.941332323996972,0.08928391189935474,0.13814991048147748,0.9977289931869796,1.0,0.9977289931869796
3160.354804,1321,3500.991496,0.9237951047186475,0.06688926138206985,0.14279165615274622,1.0,1.0,1.0
3201.952242,1321,3513.780795,0.9453696694423418,0.08907393388846832,0.13776840536870816,1.0,1.0,1.0
3218.947722,1321,3526.565759,0.9477668433005298,0.09170541797339678,0.13707688980209798,1.0,1.0,1.0
3197.9113,1321,3539.235087,0.9325006308352259,0.08066580152121408,0.14547721182846088,1.0,1.0,1.0
3196.428767,1321,3551.974425,0.938115064345193,0.0783001694243178,0.13646467923530756,0.9992429977289932,1.0,0.9992429977289932
3198.808254,1321,3564.58542,0.9309235427706283,0.0988969395479615,0.15640207634908618,1.0,1.0,1.0
3178.670636,1321,3577.339481,0.9371057279838505,0.07406005551349987,0.14022926354493348,0.9992429977289932,1.0,0.9992429977289932
3227.722452,1321,3590.25287,0.9511733535200606,0.09686474892758011,0.13502954275096593,1.0,1.0,1.0
3213.049502,1321,3603.356209,0.9526873580620742,0.08031253379474423,0.12909231822933565,1.0,1.0,1.0
3176.631023,1321,3616.517886,0.920199343931365,0.06691359359792365,0.14296468524326206,0.9992429977289932,1.0,0.9992429977289932
3200.334557,1321,3629.601625,0.9367903103709311,0.08740943008543312,0.14433209569469976,1.0,1.0,1.0
3223.500289,1321,3642.677092,0.9395659853646227,0.0964051404058974,0.161564711678262,1.0,1.0,1.0
3207.29047,1321,3655.604795,0.934393136512743,0.09102411592949064,0.15622904725857034,1.0,1.0,1.0
3195.023079,1321,3668.348795,0.9260661115316678,0.08682185213222306,0.15546183146485945,0.9992429977289932,1.0,0.9992429977289932
3207.845048,1321,3681.120967,0.9403229876356296,0.09784254352763058,0.155680521009817,1.0,1.0,1.0
3215.863178,1321,3694.630559,0.9408276558163007,0.09290400490249089,0.14458923614866082,1.0,1.0,1.0
3192.868997,1321,3707.265374,0.9354024728740852,0.0753848094877618,0.13813308820878842,0.9992429977289932,1.0,0.9992429977289932
3185.04854,1321,3720.087227,0.9359071410547565,0.08659565264410078,0.15004325727262896,1.0,1.0,1.0
3206.009547,1321,3733.349514,0.9326267978803936,0.08948397678526368,0.14778366557321895,1.0,1.0,1.0
3200.113345,1321,3746.295138,0.9399444865001262,0.09741447676723981,0.15460569794407797,0.9992429977289932,1.0,0.9992429977289932
3195.60653,1321,3759.465198,0.9261922785768357,0.0963600807469089,0.15892962282061449,1.0,1.0,1.0
3193.8209,1321,3772.515976,0.9236058541508957,0.09052485490789805,0.15375256840056234,1.0,1.0,1.0
3211.143513,1321,3785.393092,0.9365379762805954,0.09832918784470639,0.14696237818872185,1.0,1.0,1.0
3201.395249,1321,3798.259746,0.932374463790058,0.1017609314732706,0.1632938009925141,1.0,1.0,1.0
3167.880274,1321,3811.184367,0.9183699217764318,0.06259237230092642,0.14313170637924613,1.0,1.0,1.0
3201.236523,1321,3824.085769,0.9206409285894523,0.10542608413539525,0.1795921800463814,1.0,1.0,1.0
3205.252518,1321,3836.95298,0.9244890234670704,0.09613928841786523,0.17026543143121495,1.0,1.0,1.0
3219.61464,1321,3849.945596,0.9258768609639162,0.10111657834973505,0.16938526609230622,1.0,1.0,1.0
3211.516461,1321,3862.939144,0.9335730507191522,0.08809613928841786,0.15769919373250182,1.0,1.0,1.0
3231.527085,1321,3875.814864,0.9490285137522078,0.09866262932122129,0.1552691399776941,1.0,1.0,1.0
3220.647485,1321,3888.896369,0.9525611910169063,0.09500378501135504,0.1437943837641037,1.0,1.0,1.0
3203.520371,1321,3901.967392,0.9403860711582135,0.08017915720413828,0.13911538877473772,1.0,1.0,1.0
3217.258443,1321,3914.838152,0.9434771637648246,0.0910250171226704,0.1529865541977578,1.0,1.0,1.0
3229.403822,1321,3927.737679,0.9382412313903608,0.11170289463249342,0.16738041166504453,1.0,1.0,1.0
3201.905562,1321,3940.651138,0.9348978046934141,0.08443278901265275,0.14887471011619385,1.0,1.0,1.0
3201.693409,1321,3953.877464,0.9331314660610648,0.07869669442341659,0.1326544344712399,1.0,1.0,1.0
3250.847099,1321,3967.13991,0.9533181932879131,0.09992429977289932,0.1517609314732706,1.0,1.0,1.0
3225.178451,1321,3979.959228,0.9389351501387838,0.10096517789553369,0.16735037189238552,1.0,1.0,1.0
3220.463229,1321,3992.789464,0.9369164774160988,0.08836199127645003,0.15352186294654122,1.0,1.0,1.0
3214.183072,1321,4005.567105,0.9393136512742871,0.09479651058000792,0.1496034750009012,1.0,1.0,1.0
3186.78465,1321,4018.483286,0.901665404996215,0.09574276341876645,0.1838307919685664,1.0,1.0,1.0
3206.891625,1321,4031.873604,0.9149634115569012,0.09377365632096896,0.16870336325294688,1.0,1.0,1.0
3196.027533,1321,4045.087666,0.9027882916982084,0.09408276558163008,0.18752808718743613,1.0,1.0,1.0
3227.240009,1321,4058.334028,0.9277062831188494,0.11884935654806965,0.1769078259615731,1.0,1.0,1.0
3199.538423,1321,4071.326623,0.916414332576331,0.0991672975018925,0.15718611441548613,1.0,1.0,1.0
3229.873273,1321,4084.339921,0.9414584910421396,0.11816895569734329,0.16982564915948714,1.0,1.0,1.0
3225.486731,1321,4097.433396,0.9333838001514004,0.10991672975018925,0.17340218449226777,1.0,1.0,1.0
3205.74094,1321,4110.358436,0.9350239717385818,0.09607620489528135,0.14504884467034354,1.0,1.0,1.0
3233.765821,1321,4123.426148,0.936916477416099,0.10875599293464547,0.1713925237013806,1.0,1.0,1.0
3244.531797,1321,4136.333733,0.945811254100429,0.11255452218737608,0.16270562224385085,1.0,1.0,1.0
3243.933333,1321,4149.381577,0.9454832197829927,0.11334306621967485,0.1594679355466638,1.0,1.0,1.0
3231.770608,1321,4162.363216,0.9371057279838505,0.11437763599005081,0.16243766747173258,1.0,1.0,1.0
3215.325333,1321,4175.272894,0.9304819581125411,0.10199974766590968,0.16007594054528196,1.0,1.0,1.0
3261.1284,1321,4188.204319,0.9550845319202623,0.12487473414801196,0.16054155702149644,0.9992429977289932,1.0,0.9992429977289932
3229.200808,1321,4201.103331,0.9334468836739844,0.11046014923759057,0.1646828400802663,0.9992429977289932,1.0,0.9992429977289932
3209.97136,1321,4214.020011,0.9298511228867019,0.1052683753289355,0.16489251769342608,1.0,1.0,1.0
3251.137262,1321,4226.965315,0.9492808478425435,0.12353105511697486,0.17001249654542613,1.0,1.0,1.0
3216.724099,1321,4239.958154,0.9306081251577087,0.10194297249558415,0.1555147014647393,1.0,1.0,1.0
3209.203704,1321,4252.920077,0.9369164774160988,0.09038066399913486,0.15062723045311993,0.9992429977289932,1.0,0.9992429977289932
3225.101705,1321,4265.934015,0.9389351501387837,0.1136449659348978,0.1641619504223592,0.9992429977289932,1.0,0.9992429977289932
3222.984664,1321,4278.856539,0.9314912944738835,0.10318661908366676,0.1690632397294017,1.0,1.0,1.0
3240.533375,1321,4291.847201,0.9371688115064345,0.11686222558667676,0.17807457073164867,1.0,1.0,1.0
3220.872276,1321,4304.810251,0.9335604340146352,0.0932825060379943,0.15048183795345035,0.9992429977289932,1.0,0.9992429977289932
3230.899117,1321,4317.869221,0.9396290688872067,0.10085252874806241,0.15647056703074871,1.0,1.0,1.0
3233.549677,1321,4331.044859,0.9328160484481454,0.11520943729497855,0.16644737632625595,1.0,1.0,1.0
3226.283556,1321,4343.991274,0.9360963916225084,0.10902184492267762,0.1561797820314096,1.0,1.0,1.0
3245.902218,1321,4356.941804,0.9423416603583143,0.11520403013589992,0.16608329428162888,0.9977289931869796,1.0,0.9977289931869796
3238.736752,1321,4369.864079,0.9398183194549584,0.11128654338343966,0.15923182293356403,1.0,1.0,1.0
3235.288715,1321,4382.751895,0.9336361342417362,0.11769582927796403,0.18120591663362293,0.9984859954579863,1.0,0.9984859954579863
3256.140329,1321,4395.589751,0.9489023467070401,0.11204985400670488,0.16396865813974063,1.0,1.0,1.0
3229.777853,1321,4408.559905,0.9322482967448902,0.1064291121444793,0.17132944017879673,1.0,1.0,1.0
3231.849068,1321,4421.537835,0.9400075700227101,0.12481795897768644,0.17779520084592,0.9984859954579863,1.0,0.9984859954579863
3231.701192,1321,4434.461149,0.9339641685591722,0.10411304567247033,0.16461194621679098,0.9992429977289932,1.0,0.9992429977289932
3187.389996,1321,4447.250716,0.9084027252081757,0.08923254388810785,0.17024740756761952,0.9984859954579863,1.0,0.9984859954579863
3248.857743,1321,4460.407957,0.9399444865001261,0.11552485490789804,0.1711137546111051,1.0,1.0,1.0
3240.387709,1321,4473.509293,0.9409538228614686,0.1106304747485671,0.1597977722504596,1.0,1.0,1.0
3259.91592,1321,4486.905934,0.9481453444360333,0.12992141595472406,0.17522379630630955,1.0,1.0,1.0
3241.474947,1321,4499.886367,0.934393136512743,0.12384737392307414,0.17630522812203356,1.0,1.0,1.0
3256.673926,1321,4512.742243,0.9349608882159979,0.12762517573267007,0.19084207490717708,1.0,1.0,1.0
3208.091849,1321,4525.58435,0.918433005299016,0.1073185898129123,0.18030952981747833,1.0,1.0,1.0
3253.999611,1321,4538.375191,0.9364748927580115,0.12223784290400491,0.1757717217596097,1.0,1.0,1.0
3231.124029,1321,4551.63906,0.9198839263184455,0.11760120399408817,0.19292082717517994,1.0,1.0,1.0
3251.267893,1321,4564.749753,0.9367903103709311,0.12799196135683644,0.17935426504692212,0.9984859954579863,1.0,0.9984859954579863
3225.118724,1321,4578.165913,0.9129447388342165,0.11553747161241484,0.18218401163139997,1.0,1.0,1.0
3251.693928,1321,4591.35835,0.9323744637900581,0.1295735553873328,0.18038643163548537,1.0,1.0,1.0
3216.221163,1321,4604.247379,0.9350870552611658,0.10670667964384845,0.1576643475962174,1.0,1.0,1.0
3218.116997,1321,4617.156065,0.9126924047438808,0.1159925741681987,0.1936611710268031,1.0,1.0,1.0
3256.973819,1321,4630.083264,0.9377996467322737,0.12851465340110305,0.18189399128081943,1.0,1.0,1.0
3247.299706,1321,4643.092362,0.9366010598031794,0.13081720197541544,0.19629686067990382,1.0,1.0,1.0
3253.347895,1321,4656.072173,0.9486500126167045,0.11205706355214304,0.15927628179709935,1.0,1.0,1.0
3226.595646,1321,4668.97237,0.9167297501892505,0.10854871850329836,0.18382915343551226,1.0,1.0,1.0
3246.146587,1321,4682.017638,0.93369921776432,0.12360765653725532,0.17403422130901314,1.0,1.0,1.0
3236.866371,1321,4694.981684,0.9181175876860965,0.10651652788291696,0.18111699890655228,1.0,1.0,1.0
3240.928911,1321,4707.94136,0.9362856421902599,0.10345247107169893,0.16652908450788845,1.0,1.0,1.0
3236.479288,1321,4720.890668,0.9388720666161998,0.10766554918712376,0.16861444552587623,0.9992429977289932,1.0,0.9992429977289932
3240.09246,1321,4733.870788,0.931743628564219,0.10917324537687897,0.17311740744746043,1.0,1.0,1.0
3258.063936,1321,4746.917768,0.9332576331062328,0.11308442377708086,0.1760841353952633,1.0,1.0,1.0
3256.12694,1321,4759.879654,0.9339515518546556,0.13376230128690386,0.18196832606370836,1.0,1.0,1.0
3257.861681,1321,4773.051556,0.9441079989906636,0.11703345229083306,0.17606851471348062,1.0,1.0,1.0
3259.054812,1321,4786.391735,0.9481453444360333,0.11629447388342165,0.16845162995806445,1.0,1.0,1.0
3270.915685,1321,4799.533072,0.9343931365127428,0.12809830215204931,0.1858194249185922,1.0,1.0,1.0
3234.500081,1321,4812.544284,0.9257506939187485,0.11676129195054252,0.1734009829013614,1.0,1.0,1.0
3272.275394,1321,4825.55356,0.9382412313903608,0.11670001081431815,0.18366256924167595,1.0,1.0,1.0
3254.868573,1321,4838.322939,0.9257380772142317,0.11447226127392666,0.1834915063908251,1.0,1.0,1.0
3249.571428,1321,4851.252106,0.9327529649255614,0.11069355827115099,0.17191341335928767,1.0,1.0,1.0
3247.494978,1321,4864.216019,0.9377365632096897,0.11213096139288418,0.16669730723477885,1.0,1.0,1.0
3286.261606,1321,4877.234374,0.9333838001514004,0.12997278396597095,0.19559857251000326,1.0,1.0,1.0
3279.058045,1321,4890.38588,0.941332323996972,0.1315733030532425,0.19043533638537422,1.0,1.0,1.0
3260.006194,1321,4903.379298,0.9336361342417362,0.12358783028730039,0.18452050514881704,1.0,1.0,1.0
3275.196361,1321,4916.568196,0.9422154933131467,0.13286741645939223,0.19760282614181174,0.9992429977289932,1.0,0.9992429977289932
3265.565527,1321,4930.011239,0.931062326520313,0.12045798637395912,0.18805798877714094,1.0,1.0,1.0
3259.53549,1321,4943.546289,0.9283371183446885,0.12212969972243248,0.19182197229131367,1.0,1.0,1.0
3251.506866,1321,4956.912329,0.9356548069644209,0.11832666450380303,0.18118669117912115,0.9992429977289932,1.0,0.9992429977289932
3266.674342,1321,4969.893777,0.9400075700227101,0.12670325510976532,0.18340679423192668,1.0,1.0,1.0
3282.521871,1321,4982.895748,0.9501640171587182,0.13157420424642224,0.17289391153887745,1.0,1.0,1.0
3269.963282,1321,4995.909657,0.9436664143325765,0.11624490825853429,0.16897191882051835,1.0,1.0,1.0
3281.063097,1321,5008.835185,0.9412061569518043,0.12974478209148912,0.18486896651166143,1.0,1.0,1.0
3264.493037,1321,5021.888811,0.9342669694675749,0.12558126960095164,0.17959458322819413,1.0,1.0,1.0
3252.062593,1321,5034.983934,0.9225965177895533,0.13274124941422444,0.1963399540992274,1.0,1.0,1.0
3289.164073,1321,5048.303043,0.9560181680545042,0.1442224505244944,0.18580396809011493,0.9992429977289932,1.0,0.9992429977289932
3285.68246,1321,5061.391904,0.9461266717133486,0.14210284416567537,0.19060192057921052,0.9992429977289932,1.0,0.9992429977289932
3308.359435,1321,5074.34626,0.9668180671208679,0.14020403013589994,0.18331651106064428,1.0,1.0,1.0
3283.907612,1321,5087.39849,0.936966944234166,0.13005389135215023,0.18522359968234306,1.0,1.0,1.0
3270.396262,1321,5100.345241,0.9335730507191522,0.12219999279045456,0.18084904413443398,1.0,1.0,1.0
3280.59251,1321,5113.277718,0.9331314660610648,0.14090425723658123,0.19900207875226802,1.0,1.0,1.0
3277.269548,1321,5126.482078,0.9325637143578096,0.1402166468404167,0.19019982456772766,0.9992429977289932,1.0,0.9992429977289932
3248.574142,1321,5139.379897,0.9242997728993188,0.10670577845066867,0.17701837232495823,1.0,1.0,1.0
3239.630395,1321,5152.200069,0.9287156194801919,0.10850456003748964,0.16711245689292623,1.0,1.0,1.0
3267.700675,1321,5164.930588,0.9502901842038859,0.11743718683537001,0.16721158814270093,1.0,1.0,1.0
3247.298644,1321,5177.767633,0.9242997728993188,0.11421992718359107,0.18141138867861048,1.0,1.0,1.0
3268.993697,1321,5190.983425,0.9474514256876105,0.11681986950722756,0.17305312233397016,1.0,1.0,1.0
3275.419947,1321,5204.058184,0.9375473126419379,0.11957481705778449,0.18622616344039508,1.0,1.0,1.0
3253.508372,1321,5217.041982,0.9347716376482462,0.10012075988608918,0.1613370102015068,1.0,1.0,1.0
3258.708745,1321,5230.069759,0.9359071410547566,0.10822699253812046,0.17008579359071407,1.0,1.0,1.0
3255.575621,1321,5243.301893,0.9398183194549584,0.12182149165495115,0.17327421506074042,1.0,1.0,1.0
3281.363046,1321,5256.464378,0.9495584153419128,0.14561028802134027,0.18809223411797218,0.9977289931869796,1.0,0.9977289931869796
3287.240503,1321,5269.546841,0.9471990915972748,0.13191485526837532,0.17878531175276066,0.9992429977289932,1.0,0.9992429977289932
3269.453788,1321,5282.975458,0.9395029018420388,0.1139360513319635,0.16533650553332613,1.0,1.0,1.0
3257.672256,1321,5296.18739,0.93111279333838,0.11128654338343967,0.17601023755452216,0.9992429977289932,1.0,0.9992429977289932
3264.617526,1321,5309.244599,0.9364118092354277,0.12071753000973287,0.18055465436237578,1.0,1.0,1.0
3261.845972,1321,5322.200083,0.9290941206156953,0.12059136296456507,0.18880778150270958,1.0,1.0,1.0
3296.212873,1321,5335.289149,0.9335099671965683,0.15607584441800945,0.21138687622412075,1.0,1.0,1.0
3266.825192,1321,5348.326634,0.9336361342417362,0.11469936195522872,0.1777681650505269,0.9992429977289932,1.0,0.9992429977289932
3277.43205,1321,5361.37949,0.9447388342165026,0.12652752243971016,0.17582759573675547,1.0,1.0,1.0
3269.249081,1321,5374.427062,0.9477037597779461,0.12178994989365921,0.17278636915275827,0.9984859954579863,1.0,0.9984859954579863
3286.26223,1321,5387.608233,0.9548321978299268,0.12582729533902887,0.17742030448313567,1.0,1.0,1.0
3258.709516,1321,5400.651193,0.9328791319707291,0.11453534479651058,0.17506518630667,1.0,1.0,1.0
3283.406111,1321,5413.697497,0.9348978046934141,0.1370246205976713,0.19504523989762448,1.0,1.0,1.0
3265.121506,1321,5426.867302,0.938051980822609,0.11053584946469125,0.16859762325318722,1.0,1.0,1.0
3291.529292,1321,5439.969978,0.9470098410295231,0.1305270177715295,0.17995882912612662,1.0,1.0,1.0
3254.788827,1321,5453.359054,0.9302296240222055,0.10343264482174397,0.1717391826778655,0.9977289931869796,1.0,0.9977289931869796
3276.847556,1321,5466.639616,0.9526873580620742,0.1275936339713781,0.17397233937733558,1.0,1.0,1.0
3257.684678,1321,5479.665871,0.9314912944738835,0.12090678057748458,0.18150451197385337,1.0,1.0,1.0
3278.264374,1321,5492.597148,0.9449280847842544,0.13361811037814067,0.18212693606334784,0.9992429977289932,1.0,0.9992429977289932
3270.04043,1321,5505.56162,0.9408276558163009,0.11491384593201398,0.17202035494995374,1.0,1.0,1.0
3265.199959,1321,5518.529707,0.9550845319202623,0.125101834829314,0.16341816565132233,0.9992429977289932,1.0,0.9992429977289932
3272.118513,1321,5531.383254,0.941900075700227,0.1173173281424606,0.1751270682383476,1.0,1.0,1.0
3259.479224,1321,5544.322023,0.9465051728488518,0.10721765617677806,0.1588809583889069,1.0,1.0,1.0
3280.242764,1321,5557.281229,0.9591218773656321,0.12235770159691432,0.16618062314504403,0.9992429977289932,1.0,0.9992429977289932
3285.987334,1321,5570.506562,0.9543275296492555,0.13216718935871094,0.1653941818968314,1.0,1.0,1.0
3286.215578,1321,5583.511464,0.9548952813525108,0.13185177174579144,0.1767221801665405,1.0,1.0,1.0
3273.611415,1321,5596.53485,0.94518041887459,0.13293049998197615,0.17798745539093758,1.0,1.0,1.0
3281.460395,1321,5609.76036,0.9509210194297248,0.13941007894452254,0.1874061257104406,1.0,1.0,1.0
3277.321935,1321,5622.747807,0.9424047438808982,0.13802945099311492,0.18365355730987826,1.0,1.0,1.0
3262.628604,1321,5636.042252,0.9249125842615623,0.14165495115532964,0.2084111363445201,0.9992429977289932,1.0,0.9992429977289932
3253.851297,1321,5649.176728,0.9449911683068384,0.1256695865325691,0.17334450812876248,0.9992429977289932,1.0,0.9992429977289932
3252.97529,1321,5662.218966,0.9360963916225084,0.12497566778414622,0.186522956394266,0.9992429977289932,1.0,0.9992429977289932
3278.051842,1321,5675.326808,0.9416792833711833,0.1274106917558848,0.18180916988638413,0.9992429977289932,1.0,0.9992429977289932
3274.325566,1321,5688.399604,0.9561569518041889,0.14203345229083308,0.1785275705033464,0.9992429977289932,1.0,0.9992429977289932
3275.801138,1321,5701.411416,0.9485238455715367,0.14082224865722218,0.1798813265126664,0.9984859954579863,1.0,0.9984859954579863
3283.733859,1321,5714.414756,0.9598157961140549,0.13232039219927183,0.17282482006176175,0.9992429977289932,1.0,0.9992429977289932
3285.269142,1321,5727.590875,0.9449280847842544,0.14222901121084316,0.18993787775014118,0.9992429977289932,1.0,0.9992429977289932
3280.298181,1321,5740.594486,0.9433509967196567,0.137844706391262,0.19529156603342823,0.9992429977289932,1.0,0.9992429977289932
3271.128888,1321,5753.471942,0.9487761796618724,0.13254569049421436,0.17824399504944546,0.9992429977289932,1.0,0.9992429977289932
3285.476364,1321,5766.853888,0.9412061569518043,0.1485689052305252,0.20413407351333165,1.0,1.0,1.0
3289.363732,1321,5780.08339,0.9451804188745899,0.1336496521394326,0.184233324922197,1.0,1.0,1.0
3309.089094,1321,5793.148278,0.9491546807973759,0.14203976064309143,0.19401427489996756,1.0,1.0,1.0
3267.975005,1321,5806.286181,0.9313651274287156,0.14301124689088354,0.19679175228001874,1.0,1.0,1.0
3301.93202,1321,5819.306655,0.953381276810497,0.14241826177859487,0.18840584934453214,1.0,1.0,1.0
3297.626498,1321,5832.692592,0.9516780217007317,0.13540968241952345,0.18301971810677337,1.0,1.0,1.0
3297.636983,1321,5846.000664,0.9515518546555639,0.14017879672686637,0.1928529372889706,1.0,1.0,1.0
3306.936337,1321,5859.293004,0.9587433762301287,0.13920100212681588,0.18385061821852133,1.0,1.0,1.0
3306.217649,1321,5872.339236,0.9523719404491546,0.1445631015464475,0.19342849933311704,1.0,1.0,1.0
3277.200274,1321,5885.255737,0.9441079989906636,0.12346797159439098,0.18381336890042416,0.9992429977289932,1.0,0.9992429977289932
3284.383565,1321,5898.355869,0.9425939944486499,0.13790778991384592,0.19734508489239752,1.0,1.0,1.0
3297.620132,1321,5911.879722,0.9460005046681805,0.146543924155582,0.20569794407795922,1.0,1.0,1.0
3284.605846,1321,5925.526944,0.9481453444360333,0.14062038138495367,0.19469377455751416,1.0,1.0,1.0
3284.386415,1321,5939.256042,0.9426570779712339,0.15898399480912725,0.208884563161626,1.0,1.0,1.0
3269.279181,1321,5952.325695,0.9417108251324754,0.1220422839839948,0.17639654903091692,1.0,1.0,1.0
3290.115641,1321,5965.460254,0.9487761796618722,0.1270889657907069,0.18407591651346383,1.0,1.0,1.0
3307.247151,1321,5978.763536,0.9519303557910673,0.14747125193756533,0.20031661920382585,1.0,1.0,1.0
3280.604741,1321,5992.078389,0.9393136512742872,0.13459590497819113,0.20041575045360052,1.0,1.0,1.0
3315.125915,1321,6005.232146,0.9423416603583146,0.15415179697920045,0.2140958629225094,1.0,1.0,1.0
3273.193309,1321,6018.38562,0.9453696694423416,0.1183005299015897,0.17138891892866157,0.9992429977289932,1.0,0.9992429977289932
3268.637312,1321,6031.489041,0.9367272268483473,0.12659060596229407,0.1974940821647862,1.0,1.0,1.0
3293.429255,1321,6044.532062,0.9526873580620742,0.1454462708626221,0.1945622003532677,1.0,1.0,1.0
3262.728128,1321,6057.554039,0.9237951047186475,0.13139666919000756,0.20484000817081816,0.9992429977289932,1.0,0.9992429977289932
3270.505838,1321,6070.415531,0.9314912944738835,0.1388225009913125,0.20320884851543441,0.9992429977289932,1.0,0.9992429977289932
3290.077167,1321,6083.511286,0.9449911683068384,0.12525323528351537,0.17939692152409786,0.9992429977289932,1.0,0.9992429977289932
3270.135332,1321,6096.911587,0.9375473126419379,0.1305901012941134,0.18478725833002896,1.0,1.0,1.0
3280.250816,1321,6110.398752,0.9505425182942214,0.12894992970693198,0.17774593561875923,1.0,1.0,1.0
3289.441578,1321,6123.639793,0.950164017158718,0.14105565769078257,0.18858969275320525,1.0,1.0,1.0
3290.673551,1321,6136.666407,0.948965430229624,0.14185051007533975,0.191145476611033,0.9992429977289932,1.0,0.9992429977289932
3294.440235,1321,6149.716008,0.9456220035326773,0.1459311127933384,0.20009192170433654,1.0,1.0,1.0
3272.701391,1321,6162.774827,0.9517411052233157,0.13062164305540536,0.17651550653064657,1.0,1.0,1.0
3286.114049,1321,6175.982002,0.9483472117083016,0.1401905122382034,0.18937313002415196,1.0,1.0,1.0
3289.144108,1321,6189.01608,0.9427201614938179,0.13311344219746946,0.19195354649556012,1.0,1.0,1.0
3302.232244,1321,6202.104953,0.9523088569265707,0.14692873364334377,0.1920256419499417,1.0,1.0,1.0
3281.936749,1321,6215.397464,0.940638405248549,0.13417955372913737,0.19046417456712686,0.9992429977289932,1.0,0.9992429977289932
3285.940888,1321,6228.876081,0.9370426444612666,0.1503848094877618,0.2101678622496185,1.0,1.0,1.0
3320.925678,1321,6242.052805,0.9587433762301287,0.15257470891460292,0.19870288261658434,1.0,1.0,1.0
3301.625749,1321,6255.132766,0.9495962654554629,0.1464042392127176,0.2038619131730411,1.0,1.0,1.0
3302.683183,1321,6268.181413,0.9512995205652283,0.14487851915936698,0.19925621522896317,1.0,1.0,1.0
3295.214138,1321,6281.209034,0.9487130961392884,0.1389486680364803,0.19156182786008674,1.0,1.0,1.0
3281.690042,1321,6294.238373,0.9443603330809992,0.1313020439061317,0.18389748026386937,1.0,1.0,1.0
3291.63586,1321,6307.280878,0.933005299015897,0.14742078511949822,0.21565733030532425,1.0,1.0,1.0
3300.227171,1321,6320.277571,0.9422154933131465,0.14338253848094878,0.20751294714201604,1.0,1.0,1.0
3316.937269,1321,6333.465181,0.9437294978551601,0.14585631375941746,0.20707556805210098,1.0,1.0,1.0
3305.538909,1321,6346.806473,0.9513626040878123,0.15054251829422152,0.20521250135178978,1.0,1.0,1.0
3305.90352,1321,6360.045501,0.9454958364875095,0.13484823906852672,0.19189346695024212,1.0,1.0,1.0
3310.863702,1321,6373.313628,0.9448019177390866,0.14600771421361883,0.1956868894416207,1.0,1.0,1.0
3295.129387,1321,6386.557,0.942530910926066,0.12458995710320465,0.19367843024163994,1.0,1.0,1.0
3285.300946,1321,6399.823549,0.936159475145092,0.12566327818031073,0.19458563137594173,0.9984859954579863,1.0,0.9984859954579863
3301.479109,1321,6412.909106,0.9497855160232146,0.1354295086694784,0.18527690662437066,1.0,1.0,1.0
3318.817356,1321,6426.001965,0.9560938682816048,0.14588154716845103,0.1887592809243074,1.0,1.0,1.0
3309.036277,1321,6439.032489,0.9485869290941207,0.14885278108215277,0.19895161193420086,1.0,1.0,1.0
3333.060256,1321,6452.18099,0.9568508705526116,0.16519141343138313,0.20831140429929226,1.0,1.0,1.0
3285.64829,1321,6465.228965,0.9342669694675751,0.12730344976749217,0.19278564819821445,1.0,1.0,1.0
3312.989635,1321,6478.297204,0.9424678274034822,0.13841245809451713,0.19717866455186667,0.9992429977289932,1.0,0.9992429977289932
3289.396628,1321,6491.351125,0.9372949785516022,0.12983309902310658,0.19530958989702366,1.0,1.0,1.0
3288.102206,1321,6504.385535,0.9541382790815038,0.1324690890739339,0.17802290232267523,1.0,1.0,1.0
3278.224248,1321,6517.663452,0.934393136512743,0.12538571068094154,0.196692621030244,0.9992429977289932,1.0,0.9992429977289932
3309.002572,1321,6530.725055,0.9504163512490538,0.1462149886449659,0.1945147375124665,1.0,1.0,1.0
3289.423271,1321,6543.62895,0.9389099167297501,0.14528225370390396,0.19613808682695888,1.0,1.0,1.0
3289.672368,1321,6556.899945,0.9449911683068382,0.1483796546627735,0.2016648042007618,0.9992429977289932,1.0,0.9992429977289932
3306.813374,1321,6570.200773,0.9441710825132476,0.14861847085541255,0.19518883001093448,1.0,1.0,1.0
3292.04592,1321,6583.401444,0.9389351501387838,0.14259489564182978,0.19552767864652798,1.0,1.0,1.0
3312.516993,1321,6596.812644,0.9492808478425435,0.14202624274539488,0.1895137161601961,0.9992429977289932,1.0,0.9992429977289932
3319.439692,1321,6610.16842,0.950227100681302,0.15063083522583898,0.20192915420016103,1.0,1.0,1.0
3324.325788,1321,6623.276839,0.9626545546303306,0.15813777441332322,0.19087932422527426,0.9977289931869796,1.0,0.9977289931869796
3285.977314,1321,6636.233462,0.9356548069644209,0.1337307595256119,0.18492183651154126,1.0,1.0,1.0
3305.923287,1321,6649.555929,0.9463790058036842,0.1552990158970477,0.2142544729221489,1.0,1.0,1.0
3289.932342,1321,6662.774198,0.9410799899066363,0.13104340146353774,0.19798569669879285,0.9992429977289932,1.0,0.9992429977289932
3279.648459,1321,6675.833616,0.9403229876356295,0.12962402220539995,0.1860783677589128,1.0,1.0,1.0
3288.424303,1321,6688.985072,0.9452435023971739,0.13754731264193792,0.19871429773019475,1.0,1.0,1.0
3292.802418,1321,6702.333754,0.941836992177643,0.1302746836811939,0.1886209341167706,1.0,1.0,1.0
3279.134623,1321,6715.397516,0.9312389603835479,0.11946757506939187,0.17913978107013684,1.0,1.0,1.0
3278.016143,1321,6728.448589,0.943855664900328,0.13026116578349733,0.18226348048452515,1.0,1.0,1.0
3302.550151,1321,6741.522028,0.9427832450164016,0.14584279586172091,0.20423336861641178,1.0,1.0,1.0
3326.26151,1321,6754.698974,0.9430986626293212,0.16391622508200857,0.22269745142568761,1.0,1.0,1.0
3306.463581,1321,6767.836317,0.9371057279838505,0.1534263364694856,0.21789529336841976,1.0,1.0,1.0
3317.408708,1321,6780.824868,0.948397678526369,0.14792455210698963,0.20701805554190114,1.0,1.0,1.0
3324.163417,1321,6793.827831,0.9487761796618722,0.15407519555892,0.19634295807649327,1.0,1.0,1.0
3301.006264,1321,6807.225707,0.9432248296744891,0.1458878555207094,0.19461867512586664,0.9992429977289932,1.0,0.9992429977289932
3288.665413,1321,6820.414474,0.9404491546807974,0.1369795609386828,0.19329932831068333,1.0,1.0,1.0
3304.792827,1321,6833.587269,0.9446757506939186,0.13726343679031036,0.19198538865457865,1.0,1.0,1.0
3326.02055,1321,6846.662992,0.9560307847590208,0.1571798060632277,0.2006128113622436,1.0,1.0,1.0
3314.054432,1321,6859.506662,0.9438556649003281,0.1528450668685339,0.2085633014474801,1.0,1.0,1.0
3316.902922,1321,6872.873554,0.9454327529649256,0.161437943837641,0.22016269540872116,0.9992429977289932,1.0,0.9992429977289932
3312.779961,1321,6886.082402,0.9428463285389856,0.14380609927544066,0.19835682443555264,0.9992429977289932,1.0,0.9992429977289932
3304.007749,1321,6899.087407,0.9417234418369923,0.13949839587614002,0.1940365043317352,1.0,1.0,1.0
3281.925328,1321,6912.255826,0.9276431995962653,0.13402184492267763,0.1995007389784074,1.0,1.0,1.0
3313.829375,1321,6925.324028,0.9354655563966692,0.15855412566237698,0.21600459007726228,1.0,1.0,1.0
3299.598729,1321,6938.535439,0.9340777188998233,0.14916819869507228,0.21038474940821647,1.0,1.0,1.0
3317.84086,1321,6951.521744,0.9531289427201615,0.15172308135972026,0.2029450993114884,1.0,1.0,1.0
3282.324923,1321,6964.558499,0.9339515518546556,0.1307162683392812,0.1910104614873729,1.0,1.0,1.0
3331.686193,1321,6978.159205,0.9653671461014383,0.14844273818535741,0.189740216046045,1.0,1.0,1.0
3313.209125,1321,6991.101056,0.9489528135251072,0.1474964853465989,0.1959776744409598,0.9992429977289932,1.0,0.9992429977289932
3315.915846,1321,7003.888483,0.9448650012616705,0.1450731768861973,0.19437251284336823,1.0,1.0,1.0
3326.523987,1321,7016.631761,0.9528766086298259,0.15430950578566022,0.20431971930836426,0.9992429977289932,1.0,0.9992429977289932
3330.061532,1321,7029.545656,0.9511228867019935,0.15147074726938467,0.20369625748126882,1.0,1.0,1.0
3318.117682,1321,7042.277395,0.9499116830683825,0.144619876716773,0.19654242216694903,1.0,1.0,1.0
3325.722713,1321,7055.026802,0.9577340398687861,0.14298601348184994,0.18864152501548412,1.0,1.0,1.0
3314.864415,1321,7067.81581,0.9493439313651274,0.14697829926823114,0.19662953750766007,1.0,1.0,1.0
3340.091817,1321,7081.132822,0.9579863739591219,0.15001982624995494,0.19392475637744372,0.9992429977289932,1.0,0.9992429977289932
3342.30589,1321,7094.583386,0.9595003785011355,0.1564228037922209,0.19666558523485095,1.0,1.0,1.0
3301.413646,1321,7107.371653,0.9386323492303811,0.1439259579683501,0.19731083955156628,1.0,1.0,1.0
3282.44977,1321,7120.304447,0.9297880393641181,0.12302638693630365,0.18316991697006837,1.0,1.0,1.0
3323.522868,1321,7133.063811,0.954642947262175,0.14644208932626798,0.1913641661559905,1.0,1.0,1.0
3321.856941,1321,7145.875165,0.9492177643199595,0.14244980353988682,0.20216046044963532,1.0,1.0,1.0
3315.94961,1321,7159.364974,0.9448019177390865,0.13396506975235212,0.19559737091909687,0.9992429977289932,1.0,0.9992429977289932
3308.530315,1321,7172.391708,0.9437294978551601,0.14704138279081505,0.1941386395587758,1.0,1.0,1.0
3335.172739,1321,7185.441906,0.9632853898561695,0.15720503947226125,0.19392115160472465,1.0,1.0,1.0
3311.77311,1321,7198.861697,0.9451804188745899,0.14181896831404778,0.19586112012304288,1.0,1.0,1.0
3343.934466,1321,7212.21587,0.9589957103204644,0.15629663674705307,0.2017196404403066,1.0,1.0,1.0
3308.73289,1321,7225.242297,0.9436664143325763,0.12983309902310658,0.1908482467150143,0.9992429977289932,1.0,0.9992429977289932
3320.518757,1321,7238.472364,0.9504163512490538,0.14314372228830974,0.19074955240738736,1.0,1.0,1.0
3313.479905,1321,7251.384628,0.9517411052233157,0.14055729786236978,0.1881680981983783,1.0,1.0,1.0
3331.964093,1321,7264.393133,0.9571032046429472,0.15743214015356333,0.20023267169368608,1.0,1.0,1.0
3332.431532,1321,7277.313368,0.960446631339894,0.14926282397894813,0.19407856001345783,1.0,1.0,1.0
3309.280218,1321,7290.490203,0.9487761796618724,0.15109224613388125,0.1981663722768946,1.0,1.0,1.0
3303.011194,1321,7303.758386,0.946379005803684,0.14465772683032335,0.20028417624935413,1.0,1.0,1.0
3301.384739,1321,7317.017168,0.9288417865253595,0.1421974694495512,0.20714766350648256,0.9992429977289932,1.0,0.9992429977289932
3305.944712,1321,7330.271778,0.9517411052233157,0.13699307883637937,0.18573727979481194,1.0,1.0,1.0
3307.835665,1321,7343.261561,0.9454958364875095,0.1398949208752388,0.19340703455010796,1.0,1.0,1.0
3326.200354,1321,7356.255313,0.9515518546555639,0.1590407699794528,0.20871273566201654,1.0,1.0,1.0
3313.389743,1321,7369.277165,0.9462528387585163,0.15059388630546844,0.20364142124172402,1.0,1.0,1.0
3315.643414,1321,7382.249717,0.9559677012364372,0.13926408564939982,0.19429785035386854,1.0,1.0,1.0
3309.607431,1321,7395.36604,0.9497855160232146,0.15391117840020185,0.20310190692476837,1.0,1.0,1.0
3315.06108,1321,7408.437,0.9568508705526116,0.15118687141775708,0.19202864592720761,1.0,1.0,1.0
3311.437366,1321,7421.541757,0.9524981074943225,0.14623481489492088,0.19085949797531931,0.9992429977289932,1.0,0.9992429977289932
3333.420062,1321,7434.61349,0.9695937421145598,0.145509354385206,0.18353039424197637,1.0,1.0,1.0
3313.224455,1321,7447.761903,0.9507948523845572,0.14364839046898092,0.19549283251024352,1.0,1.0,1.0
3312.993976,1321,7460.886601,0.9546555639666918,0.14893388846833208,0.19123379354265047,1.0,1.0,1.0
3331.906548,1321,7473.974555,0.9461266717133484,0.15897768645686888,0.21886934665133,1.0,1.0,1.0
3330.520073,1321,7486.923836,0.9615821347464042,0.14976749215961932,0.19889333477524243,1.0,1.0,1.0
3335.699121,1321,7500.085479,0.9526242745394902,0.15101564471360082,0.20469401487569538,1.0,1.0,1.0
3330.502059,1321,7513.043177,0.9533308099924299,0.1534894199920695,0.20213582783605497,1.0,1.0,1.0
3334.917147,1321,7526.053435,0.9571032046429474,0.15483940737536497,0.1967118464847458,1.0,1.0,1.0
3322.605563,1321,7538.994907,0.946505172848852,0.14658177426913233,0.20335544260601035,0.9984859954579863,1.0,0.9984859954579863
3342.455073,1321,7551.84309,0.9518041887458996,0.1618479867344364,0.21338512190139747,1.0,1.0,1.0
3335.958096,1321,7564.663049,0.9520565228362352,0.15970314696658378,0.20943609338764524,1.0,1.0,1.0
3347.882855,1321,7577.499122,0.9527125914711078,0.16295194837965465,0.20725941146077406,1.0,1.0,1.0
3352.397992,1321,7590.475153,0.9538859449911683,0.16877365632096897,0.2208710332480204,1.0,1.0,1.0
3343.682614,1321,7603.902239,0.9596896290688872,0.15831530946973793,0.20087295579347053,1.0,1.0,1.0
3334.284844,1321,7617.372599,0.945748170577845,0.1512562632925994,0.20916890326428556,0.9984859954579863,1.0,0.9984859954579863
3340.506093,1321,7630.551272,0.9620237194044915,0.14841119642406544,0.1996360818086783,0.9992429977289932,1.0,0.9992429977289932
3344.091749,1321,7643.746377,0.9576204895281353,0.1613433185537652,0.20867368395755978,1.0,1.0,1.0
3337.640249,1321,7656.868724,0.9476406762553621,0.15815760066327816,0.217064994052125,0.9992429977289932,1.0,0.9992429977289932
3342.137197,1321,7669.600534,0.9472621751198588,0.16739933672181967,0.21135142929238313,1.0,1.0,1.0
3354.377549,1321,7682.915892,0.9579863739591219,0.16301503190223857,0.2188030952981748,1.0,1.0,1.0
3351.355111,1321,7696.120813,0.9605727983850617,0.15342633646948559,0.19833115408437135,1.0,1.0,1.0
3330.847525,1321,7709.258333,0.9443603330809992,0.15487725748891534,0.20974249906876705,0.9992429977289932,1.0,0.9992429977289932
3353.939858,1321,7722.24695,0.9474514256876105,0.166559424678274,0.22111555699746466,1.0,1.0,1.0
3322.159158,1321,7735.290517,0.9525611910169063,0.1525999423236365,0.19808646648162168,1.0,1.0,1.0
3361.96823,1321,7748.27797,0.9664395659853647,0.1657970152481886,0.2062274087255162,1.0,1.0,1.0
3348.140876,1321,7761.332312,0.9587433762301287,0.15724288958581162,0.2030389872554899,0.9992429977289932,1.0,0.9992429977289932
3342.365223,1321,7774.202815,0.9592480444107998,0.15127518834937456,0.202176081131418,1.0,1.0,1.0
3352.249094,1321,7787.739356,0.9582387080494575,0.15541977578313687,0.19826790670848204,1.0,1.0,1.0
3333.101704,1321,7801.110361,0.9502901842038861,0.15178616488230415,0.19918051500186246,1.0,1.0,1.0
3332.930589,1321,7814.260555,0.9500378501135504,0.15007660142028043,0.19568568785071433,0.9992429977289932,1.0,0.9992429977289932
3351.764572,1321,7827.491545,0.9555513499873832,0.1728560614253271,0.2235277507419824,1.0,1.0,1.0
3332.807577,1321,7840.995677,0.9510471864748927,0.16526080530622544,0.21522475757903464,1.0,1.0,1.0
3348.603939,1321,7854.210817,0.9511733535200606,0.1527261093688043,0.20130733090611974,1.0,1.0,1.0
3348.43335,1321,7867.503815,0.9624022205399949,0.15406348004758302,0.20185345397306034,1.0,1.0,1.0
3360.277691,1321,7880.636765,0.9547060307847591,0.16386665945712123,0.21182245292767624,0.9984859954579863,1.0,0.9984859954579863
3360.63719,1321,7894.003359,0.9646732273530153,0.16220846400634437,0.207898821676263,1.0,1.0,1.0
3306.546079,1321,7906.983897,0.9352763058289175,0.14402689160448431,0.201772346586881,1.0,1.0,1.0
3340.832837,1321,7920.349365,0.9576078728236185,0.14273998774377275,0.19493168955697343,1.0,1.0,1.0
3322.948011,1321,7933.570094,0.9499116830683825,0.14050052269204427,0.19306441728848994,1.0,1.0,1.0
3334.374548,1321,7946.615509,0.9514256876103961,0.14024818860170865,0.19163752808718745,0.9992429977289932,1.0,0.9992429977289932
3319.605142,1321,7959.719747,0.9620237194044915,0.13525828196532208,0.18800271559544837,1.0,1.0,1.0
3345.486434,1321,7972.791121,0.9629068887206662,0.15049926102159258,0.19569125886309838,1.0,1.0,1.0
3335.542459,1321,7985.776762,0.9408907393388846,0.14604556432716917,0.20970344736431032,1.0,1.0,1.0
3329.286227,1321,7998.714301,0.9584279586172091,0.13610990952020474,0.18262335696097995,1.0,1.0,1.0
3335.984605,1321,8011.678676,0.9612919505425184,0.1490348221044663,0.1932254304699422,1.0,1.0,1.0
3332.364768,1321,8024.642913,0.9611405500883168,0.1500261346022133,0.19272256467563054,1.0,1.0,1.0
3342.467286,1321,8037.72544,0.9544536966944234,0.15484571572762337,0.20724799634716362,1.0,1.0,1.0
3337.379133,1321,8050.789425,0.9658087307595258,0.14898525647957894,0.19759741898273311,1.0,1.0,1.0
3337.746236,1321,8063.859121,0.95666161998486,0.15165999783713635,0.2043840044218545,1.0,1.0,1.0
3350.412447,1321,8076.978539,0.9581125410042896,0.1590587938430482,0.21024372633002456,1.0,1.0,1.0
3319.222506,1321,8089.949975,0.9423416603583146,0.1401472549655744,0.20130629316851875,0.9984859954579863,1.0,0.9984859954579863
3328.458451,1321,8102.917503,0.9560181680545042,0.14226686132439348,0.19047378729437775,1.0,1.0,1.0
3337.46332,1321,8115.915143,0.9610143830431491,0.15058126960095167,0.2004663811249731,1.0,1.0,1.0
3316.959362,1321,8129.084274,0.9373580620741863,0.14486500126167046,0.2067679607800728,1.0,1.0,1.0
3358.733429,1321,8141.99926,0.9625283875851628,0.1630528820157889,0.20699866623409394,1.0,1.0,1.0
3354.19763,1321,8155.341438,0.9543275296492555,0.1565489708373887,0.20728480872311306,1.0,1.0,1.0
3342.721554,1321,8168.759852,0.9446757506939186,0.15040463573771673,0.21528784110161853,1.0,1.0,1.0
3380.374964,1321,8181.955083,0.9700984102952309,0.177398075051368,0.2166834889393557,1.0,1.0,1.0
3350.360271,1321,8194.861583,0.9545167802170073,0.1532551097653293,0.2043311344219747,1.0,1.0,1.0
3359.785639,1321,8207.749654,0.965619480191774,0.1643713276377924,0.2066177619167778,1.0,1.0,1.0
3337.916175,1321,8221.096774,0.9521826898814029,0.15973468872787575,0.2186823354120856,1.0,1.0,1.0
3352.378916,1321,8234.085232,0.9572293716881151,0.15960221333044952,0.20440683464907536,1.0,1.0,1.0
3324.944158,1321,8247.026211,0.9465051728488518,0.1410799899066364,0.19984319238672002,1.0,1.0,1.0
3359.146736,1321,8260.527609,0.9609386828160483,0.16957571825096426,0.20831921464018358,0.9992429977289932,1.0,0.9992429977289932
3368.506209,1321,8273.537568,0.9651778955336866,0.1668631267798565,0.201778955336866,1.0,1.0,1.0
3347.804583,1321,8286.768459,0.956724703507444,0.15078313687322012,0.19477187796642753,0.9992429977289932,1.0,0.9992429977289932
3344.777239,1321,8299.83704,0.9545798637395913,0.14267059586893047,0.1922124893358807,1.0,1.0,1.0
3338.279348,1321,8312.857208,0.9605097148624778,0.14081594030496378,0.18902887422947984,1.0,1.0,1.0
3348.35747,1321,8325.786466,0.9514256876103963,0.1741429652860387,0.22700892345101278,1.0,1.0,1.0
3342.953519,1321,8338.728619,0.9540751955589202,0.16456057820554412,0.21746572461939606,1.0,1.0,1.0
3350.667954,1321,8351.7003,0.9636638909916729,0.1565489708373887,0.19363096740083868,1.0,1.0,1.0
3346.989913,1321,8364.731746,0.9605097148624778,0.1593435708878555,0.2117389423596842,1.0,1.0,1.0
3336.440907,1321,8377.668071,0.9512995205652283,0.1486319887531091,0.20569674248705283,0.9992429977289932,1.0,0.9992429977289932
3361.458762,1321,8390.775616,0.9632853898561695,0.15958328827367432,0.20408661067253042,1.0,1.0,1.0
3306.385894,1321,8403.846676,0.938051980822609,0.12703219062038137,0.18758936832366052,1.0,1.0,1.0
3351.980063,1321,8416.826822,0.9583144082765582,0.15806297537940234,0.20671929634836525,1.0,1.0,1.0
3377.245138,1321,8430.023433,0.9700984102952309,0.17383385602537757,0.21475990575157874,1.0,1.0,1.0
3371.497028,1321,8443.457311,0.964357809740096,0.17008038643163548,0.21168727395071077,1.0,1.0,1.0
3367.921102,1321,8456.485113,0.9666919000757003,0.1661124328611081,0.20849705009432484,1.0,1.0,1.0
3344.173151,1321,8469.498551,0.9663764824627806,0.149357449262824,0.19568825488583247,1.0,1.0,1.0
3363.458168,1321,8482.522131,0.9577340398687861,0.1655383728055946,0.2183188541629117,1.0,1.0,1.0
3365.417307,1321,8495.536217,0.9574817057784506,0.16568977325979595,0.22161722120086996,1.0,1.0,1.0
3350.161583,1321,8509.0883,0.9516780217007317,0.16028261418117587,0.20934974269569273,1.0,1.0,1.0
3352.887992,1321,8522.224481,0.9531289427201615,0.15594967737284166,0.20791007293656802,1.0,1.0,1.0
3354.344864,1321,8535.48912,0.9607620489528134,0.1595391298078656,0.2140898549679776,0.9992429977289932,1.0,0.9992429977289932
3365.626649,1321,8548.686693,0.9588695432752965,0.1786786705598212,0.22873681117435846,1.0,1.0,1.0
3343.15904,1321,8562.210845,0.9434771637648247,0.15414548862694205,0.21812780120880046,0.9992429977289932,1.0,0.9992429977289932
3343.409963,1321,8575.653262,0.9444865001261671,0.16685681842759814,0.22765821948259493,1.0,1.0,1.0
3317.735723,1321,8588.440269,0.944612667171335,0.14929436574024008,0.20825329099363923,0.9984859954579863,1.0,0.9984859954579863
3349.957167,1321,8601.338367,0.9543275296492557,0.16087019213438591,0.21802866995902576,1.0,1.0,1.0
3353.352725,1321,8614.085575,0.9671965682563713,0.16379726758227892,0.2076180863463225,0.9984859954579863,1.0,0.9984859954579863
3330.989932,1321,8627.061753,0.9490285137522078,0.16120363361090081,0.20934597406966826,0.9992429977289932,1.0,0.9992429977289932
3358.164334,1321,8639.837542,0.9607620489528134,0.16149471900796655,0.21203589916686053,1.0,1.0,1.0
3349.087106,1321,8652.956502,0.9582387080494574,0.15846670992393927,0.21221837713132186,0.9992429977289932,1.0,0.9992429977289932
3349.921802,1321,8666.056415,0.9612036336109009,0.16556360621462815,0.20723417805174052,1.0,1.0,1.0
3362.806189,1321,8678.739587,0.9667549835982843,0.16301503190223854,0.20520365327329748,1.0,1.0,1.0
3364.889605,1321,8691.846994,0.9656194801917739,0.17445207454669986,0.2202119606358819,0.9992429977289932,1.0,0.9992429977289932
3348.20477,1321,8704.990927,0.9606358819076457,0.15843516816264736,0.21003028009084027,1.0,1.0,1.0
3367.303087,1321,8718.21661,0.9639162250820085,0.16669910962113837,0.2130276486067553,0.9992429977289932,1.0,0.9992429977289932
3340.951104,1321,8731.279353,0.9653671461014383,0.1492375905699146,0.1982618987539502,1.0,1.0,1.0
3369.943087,1321,8744.342916,0.9586802927075446,0.16769492808478426,0.2225015921079509,0.9992429977289932,1.0,0.9992429977289932
3338.069249,1321,8757.40107,0.9496593489780469,0.15849825168523124,0.2101384232724127,1.0,1.0,1.0
3364.483213,1321,8770.454774,0.9677769366641433,0.15095977073645506,0.18616908787234296,1.0,1.0,1.0
3319.170392,1321,8783.522961,0.9368533938935151,0.1329106737320212,0.19958605193275897,1.0,1.0,1.0
3334.346102,1321,8796.599508,0.9407645722937169,0.1516915395984283,0.20989930668204698,1.0,1.0,1.0
3346.642085,1321,8809.672415,0.9559677012364372,0.14491006092065895,0.19727419102892227,1.0,1.0,1.0
3359.083655,1321,8822.883943,0.9615190512238202,0.16118560974730542,0.20582351032767382,0.9992429977289932,1.0,0.9992429977289932
3372.760042,1321,8836.250002,0.9572293716881151,0.17219368443819616,0.22602525744085167,1.0,1.0,1.0
3366.411079,1321,8849.468246,0.9573555387332827,0.16310334883385602,0.2152644100789445,1.0,1.0,1.0
3315.551255,1321,8862.689827,0.9417108251324754,0.1341723441836992,0.1960011054636338,1.0,1.0,1.0
3340.266061,1321,8875.474607,0.9535074438556649,0.15494664936375763,0.2138573471275969,1.0,1.0,1.0
3353.101897,1321,8888.245664,0.941900075700227,0.17872282902562991,0.23526969707893253,0.9992429977289932,1.0,0.9992429977289932
3338.311608,1321,8901.009185,0.945117335352006,0.15055603619191807,0.2115334703146967,1.0,1.0,1.0
3355.360228,1321,8913.818009,0.9433509967196567,0.1797637071482643,0.23762541605085127,1.0,1.0,1.0
3347.563109,1321,8926.586872,0.9514256876103961,0.16033398219242276,0.22083198154356368,1.0,1.0,1.0
3348.555318,1321,8939.380889,0.9399444865001262,0.15714826430193574,0.22326279994713,1.0,1.0,1.0
3358.317148,1321,8952.114928,0.9547060307847589,0.16148841065570813,0.2195997500690915,1.0,1.0,1.0
3357.773236,1321,8964.833787,0.9504794347716378,0.16372697451425688,0.21918880597911633,1.0,1.0,1.0
3358.982991,1321,8978.023085,0.9570401211203634,0.1667685014959807,0.21867692825300697,1.0,1.0,1.0
3345.816885,1321,8991.260672,0.9443603330809992,0.15702840560902634,0.21646540018985136,1.0,1.0,1.0
3346.543567,1321,9004.290139,0.9528135251072418,0.1536723622075628,0.20662497146221598,1.0,1.0,1.0
3349.237738,1321,9017.028164,0.9588695432752964,0.1461014383043149,0.19040890138543431,0.9992429977289932,1.0,0.9992429977289932
3362.349094,1321,9029.814985,0.9543906131718395,0.1741672975018925,0.21414512814967013,1.0,1.0,1.0
3351.260156,1321,9042.48593,0.9610143830431491,0.15945081287624813,0.20061521454405631,1.0,1.0,1.0
3353.879622,1321,9055.28045,0.9600050466818066,0.16143163548538264,0.2045582351032767,1.0,1.0,1.0
3334.69616,1321,9068.068196,0.9545798637395913,0.14686565012075986,0.19718527330185165,1.0,1.0,1.0
3335.419568,1321,9081.013464,0.9476406762553621,0.13986337911394686,0.1997236340915372,1.0,1.0,1.0
3360.696731,1321,9094.518885,0.9638531415594247,0.14673948307559206,0.19377035194597644,1.0,1.0,1.0
3359.654936,1321,9107.523874,0.9574817057784506,0.15982931401175157,0.21437403121733173,1.0,1.0,1.0
3348.088665,1321,9120.669731,0.9454958364875095,0.14996305107962943,0.2053717121468825,1.0,1.0,1.0
3360.919712,1321,9133.874099,0.953444360333081,0.15434104754695216,0.21138267065594846,1.0,1.0,1.0
3362.852943,1321,9146.618673,0.960509714862478,0.16468674525071195,0.20678254372425456,1.0,1.0,1.0
3353.628515,1321,9159.676267,0.9542644461266716,0.15770249810749434,0.2100903596361583,1.0,1.0,1.0
3362.418401,1321,9172.646506,0.9605727983850617,0.168875491150283,0.21215769679055066,1.0,1.0,1.0
3360.050054,1321,9185.701926,0.9555261165783497,0.15669316174615192,0.20590702089566587,0.9992429977289932,1.0,0.9992429977289932
3343.949581,1321,9198.491555,0.9542644461266716,0.1506822032370859,0.19752051716472607,0.9992429977289932,1.0,0.9992429977289932
3344.703795,1321,9211.585159,0.9580494574817057,0.15640928589452432,0.20142748999675572,1.0,1.0,1.0
3348.346617,1321,9224.72209,0.9627176381529144,0.16563930644172883,0.20038871465820743,1.0,1.0,1.0
3349.966312,1321,9237.811088,0.9536336109008327,0.1543095057856602,0.20042235920358556,1.0,1.0,1.0
3345.995599,1321,9250.82912,0.9476406762553621,0.16380357593453732,0.21487749780709658,1.0,1.0,1.0
3346.941939,1321,9263.861253,0.9581125410042898,0.15910385350203668,0.20336986169688664,1.0,1.0,1.0
3337.182236,1321,9276.8219,0.9494700984102953,0.14831657114018962,0.204736070557418,1.0,1.0,1.0
3337.496889,1321,9289.855534,0.955273782488014,0.14191359359792363,0.1932740949016498,1.0,1.0,1.0
3368.342328,1321,9302.903971,0.9582387080494575,0.1700173029090516,0.21669730723477884,1.0,1.0,1.0
3338.448174,1321,9315.993467,0.9396921524097906,0.15229714141523376,0.2087998510027276,1.0,1.0,1.0
3369.539179,1321,9329.108233,0.9555892001009337,0.17464042392127174,0.22271006813020439,1.0,1.0,1.0
3382.371742,1321,9342.091042,0.9656825637143577,0.16538066399913487,0.2131015464474965,1.0,1.0,1.0
3356.050928,1321,9355.212881,0.9571032046429472,0.1532370859017339,0.20028718022662004,1.0,1.0,1.0
3342.896699,1321,9368.25879,0.9461897552359324,0.15071374499837784,0.20592804873652718,1.0,1.0,1.0
3370.75655,1321,9381.369801,0.9497981327277316,0.1735995457986374,0.22410211119522244,1.0,1.0,1.0
3351.569847,1321,9394.696856,0.9475775927327782,0.16226433798349016,0.21682347427994664,1.0,1.0,1.0
3358.656736,1321,9407.897754,0.956030784759021,0.16001856457950325,0.20786501327757953,1.0,1.0,1.0
3353.133508,1321,9420.760686,0.9529396921524097,0.16139288417865252,0.21438020302516894,0.9992429977289932,1.0,0.9992429977289932
3352.133834,1321,9433.509334,0.9545798637395913,0.15913539526332865,0.2101306129315213,0.9992429977289932,1.0,0.9992429977289932
3339.186561,1321,9446.217695,0.9465051728488518,0.1632989077538661,0.21876464438917126,1.0,1.0,1.0
3334.681854,1321,9459.087515,0.9457481705778452,0.14844273818535741,0.20237734760823328,1.0,1.0,1.0
3360.134428,1321,9471.89732,0.956724703507444,0.1565489708373887,0.20947394350119558,1.0,1.0,1.0
3329.195433,1321,9484.894504,0.9530658591975776,0.15382916982084277,0.19907958136572823,1.0,1.0,1.0
3366.036886,1321,9497.939304,0.9576078728236185,0.17127897336072959,0.2296432476599017,1.0,1.0,1.0
3348.432579,1321,9511.25014,0.9564723694171082,0.153804837604989,0.20460509714862476,1.0,1.0,1.0
3352.075239,1321,9524.374661,0.9559677012364372,0.15383637936628097,0.2009552647705562,1.0,1.0,1.0
3358.501161,1321,9537.540236,0.9601312137269746,0.15977794600050466,0.21030604520384988,1.0,1.0,1.0
3364.333473,1321,9550.64561,0.9611405500883168,0.16891334126383328,0.22110654506566696,1.0,1.0,1.0
3331.102303,1321,9563.785226,0.9572293716881151,0.14380609927544066,0.19269552888023744,1.0,1.0,1.0
3368.962977,1321,9576.744467,0.9630961392884179,0.1695441764896723,0.2128758112104062,1.0,1.0,1.0
3363.445604,1321,9589.744453,0.9626545546303305,0.15544500919217044,0.19496052773872602,1.0,1.0,1.0
3373.768496,1321,9602.686933,0.961771385314156,0.16682527666630617,0.21181944895041033,1.0,1.0,1.0
3355.775478,1321,9615.643097,0.9478930103456976,0.16307180707256408,0.22460437619408097,0.9992429977289932,1.0,0.9992429977289932
3372.507285,1321,9628.664872,0.9602573807721423,0.16534281388558453,0.21509438496569455,0.9992429977289932,1.0,0.9992429977289932
3369.142346,1321,9641.648683,0.9620868029270755,0.16194892037057063,0.20329356067433277,1.0,1.0,1.0
3373.060674,1321,9654.662778,0.9646101438304315,0.1661692080314336,0.20904994576455588,0.9992429977289932,1.0,0.9992429977289932
3361.721346,1321,9667.676714,0.9610143830431491,0.15919217043365416,0.20720894464270695,1.0,1.0,1.0
3353.650377,1321,9680.626431,0.9584279586172091,0.16058631628275835,0.20589620657750862,1.0,1.0,1.0
3346.224017,1321,9693.739801,0.9644208932626798,0.142323636494719,0.19286495319803418,1.0,1.0,1.0
3378.194321,1321,9706.690705,0.9708554125662378,0.16878086586640711,0.21125169724715523,1.0,1.0,1.0
3357.789072,1321,9719.637888,0.9553368660105981,0.16164521826898812,0.21046765918075533,1.0,1.0,1.0
3371.972316,1321,9732.503875,0.9547060307847591,0.17811091885656608,0.2263815291445874,1.0,1.0,1.0
3369.431286,1321,9745.327043,0.9547060307847589,0.17373923074150174,0.22000239225825902,1.0,1.0,1.0
3361.324543,1321,9758.372504,0.9627176381529144,0.16246530406257884,0.21211143554065584,1.0,1.0,1.0
3386.74349,1321,9771.665392,0.9647993943981832,0.17605980317940953,0.22510604039748625,1.0,1.0,1.0
3379.872748,1321,9784.687506,0.961771385314156,0.17984481453444362,0.22281520733451085,1.0,1.0,1.0
3359.68156,1321,9797.696507,0.948334595003785,0.1765779892577773,0.2322188577676844,1.0,1.0,1.0
3366.149448,1321,9810.656706,0.9571032046429472,0.1657907068959302,0.21111111111111108,1.0,1.0,1.0
3372.939713,1321,9823.61301,0.967448902346707,0.17166378284849138,0.21571680905518906,0.9992429977289932,1.0,0.9992429977289932
3389.509344,1321,9836.685083,0.9719909159727479,0.17408619011571322,0.21915936700191052,1.0,1.0,1.0
3387.736872,1321,9849.649769,0.9632853898561695,0.18357395191233192,0.22797620413063263,1.0,1.0,1.0
3368.179338,1321,9862.661365,0.9583017915720413,0.17120237194044916,0.21650461574761348,1.0,1.0,1.0
3361.086036,1321,9875.568411,0.9592480444107998,0.16497062110233948,0.21848347211708302,1.0,1.0,1.0
