time/fps,train/critic_loss,time/episodes,rollout/ep_len_mean,time/total_timesteps,rollout/ep_rew_mean,time/time_elapsed,train/n_updates,train/ent_coef,train/actor_loss
66,0.02724372036755085,4,150.0,600,277.53207875,9,800798,0.0014660911401733756,-333.83349609375
78,0.017433738335967064,8,150.0,1200,298.88907975,15,801998,0.0017382979858666658,-329.03521728515625
82,0.02088371105492115,12,150.0,1800,310.0049828333334,21,803198,0.0020279819145798683,-324.7362060546875
86,0.0241441298276186,16,150.0,2400,313.8698638125,27,804398,0.0022567391861230135,-320.8891906738281
88,0.02219335548579693,20,150.0,3000,317.54678555,33,805598,0.002499295398592949,-316.95477294921875
89,0.024912411347031593,24,150.0,3600,321.6175596666667,40,806798,0.002590056275948882,-313.6187438964844
90,0.023318445309996605,28,150.0,4200,323.77973064285715,46,807998,0.0025689543690532446,-310.1612548828125
91,0.027555111795663834,32,150.0,4800,324.42265462500006,52,809198,0.0026061853859573603,-307.02789306640625
92,0.02283482439815998,36,150.0,5400,326.0910248333334,58,810398,0.002565124537795782,-304.7225341796875
92,0.024632422253489494,40,150.0,6000,326.527913075,64,811598,0.0026038573123514652,-301.314697265625
93,0.02652653306722641,44,150.0,6600,327.6443863863637,70,812798,0.0026570060290396214,-299.03692626953125
93,0.029074611142277718,48,150.0,7200,328.42476200000004,77,813998,0.002630034927278757,-296.5021667480469
93,0.03138420358300209,52,150.0,7800,328.7545546153846,83,815198,0.0026406371034681797,-294.1371154785156
93,0.028693636879324913,56,150.0,8400,329.45165423214286,89,816398,0.0026665772311389446,-291.8558654785156
93,0.03139650076627731,60,150.0,9000,330.3011066333333,95,817598,0.0027157538570463657,-290.2012939453125
94,0.03230905160307884,64,150.0,9600,331.19393609375004,101,818798,0.002537901746109128,-288.1854248046875
94,0.029368704184889793,68,150.0,10200,331.75074292647065,107,819998,0.0025496981106698513,-286.0822448730469
94,0.029393527656793594,72,150.0,10800,332.600838,113,821198,0.0025194622576236725,-284.2142333984375
94,0.027849238365888596,76,150.0,11400,333.06680714473686,120,822398,0.002546526724472642,-282.62860107421875
95,0.0290763471275568,80,150.0,12000,333.37436636250004,126,823598,0.0024568273220211267,-281.6197509765625
95,0.030969584360718727,84,150.0,12600,334.08937101190475,132,824798,0.002462508622556925,-280.146484375
95,0.03525397181510925,88,150.0,13200,334.4892075909091,138,825998,0.002560968976467848,-279.08465576171875
95,0.03133312240242958,92,150.0,13800,335.04195317391304,144,827198,0.0026131998747587204,-277.330810546875
95,0.034265171736478806,96,150.0,14400,335.22801821875004,150,828398,0.0026500518433749676,-276.5448303222656
95,0.03752986341714859,100,150.0,15000,335.29704977,156,829598,0.002682132413610816,-276.0409851074219
95,0.038066986948251724,104,150.0,15600,337.99158811999996,163,830798,0.002600309904664755,-274.76318359375
95,0.032967548817396164,108,150.0,16200,339.24115370999994,169,831998,0.002623460255563259,-273.93084716796875
95,0.03123817779123783,112,150.0,16800,339.98092318999994,175,833198,0.002615539822727442,-273.60845947265625
95,0.035934049636125565,116,150.0,17400,341.0965982,181,834398,0.002509164856746793,-272.38238525390625
95,0.029345404356718063,120,150.0,18000,341.32016480999994,187,835598,0.0024041403084993362,-272.00146484375
96,0.030437922105193138,124,150.0,18600,341.4872459300001,193,836798,0.0024353880435228348,-270.9248352050781
96,0.031206758692860603,128,150.0,19200,342.05499020999997,199,837998,0.002510802121832967,-270.2745361328125
96,0.030573850497603416,132,150.0,19800,342.93701001999995,206,839198,0.002420704113319516,-269.8787841796875
96,0.032789669930934906,136,150.0,20400,343.24579909000005,212,840398,0.0024523516185581684,-268.9387512207031
96,0.0346040353178978,140,150.0,21000,344.05172002000006,218,841598,0.002418378135189414,-268.57061767578125
96,0.02896345779299736,144,150.0,21600,344.92603244,224,842798,0.002323235385119915,-268.17529296875
96,0.030264923349022865,148,150.0,22200,345.75162711999997,230,843998,0.002347039058804512,-267.44757080078125
96,0.03045448288321495,152,150.0,22800,346.3548938099999,236,845198,0.002369683003053069,-266.92999267578125
96,0.03433510288596153,156,150.0,23400,346.7724238399999,243,846398,0.002430201508104801,-266.44573974609375
95,0.033980101346969604,160,150.0,24000,347.4177734,250,847598,0.002500883536413312,-266.1258850097656
96,0.03491812199354172,164,150.0,24600,348.0450142,256,848798,0.0024982981849461794,-265.95135498046875
96,0.03333799168467522,168,150.0,25200,348.38802464,262,849998,0.002432086504995823,-265.3221740722656
96,0.03558505326509476,172,150.0,25800,348.91689477,268,851198,0.0024680313654243946,-264.71368408203125
96,0.03431714326143265,176,150.0,26400,349.2578602700001,274,852398,0.0024266443215310574,-264.7598876953125
96,0.029313355684280396,180,150.0,27000,350.31772074,280,853598,0.002360705519095063,-264.2167663574219
96,0.03719191253185272,184,150.0,27600,350.53744509000006,286,854798,0.002403778024017811,-263.7850036621094
96,0.03259008750319481,188,150.0,28200,351.07259563,293,855998,0.002368262968957424,-263.7113037109375
96,0.03369636461138725,192,150.0,28800,351.34716329,299,857198,0.0023336654994636774,-263.2900390625
96,0.03327498212456703,196,150.0,29400,351.82290076000004,305,858398,0.0022976144682615995,-263.29327392578125
96,0.03761567175388336,200,150.0,30000,352.8663061,311,859598,0.002357186982408166,-262.7071838378906
96,0.03274025022983551,204,150.0,30600,353.4057434,317,860798,0.0023447470739483833,-262.7720947265625
96,0.03645840287208557,208,150.0,31200,353.61539228000004,323,861998,0.0023867511190474033,-262.445556640625
96,0.038872309029102325,212,150.0,31800,354.13414752999995,329,863198,0.002347378060221672,-262.3675537109375
96,0.038037240505218506,216,150.0,32400,354.02963729999993,335,864398,0.0023843953385949135,-261.65802001953125
96,0.035978201776742935,220,150.0,33000,355.05207828000005,342,865598,0.002372224349528551,-262.055908203125
96,0.036430198699235916,224,150.0,33600,355.20688315000007,348,866798,0.0023106879089027643,-261.71527099609375
96,0.03777666389942169,228,150.0,34200,355.7747035399999,354,867998,0.002285676309838891,-261.8280334472656
96,0.0388212688267231,232,150.0,34800,355.88814569000004,360,869198,0.002363471779972315,-261.328369140625
96,0.03785577788949013,236,150.0,35400,355.89890747000004,366,870398,0.0023271457757800817,-261.64501953125
96,0.03648359328508377,240,150.0,36000,356.15522548,372,871598,0.0022557666525244713,-261.261474609375
96,0.03726058453321457,244,150.0,36600,356.2261268699999,378,872798,0.0022928863763809204,-261.23468017578125
96,0.04115043580532074,248,150.0,37200,355.84888398000004,384,873998,0.002357080113142729,-260.9210205078125
96,0.030924344435334206,252,150.0,37800,356.59913626,391,875198,0.0022355529945343733,-261.3765869140625
96,0.03189358115196228,256,150.0,38400,357.50479804,397,876398,0.002238636836409569,-261.07940673828125
96,0.033039748668670654,260,150.0,39000,357.77197213,403,877598,0.0022630279418081045,-261.2176513671875
96,0.04635004699230194,264,150.0,39600,358.15679464999994,409,878798,0.0022796483244746923,-261.011962890625
96,0.038857556879520416,268,150.0,40200,358.1013387,415,879998,0.002245323732495308,-261.10345458984375
96,0.03436620533466339,272,150.0,40800,358.14071581999997,421,881198,0.0021799199748784304,-260.70892333984375
96,0.03307216614484787,276,150.0,41400,358.83955387000003,427,882398,0.002168571576476097,-261.0762939453125
96,0.031195668503642082,280,150.0,42000,358.88630965,434,883598,0.0021340118255466223,-260.6349792480469
96,0.033890292048454285,284,150.0,42600,359.4538481800001,440,884798,0.0021455944515764713,-260.4899597167969
96,0.03266039118170738,288,150.0,43200,359.63293085000004,446,885998,0.0021771297324448824,-260.778564453125
96,0.02886625938117504,292,150.0,43800,360.10686473000004,452,887198,0.0021862825378775597,-260.64508056640625
96,0.027318909764289856,296,150.0,44400,360.74050646,458,888398,0.002158265095204115,-260.9607238769531
96,0.029125893488526344,300,150.0,45000,360.87259238,464,889598,0.002107040723785758,-260.24517822265625
96,0.0328032486140728,304,150.0,45600,360.71258539999997,470,890798,0.002110472647473216,-260.1358947753906
96,0.031740643084049225,308,150.0,46200,360.7017855699999,476,891998,0.0020867951679974794,-260.2591552734375
96,0.03528914973139763,312,150.0,46800,360.80395438999983,482,893198,0.002078617922961712,-260.28619384765625
96,0.03212500736117363,316,150.0,47400,361.42738567,489,894398,0.0020587474573403597,-260.15869140625
96,0.0336398147046566,320,150.0,48000,361.4700546300001,495,895598,0.002105910796672106,-259.853759765625
96,0.027903545647859573,324,150.0,48600,361.92426035999995,501,896798,0.002078720135614276,-260.1963195800781
96,0.030701715499162674,328,150.0,49200,362.28371827,507,897998,0.0020614576060324907,-260.00726318359375
96,0.03125855326652527,332,150.0,49800,362.45001415,513,899198,0.0021180107723921537,-260.1309509277344
96,0.030422914773225784,336,150.0,50400,363.0141746199999,520,900398,0.002066302578896284,-259.97808837890625
96,0.03594643622636795,340,150.0,51000,363.21642248000006,526,901598,0.002034317934885621,-259.8951721191406
96,0.03133811056613922,344,150.0,51600,363.5828679400001,532,902798,0.0020583951845765114,-259.79290771484375
96,0.028339698910713196,348,150.0,52200,364.39055928999994,538,903998,0.0020112849306315184,-259.732421875
96,0.027425292879343033,352,150.0,52800,364.1877276099999,544,905198,0.002008171519264579,-259.4420166015625
96,0.026881160214543343,356,150.0,53400,364.07031992000003,550,906398,0.001979024847969413,-259.4500732421875
96,0.027439618483185768,360,150.0,54000,364.24530742,557,907598,0.0019699919503182173,-259.73907470703125
96,0.031783100217580795,364,150.0,54600,364.40879509,563,908798,0.0020611805375665426,-259.3477783203125
96,0.03166990727186203,368,150.0,55200,364.89605084000004,569,909998,0.0020739666651934385,-259.715087890625
96,0.030195889994502068,372,150.0,55800,365.09238493,576,911198,0.0019710096530616283,-259.56304931640625
96,0.02892272360622883,376,150.0,56400,365.24648852999997,582,912398,0.001917226705700159,-259.646728515625
96,0.028811782598495483,380,150.0,57000,365.6377319299999,588,913598,0.0019452961860224605,-259.31689453125
96,0.032919544726610184,384,150.0,57600,365.73288100999997,594,914798,0.001948260236531496,-259.65869140625
96,0.028719967231154442,388,150.0,58200,365.98885892,601,915998,0.0019306980539113283,-259.2958068847656
96,0.028913840651512146,392,150.0,58800,366.15267282,607,917198,0.001930591301061213,-259.5369873046875
96,0.029693471267819405,396,150.0,59400,366.29405468,613,918398,0.0019205985590815544,-259.4034423828125
96,0.02590111456811428,400,150.0,60000,366.3225096599999,619,919598,0.001929971855133772,-259.44549560546875
96,0.025463571771979332,404,150.0,60600,367.02008474,625,920798,0.001961978618055582,-259.2865295410156
96,0.031076647341251373,408,150.0,61200,367.6152704000001,631,921998,0.001967779127880931,-259.0372314453125
96,0.0273990910500288,412,150.0,61800,367.18449161999996,637,923198,0.001964888535439968,-259.1705322265625
96,0.02913404442369938,416,150.0,62400,367.19374225000007,643,924398,0.001982828602194786,-259.4027404785156
96,0.027204500511288643,420,150.0,63000,367.15234251999993,649,925598,0.0019305195892229676,-259.255859375
96,0.027090663090348244,424,150.0,63600,367.71014062999996,655,926798,0.0019103132653981447,-259.20623779296875
97,0.029813477769494057,428,150.0,64200,367.9094809999999,661,927998,0.0019190871389582753,-259.18951416015625
97,0.028500091284513474,432,150.0,64800,368.55980579000004,667,929198,0.0019069849513471127,-259.0424499511719
97,0.033290594816207886,436,150.0,65400,369.23048823000005,673,930398,0.0019619776867330074,-259.15069580078125
97,0.0286141037940979,440,150.0,66000,369.43558873,679,931598,0.0019904221408069134,-259.277587890625
97,0.02736816741526127,444,150.0,66600,369.122664,685,932798,0.001973075559362769,-259.0224304199219
97,0.030450213700532913,448,150.0,67200,369.29813002000003,692,933998,0.0018916412955150008,-259.05291748046875
97,0.029746219515800476,452,150.0,67800,369.64758349000005,698,935198,0.0018845010781660676,-258.9774475097656
97,0.03192976489663124,456,150.0,68400,369.3874243800001,704,936398,0.0019494451116770506,-258.950927734375
97,0.030229274183511734,460,150.0,69000,369.63158341,710,937598,0.0018633215222507715,-259.05511474609375
97,0.02629128471016884,464,150.0,69600,369.8183311199999,716,938798,0.0019209577003493905,-259.3267822265625
97,0.03286648541688919,468,150.0,70200,370.60890395999996,722,939998,0.0019384819315746427,-259.1918029785156
97,0.029763774946331978,472,150.0,70800,370.94611245999994,729,941198,0.001985197653993964,-259.1676940917969
97,0.035297174006700516,476,150.0,71400,370.89608619000006,735,942398,0.0019437135197222233,-259.13812255859375
97,0.03278397396206856,480,150.0,72000,370.67527406,741,943598,0.001990997465327382,-259.13275146484375
97,0.02855493314564228,484,150.0,72600,370.84159974999994,747,944798,0.0018955249106511474,-259.29876708984375
97,0.026121703907847404,488,150.0,73200,370.83973205999996,753,945998,0.0018600430339574814,-259.04705810546875
97,0.029583867639303207,492,150.0,73800,371.01800841999994,759,947198,0.0018625041702762246,-259.0309753417969
97,0.02784935012459755,496,150.0,74400,370.88965982,765,948398,0.001858772593550384,-259.24853515625
97,0.029221324250102043,500,150.0,75000,371.13922908,771,949598,0.0018906114855781198,-259.0381164550781
97,0.03117961809039116,504,150.0,75600,371.22400029999994,777,950798,0.0018594666616991162,-258.72100830078125
97,0.027296489104628563,508,150.0,76200,371.4141765899999,783,951998,0.001839829608798027,-259.0294189453125
97,0.026814749464392662,512,150.0,76800,372.08343913000004,790,953198,0.0018183272331953049,-259.0456237792969
97,0.025681832805275917,516,150.0,77400,372.46113929000006,796,954398,0.0018064753385260701,-259.0208740234375
97,0.027690868824720383,520,150.0,78000,372.69888643999997,802,955598,0.00179668131750077,-259.1347351074219
97,0.028824198991060257,524,150.0,78600,372.57379827,808,956798,0.0018730339361354709,-259.1385498046875
97,0.02916746772825718,528,150.0,79200,372.13113935999996,814,957998,0.0018269320717081428,-258.9284362792969
97,0.029388613998889923,532,150.0,79800,372.10647851,821,959198,0.001833828049711883,-258.8662414550781
97,0.030851086601614952,536,150.0,80400,371.83447570000004,827,960398,0.0018249269342049956,-258.8374328613281
97,0.02963801845908165,540,150.0,81000,372.1177759599999,833,961598,0.0018364769639447331,-258.75341796875
97,0.028459399938583374,544,150.0,81600,372.49522623000007,839,962798,0.0018369086319580674,-258.8111267089844
97,0.029113268479704857,548,150.0,82200,372.73722391999996,845,963998,0.0018292107852175832,-258.8966064453125
97,0.02718021534383297,552,150.0,82800,373.03984997,851,965198,0.0018217822071164846,-258.91961669921875
97,0.025171741843223572,556,150.0,83400,373.7937572900001,858,966398,0.0018388788448646665,-259.119873046875
97,0.025176847353577614,560,150.0,84000,373.99757561000007,864,967598,0.001804047031328082,-259.1228942871094
97,0.03010198287665844,564,150.0,84600,374.0315054800001,870,968798,0.0017949540633708239,-258.9420471191406
97,0.026783345267176628,568,150.0,85200,374.12350992000006,876,969998,0.0017631128430366516,-259.06298828125
97,0.030251754447817802,572,150.0,85800,374.3542397599999,882,971198,0.0017471496248617768,-258.9700927734375
97,0.03124314174056053,576,150.0,86400,374.7874747500001,888,972398,0.001767431851476431,-259.2547607421875
97,0.03630761429667473,580,150.0,87000,374.74233922999997,894,973598,0.0018286464037373662,-259.02313232421875
97,0.02768603339791298,584,150.0,87600,374.66035662999997,900,974798,0.001838403637520969,-259.1852111816406
97,0.034897468984127045,588,150.0,88200,374.98877996000004,906,975998,0.0018359743990004063,-259.2327880859375
97,0.029491815716028214,592,150.0,88800,374.94400232999993,912,977198,0.0017938674427568913,-259.0260009765625
97,0.029382403939962387,596,150.0,89400,375.5282295599999,918,978398,0.0018046217737719417,-258.96942138671875
97,0.034368015825748444,600,150.0,90000,375.5228820300001,924,979598,0.001788548775948584,-258.87176513671875
97,0.028424451127648354,604,150.0,90600,375.81903242,930,980798,0.0017681897152215242,-258.9974060058594
97,0.03069552592933178,608,150.0,91200,376.15668576999997,936,981998,0.0017398570198565722,-259.42681884765625
97,0.028709758073091507,612,150.0,91800,376.4183947899999,942,983198,0.0017227648058906198,-259.26202392578125
97,0.030997002497315407,616,150.0,92400,376.29101506000006,949,984398,0.0017305295914411545,-258.8289489746094
97,0.02784147299826145,620,150.0,93000,376.35588824,955,985598,0.0017374120652675629,-259.63336181640625
97,0.02851877361536026,624,150.0,93600,376.75560690000003,961,986798,0.0017616497352719307,-259.12432861328125
97,0.025081027299165726,628,150.0,94200,377.27890568,967,987998,0.0017448891885578632,-259.3934631347656
97,0.02608511410653591,632,150.0,94800,377.49043957999993,973,989198,0.0017313013086095452,-259.0730895996094
97,0.02768189273774624,636,150.0,95400,377.82320981,980,990398,0.001707285176962614,-259.4268798828125
97,0.027771661058068275,640,150.0,96000,378.09396103,986,991598,0.001735622645355761,-259.3235168457031
97,0.022221101447939873,644,150.0,96600,378.44661457,992,992798,0.00170815153978765,-259.51446533203125
97,0.024963852018117905,648,150.0,97200,378.28557286999995,998,993998,0.0016909739933907986,-259.35614013671875
97,0.02354712225496769,652,150.0,97800,378.36926772999993,1004,995198,0.0016571381129324436,-259.1089782714844
97,0.023676399141550064,656,150.0,98400,378.33969899,1010,996398,0.0016316658584401011,-259.26483154296875
97,0.027413005009293556,660,150.0,99000,378.35118239999997,1016,997598,0.0016451094998046756,-259.18548583984375
97,0.025447124615311623,664,150.0,99600,378.2612367,1022,998798,0.001651749829761684,-259.1832275390625
97,0.02676459029316902,668,150.0,100200,378.30049758,1029,999998,0.0016359928995370865,-259.26397705078125
97,0.02476254478096962,672,150.0,100800,378.3255434,1035,1001198,0.0016541111981496215,-259.638916015625
97,0.02519158087670803,676,150.0,101400,378.229211,1041,1002398,0.0016210238682106137,-259.5073547363281
97,0.03011634200811386,680,150.0,102000,378.45404913,1047,1003598,0.0016387238865718246,-259.0907287597656
97,0.02697744593024254,684,150.0,102600,378.90372033999995,1053,1004798,0.0016975849866867065,-258.92474365234375
97,0.025070495903491974,688,150.0,103200,379.00456019000006,1059,1005998,0.0016743812011554837,-259.34466552734375
97,0.02411736361682415,692,150.0,103800,378.9728036800001,1065,1007198,0.0016885858494788408,-259.4879455566406
97,0.027635175734758377,696,150.0,104400,378.85983218,1072,1008398,0.0016859107417985797,-259.25152587890625
97,0.02622918225824833,700,150.0,105000,379.08836642,1078,1009598,0.0017029871232807636,-259.14630126953125
97,0.027157722041010857,704,150.0,105600,379.00821114000007,1084,1010798,0.0016428730450570583,-259.55126953125
97,0.02600201591849327,708,150.0,106200,379.06125834000005,1090,1011998,0.0016305831959471107,-259.4772033691406
97,0.021234985440969467,712,150.0,106800,379.30677310999994,1096,1013198,0.0016064259689301252,-259.5
97,0.026867898181080818,716,150.0,107400,379.70773275,1103,1014398,0.0016242850106209517,-259.3113098144531
97,0.030301865190267563,720,150.0,108000,380.03445425999996,1109,1015598,0.0016084149247035384,-259.17974853515625
97,0.029355289414525032,724,150.0,108600,379.67689644,1115,1016798,0.0015999998431652784,-259.35113525390625
97,0.021001819521188736,728,150.0,109200,379.37330018,1121,1017998,0.0015921873273327947,-259.2703552246094
97,0.025546709075570107,732,150.0,109800,379.26080669999993,1127,1019198,0.001606210833415389,-259.50836181640625
97,0.032020945101976395,736,150.0,110400,378.94774631,1133,1020398,0.0016549585852771997,-259.01995849609375
97,0.026221197098493576,740,150.0,111000,378.6563910000001,1139,1021598,0.0017074714414775372,-259.52874755859375
97,0.03106781654059887,744,150.0,111600,378.48956606,1145,1022798,0.00168029114138335,-259.2541198730469
97,0.02352191135287285,748,150.0,112200,378.38338817999994,1152,1023998,0.0016357932472601533,-259.62237548828125
97,0.028612768277525902,752,150.0,112800,378.31576394,1158,1025198,0.00160991121083498,-259.578125
97,0.02897263877093792,756,150.0,113400,378.41263349,1164,1026398,0.001610199105925858,-259.60870361328125
97,0.025373445823788643,760,150.0,114000,378.59546566999995,1170,1027598,0.0016252263449132442,-259.3946228027344
97,0.026264924556016922,764,150.0,114600,378.69037568999994,1176,1028798,0.0016308018239215016,-259.18310546875
97,0.026455435901880264,768,150.0,115200,378.48752422999996,1182,1029998,0.0016340874135494232,-259.0894775390625
97,0.029060032218694687,772,150.0,115800,378.3431241,1189,1031198,0.0016399325104430318,-259.2256774902344
97,0.029261743649840355,776,150.0,116400,378.6383611999999,1195,1032398,0.0016527046682313085,-259.169921875
97,0.0264618881046772,780,150.0,117000,378.80750817999996,1202,1033598,0.001653476501815021,-259.0968017578125
97,0.021227968856692314,784,150.0,117600,378.71269900000004,1208,1034798,0.0016314355889335275,-259.67578125
97,0.026439441367983818,788,150.0,118200,379.06736898,1214,1035998,0.0016164658591151237,-259.42242431640625
97,0.027210867032408714,792,150.0,118800,379.6849973500001,1220,1037198,0.0016045733354985714,-259.1247863769531
97,0.026089532300829887,796,150.0,119400,379.79309418,1226,1038398,0.0016052789287641644,-259.546875
97,0.029446212574839592,800,150.0,120000,380.23351514,1233,1039598,0.0015952209942042828,-259.3057861328125
97,0.020816707983613014,804,150.0,120600,380.50594927,1239,1040798,0.001604063087143004,-259.4993896484375
97,0.026789236813783646,808,150.0,121200,380.6717215500001,1245,1041998,0.0015915072290226817,-258.95953369140625
97,0.022390225902199745,812,150.0,121800,380.5108188900001,1251,1043198,0.0015853004297241569,-259.4749450683594
97,0.022176949307322502,816,150.0,122400,380.78838921000005,1257,1044398,0.0015747563447803259,-259.35260009765625
97,0.02237020991742611,820,150.0,123000,381.1323121700001,1263,1045598,0.0015928290085867047,-259.48797607421875
97,0.026089362800121307,824,150.0,123600,381.79268464,1270,1046798,0.001602141303010285,-259.5137939453125
97,0.026882506906986237,828,150.0,124200,382.2375663700001,1276,1047998,0.0016197820659726858,-259.6178894042969
97,0.02453736774623394,832,150.0,124800,382.75456588000003,1282,1049198,0.0016026608645915985,-259.5423583984375
97,0.02290615625679493,836,150.0,125400,383.46642621,1288,1050398,0.0015882300212979317,-259.8438415527344
97,0.026062048971652985,840,150.0,126000,383.87167028,1294,1051598,0.001587425940670073,-259.731689453125
97,0.024279829114675522,844,150.0,126600,384.10076925999994,1300,1052798,0.001575953676365316,-259.77716064453125
97,0.024835307151079178,848,150.0,127200,384.29761456,1306,1053998,0.0015762520488351583,-259.51861572265625
97,0.028992237523198128,852,150.0,127800,384.48394178999996,1312,1055198,0.001570635475218296,-259.4514465332031
97,0.024246113374829292,856,150.0,128400,384.39308446,1318,1056398,0.0015391993802040815,-259.80084228515625
97,0.02447095327079296,860,150.0,129000,384.3528283399999,1324,1057598,0.0015326306456699967,-259.7515869140625
97,0.024381324648857117,864,150.0,129600,384.29719137000006,1330,1058798,0.0015293433098122478,-259.78564453125
97,0.027213267982006073,868,150.0,130200,384.49529198,1337,1059998,0.0015366693260148168,-259.7178955078125
97,0.02108634077012539,872,150.0,130800,384.6153934599999,1343,1061198,0.0015384488506242633,-259.84344482421875
97,0.020960822701454163,876,150.0,131400,384.50046048999997,1349,1062398,0.0015334567287936807,-259.8396301269531
97,0.02488292008638382,880,150.0,132000,384.66175201,1355,1063598,0.0015371933113783598,-259.641357421875
97,0.02224179357290268,884,150.0,132600,384.79130619999995,1361,1064798,0.0015302251558750868,-259.7405700683594
97,0.030455587431788445,888,150.0,133200,384.86773780000004,1367,1065998,0.0015746173448860645,-259.71783447265625
97,0.026165449991822243,892,150.0,133800,384.68238528,1373,1067198,0.0015826725866645575,-259.4361572265625
97,0.02170429192483425,896,150.0,134400,384.74097597,1380,1068398,0.001575921312905848,-259.6053466796875
97,0.027537155896425247,900,150.0,135000,384.56814569,1386,1069598,0.001574465655721724,-259.82550048828125
97,0.02592404931783676,904,150.0,135600,384.72767739000005,1392,1070798,0.0015571885742247105,-259.7622985839844
97,0.02235734649002552,908,150.0,136200,384.66989838000006,1398,1071998,0.0015761017566546798,-260.0523376464844
97,0.02519148215651512,912,150.0,136800,384.93579680999994,1404,1073198,0.0015619300538673997,-259.7848205566406
97,0.02158486843109131,916,150.0,137400,384.65896717000004,1411,1074398,0.0015449526254087687,-259.96929931640625
97,0.022509928792715073,920,150.0,138000,384.4420429799999,1417,1075598,0.0015459650894626975,-259.7144775390625
97,0.02260269969701767,924,150.0,138600,384.33708959999996,1423,1076798,0.0015289437724277377,-259.9085998535156
97,0.022377347573637962,928,150.0,139200,384.51805783,1429,1077998,0.0015304251573979855,-259.9079284667969
97,0.02208459936082363,932,150.0,139800,384.40992171,1436,1079198,0.0015499170403927565,-259.6686096191406
97,0.023471618071198463,936,150.0,140400,384.25140343999993,1442,1080398,0.0015229416312649846,-260.0890197753906
97,0.02129535935819149,940,150.0,141000,384.46057849,1448,1081598,0.0015271389856934547,-259.98309326171875
97,0.025084931403398514,944,150.0,141600,384.30008440999995,1454,1082798,0.0015110610984265804,-259.9191589355469
97,0.02222849614918232,948,150.0,142200,384.67671606,1460,1083998,0.0015220856294035912,-259.7208251953125
97,0.020555220544338226,952,150.0,142800,384.74073589,1466,1085198,0.0015215000603348017,-260.082763671875
97,0.02216939628124237,956,150.0,143400,384.77363403000004,1472,1086398,0.0015053624520078301,-260.10894775390625
97,0.023721860721707344,960,150.0,144000,384.61723667999985,1478,1087598,0.001486311899498105,-259.8216552734375
97,0.020791519433259964,964,150.0,144600,384.77740542999993,1484,1088798,0.0014881259994581342,-259.8704833984375
97,0.023396162316203117,968,150.0,145200,384.72713094000005,1490,1089998,0.0014700099127367139,-259.7867126464844
97,0.024379538372159004,972,150.0,145800,384.54970468000016,1496,1091198,0.0014945481671020389,-259.9715881347656
97,0.023544421419501305,976,150.0,146400,384.64777872999997,1503,1092398,0.0014901980757713318,-259.9687194824219
97,0.022947339341044426,980,150.0,147000,384.76591411000004,1509,1093598,0.001490561873652041,-259.94580078125
97,0.02179998718202114,984,150.0,147600,384.86232285,1515,1094798,0.0014516579685732722,-260.0061950683594
97,0.023261530324816704,988,150.0,148200,384.71835308000004,1521,1095998,0.0014730192488059402,-260.15740966796875
97,0.021624553948640823,992,150.0,148800,384.80508591,1527,1097198,0.0014604930765926838,-260.1565856933594
97,0.019738713279366493,996,150.0,149400,385.11089368,1533,1098398,0.0014720860635861754,-260.1170654296875
97,0.02187742106616497,1000,150.0,150000,385.09670230000006,1540,1099598,0.0014586305478587747,-260.15582275390625
97,0.02270686998963356,1004,150.0,150600,384.88545299,1546,1100798,0.001447451300919056,-260.1055908203125
97,0.025318002328276634,1008,150.0,151200,384.69324354,1552,1101998,0.0014243259793147445,-260.10791015625
97,0.02009783871471882,1012,150.0,151800,384.3946645799999,1558,1103198,0.0014036132488399744,-259.99554443359375
97,0.021330762654542923,1016,150.0,152400,384.49831193000006,1564,1104398,0.001438174513168633,-259.8642578125
97,0.023040754720568657,1020,150.0,153000,384.6311909700001,1570,1105598,0.0014258602168411016,-260.0020751953125
97,0.0212068110704422,1024,150.0,153600,384.60569492,1576,1106798,0.0014159391866996884,-260.220947265625
97,0.02120559848845005,1028,150.0,154200,384.23636077000003,1583,1107998,0.0014524334110319614,-260.07379150390625
97,0.02234402485191822,1032,150.0,154800,384.09760750000004,1589,1109198,0.001432805322110653,-259.9988708496094
97,0.020068977028131485,1036,150.0,155400,383.89789591,1595,1110398,0.0014420103980228305,-260.1280212402344
97,0.02607199363410473,1040,150.0,156000,383.74074345,1601,1111598,0.0014944006688892841,-260.06982421875
97,0.01907585933804512,1044,150.0,156600,383.70632275,1608,1112798,0.0014958058018237352,-260.2590026855469
97,0.026546536013484,1048,150.0,157200,383.63114348999994,1614,1113998,0.0014546014135703444,-260.05426025390625
97,0.02171834371984005,1052,150.0,157800,383.6478791200001,1620,1115198,0.001455074641853571,-260.0267028808594
97,0.019578954204916954,1056,150.0,158400,383.7584619400001,1626,1116398,0.0014410055009648204,-260.12646484375
97,0.01928211934864521,1060,150.0,159000,384.1237188399999,1632,1117598,0.0014186647022143006,-259.99884033203125
97,0.021733535453677177,1064,150.0,159600,384.44078944000006,1638,1118798,0.0014298936584964395,-260.115478515625
97,0.022115953266620636,1068,150.0,160200,384.82667942999996,1645,1119998,0.0014263397315517068,-259.9400329589844
97,0.022824397310614586,1072,150.0,160800,385.40069793000004,1651,1121198,0.0014125148300081491,-260.10040283203125
97,0.021643802523612976,1076,150.0,161400,385.53176502,1657,1122398,0.0014259166782721877,-260.06298828125
97,0.022732438519597054,1080,150.0,162000,385.61411644,1663,1123598,0.0014162930892780423,-260.1475524902344
97,0.022548461332917213,1084,150.0,162600,385.70087578,1669,1124798,0.0014287405647337437,-260.17620849609375
97,0.024233557283878326,1088,150.0,163200,385.99972412999995,1675,1125998,0.001393021666444838,-260.15966796875
97,0.019354766234755516,1092,150.0,163800,386.27719713,1681,1127198,0.001410449156537652,-259.8842468261719
97,0.02107810042798519,1096,150.0,164400,386.33382550000005,1687,1128398,0.001425950787961483,-260.2241516113281
97,0.02117129974067211,1100,150.0,165000,386.46308579000004,1693,1129598,0.001427634502761066,-260.1390686035156
97,0.025586813688278198,1104,150.0,165600,386.55875364,1699,1130798,0.0014416659250855446,-260.0926513671875
97,0.024476872757077217,1108,150.0,166200,386.2359579000001,1706,1131998,0.001484290580265224,-260.27105712890625
97,0.020609406754374504,1112,150.0,166800,386.39222505,1712,1133198,0.0014541312120854855,-260.0633544921875
97,0.020987754687666893,1116,150.0,167400,386.45222784999993,1718,1134398,0.0014255366986617446,-260.0901794433594
97,0.021114036440849304,1120,150.0,168000,386.38961708000005,1724,1135598,0.0014116502134129405,-260.35516357421875
97,0.018412714824080467,1124,150.0,168600,386.36122338,1730,1136798,0.0014082543784752488,-260.20208740234375
97,0.019281815737485886,1128,150.0,169200,386.48396109000004,1736,1137998,0.0014221426099538803,-260.346435546875
97,0.018653329461812973,1132,150.0,169800,386.66708837999994,1742,1139198,0.001417305669747293,-260.1715087890625
97,0.022504741325974464,1136,150.0,170400,387.04428100000007,1748,1140398,0.0014086626470088959,-260.27703857421875
97,0.02199714072048664,1140,150.0,171000,387.23757435999994,1754,1141598,0.001382709015160799,-260.263671875
97,0.01957728900015354,1144,150.0,171600,387.81974058,1761,1142798,0.001385922310873866,-260.0753479003906
97,0.02101023495197296,1148,150.0,172200,388.03881173,1767,1143998,0.0013890133704990149,-260.20245361328125
97,0.022328687831759453,1152,150.0,172800,388.13984034000003,1773,1145198,0.001402558060362935,-260.08551025390625
97,0.02074059657752514,1156,150.0,173400,388.52645584,1779,1146398,0.0013767542550340295,-260.12420654296875
97,0.02202264592051506,1160,150.0,174000,388.62759522,1785,1147598,0.0013815490528941154,-260.17242431640625
97,0.02024909108877182,1164,150.0,174600,388.69359048000007,1792,1148798,0.0013827835209667683,-260.2076110839844
97,0.016766052693128586,1168,150.0,175200,388.8505151099999,1798,1149998,0.001381061039865017,-260.3292541503906
97,0.020915521308779716,1172,150.0,175800,388.93771011000007,1804,1151198,0.0013656989904120564,-260.3053894042969
97,0.021985922008752823,1176,150.0,176400,389.15405866000003,1810,1152398,0.0013620726531371474,-260.299072265625
97,0.01809299737215042,1180,150.0,177000,389.28828172,1817,1153598,0.0013551033334806561,-260.2803955078125
97,0.020549634471535683,1184,150.0,177600,389.42028103999996,1823,1154798,0.0013535302132368088,-260.4676513671875
97,0.022152768447995186,1188,150.0,178200,389.15886403999997,1829,1155998,0.0013596107019111514,-260.2462158203125
97,0.021228939294815063,1192,150.0,178800,389.11417772,1835,1157198,0.0013601599493995309,-260.2275695800781
97,0.022551605477929115,1196,150.0,179400,388.97056341999996,1842,1158398,0.0013658383395522833,-260.65496826171875
97,0.018934011459350586,1200,150.0,180000,389.0448686599999,1848,1159598,0.0013597144279628992,-260.1747741699219
97,0.01906437799334526,1204,150.0,180600,389.1681473400001,1855,1160798,0.0013343876926228404,-260.55145263671875
97,0.02267085202038288,1208,150.0,181200,389.65048075,1861,1161998,0.001330711878836155,-260.2763366699219
97,0.019837358966469765,1212,150.0,181800,389.92887845999996,1867,1163198,0.0013365024933591485,-260.3717041015625
97,0.017169781029224396,1216,150.0,182400,390.0384496000001,1873,1164398,0.0013256926322355866,-260.23638916015625
97,0.02044546790421009,1220,150.0,183000,390.16474114000005,1880,1165598,0.0013265368761494756,-260.31842041015625
97,0.018464986234903336,1224,150.0,183600,390.15387540999996,1886,1166798,0.0013230283511802554,-260.4074401855469
97,0.020380422472953796,1228,150.0,184200,390.54837306,1892,1167998,0.001333659398369491,-260.3748779296875
97,0.020164277404546738,1232,150.0,184800,390.62877344000003,1898,1169198,0.0013245072914287448,-260.22491455078125
97,0.027758058160543442,1236,150.0,185400,390.51060966999995,1904,1170398,0.0013585465494543314,-260.37530517578125
97,0.023494932800531387,1240,150.0,186000,390.38588497000006,1910,1171598,0.0013943467056378722,-260.34197998046875
97,0.02121112123131752,1244,150.0,186600,390.01484147,1916,1172798,0.0013979963259771466,-260.32525634765625
97,0.020038405433297157,1248,150.0,187200,389.662188,1922,1173998,0.0013579714577645063,-260.298828125
97,0.01737525314092636,1252,150.0,187800,389.69928079000005,1928,1175198,0.0013413348933681846,-260.3514404296875
97,0.019321884959936142,1256,150.0,188400,389.55446653,1934,1176398,0.0013268588809296489,-260.1675109863281
97,0.020907824859023094,1260,150.0,189000,389.5801597400001,1940,1177598,0.001327180303633213,-260.38531494140625
97,0.015295300632715225,1264,150.0,189600,389.47384105000003,1947,1178798,0.0013374491827562451,-260.5676574707031
97,0.015643281862139702,1268,150.0,190200,389.16455136999997,1953,1179998,0.001331149716861546,-260.50360107421875
97,0.020872939378023148,1272,150.0,190800,389.04331733999993,1959,1181198,0.0013244220754131675,-260.32666015625
97,0.02138516493141651,1276,150.0,191400,388.99373479,1965,1182398,0.0013197154039517045,-260.4601745605469
97,0.019183358177542686,1280,150.0,192000,388.96945450000015,1971,1183598,0.001319253002293408,-260.4088439941406
97,0.017950987443327904,1284,150.0,192600,388.94237408000004,1977,1184798,0.001310231164097786,-260.3330993652344
97,0.019343221560120583,1288,150.0,193200,389.10328634000007,1984,1185998,0.0013123169774189591,-260.5140686035156
97,0.018345961347222328,1292,150.0,193800,388.92627649,1990,1187198,0.0013009500689804554,-260.26104736328125
97,0.019607599824666977,1296,150.0,194400,388.8878318199999,1996,1188398,0.0013087206752970815,-260.4275817871094
97,0.01942792907357216,1300,150.0,195000,388.86469299000004,2002,1189598,0.0012950497912243009,-260.25244140625
97,0.01884477771818638,1304,150.0,195600,388.9817473399999,2008,1190798,0.0012803715653717518,-260.557373046875
97,0.018575411289930344,1308,150.0,196200,389.23719730000005,2014,1191998,0.0012654239544644952,-260.4270324707031
97,0.019638728350400925,1312,150.0,196800,389.38451856,2020,1193198,0.0012602105271071196,-260.5757751464844
97,0.01877487450838089,1316,150.0,197400,389.47875038999996,2026,1194398,0.0012659423518925905,-260.5595703125
97,0.017842434346675873,1320,150.0,198000,389.73255197,2032,1195598,0.0012605303199961782,-260.2969970703125
97,0.020213613286614418,1324,150.0,198600,389.97075739,2038,1196798,0.001266022096388042,-260.4212341308594
97,0.026013821363449097,1328,150.0,199200,389.93616247,2044,1197998,0.0012837633257731795,-260.1685791015625
97,0.02055174671113491,1332,150.0,199800,389.98714358999996,2050,1199198,0.0012687483103945851,-260.70404052734375
97,0.019819077104330063,1336,150.0,200400,390.10209873,2056,1200398,0.0012899128487333655,-260.3114013671875
97,0.01856493391096592,1340,150.0,201000,390.26203117,2063,1201598,0.0012783242855221033,-260.4683837890625
97,0.0176972858607769,1344,150.0,201600,390.69298497000005,2069,1202798,0.001259534154087305,-260.36865234375
97,0.021367540583014488,1348,150.0,202200,391.23305396,2075,1203998,0.0012627821415662766,-260.3040466308594
97,0.01846352405846119,1352,150.0,202800,391.41564263,2081,1205198,0.0012484982144087553,-260.491943359375
97,0.020287156105041504,1356,150.0,203400,391.5540193599999,2087,1206398,0.0012455993564799428,-260.44793701171875
97,0.021288488060235977,1360,150.0,204000,391.61047519,2093,1207598,0.0012468175264075398,-260.37200927734375
97,0.017503350973129272,1364,150.0,204600,391.49942287,2099,1208798,0.0012312473263591528,-260.3502502441406
97,0.022636404260993004,1368,150.0,205200,391.7305894899999,2106,1209998,0.0012470142683014274,-260.4078369140625
97,0.016833847388625145,1372,150.0,205800,391.87653796,2112,1211198,0.0012530912645161152,-260.51397705078125
97,0.02152317576110363,1376,150.0,206400,391.95893873,2118,1212398,0.0012398484395816922,-260.6349182128906
97,0.020001370459794998,1380,150.0,207000,392.0004967900001,2124,1213598,0.001233213348314166,-260.24774169921875
97,0.01640954427421093,1384,150.0,207600,392.11529926000003,2131,1214798,0.0012385236332193017,-260.4683837890625
97,0.01846158877015114,1388,150.0,208200,392.1976629400001,2137,1215998,0.0012425229651853442,-260.5774841308594
97,0.016964927315711975,1392,150.0,208800,392.51656018,2143,1217198,0.001239972421899438,-260.37640380859375
97,0.01852989010512829,1396,150.0,209400,392.5989514999999,2149,1218398,0.001225483720190823,-260.4736022949219
97,0.01886989176273346,1400,150.0,210000,392.6788187799999,2155,1219598,0.0012314593186601996,-260.4196472167969
97,0.019533976912498474,1404,150.0,210600,392.54618639,2162,1220798,0.001222774269990623,-260.2527770996094
97,0.019724419340491295,1408,150.0,211200,392.5355799199999,2168,1221998,0.0012236397014930844,-260.39337158203125
97,0.01888791099190712,1412,150.0,211800,392.4376682799999,2174,1223198,0.0012700024526566267,-260.53948974609375
97,0.02372446283698082,1416,150.0,212400,392.40929756,2180,1224398,0.0012543108314275742,-260.41546630859375
97,0.01960488222539425,1420,150.0,213000,392.26726084,2186,1225598,0.0012576341396197677,-260.4271240234375
97,0.016551285982131958,1424,150.0,213600,392.26226972000006,2192,1226798,0.0012463817838579416,-260.3621826171875
97,0.020282212644815445,1428,150.0,214200,392.21314285999995,2198,1227998,0.001253149239346385,-260.43017578125
97,0.017628954723477364,1432,150.0,214800,392.35114584,2205,1229198,0.0012209202395752072,-260.501953125
97,0.017843926325440407,1436,150.0,215400,392.52080993,2211,1230398,0.0012160182232037187,-260.42169189453125
97,0.020337171852588654,1440,150.0,216000,392.60862076999996,2217,1231598,0.001228999113664031,-260.4697265625
97,0.02482449635863304,1444,150.0,216600,392.57255079000004,2223,1232798,0.0012407839531078935,-260.35546875
97,0.019242379814386368,1448,150.0,217200,392.600947,2230,1233998,0.001236300333403051,-260.4672546386719
97,0.020477578043937683,1452,150.0,217800,392.69730675000005,2236,1235198,0.0012333651538938284,-260.44317626953125
97,0.017146723344922066,1456,150.0,218400,392.74318135,2242,1236398,0.0012260134099051356,-260.39910888671875
97,0.04031077399849892,1460,150.0,219000,392.5275161199999,2248,1237598,0.0013713645748794079,-260.53570556640625
97,0.025283077731728554,1464,150.0,219600,392.23854995999994,2255,1238798,0.0013883200008422136,-260.37091064453125
97,0.02548878639936447,1468,150.0,220200,392.02871393000004,2261,1239998,0.0013810702366754413,-260.4267272949219
97,0.019605040550231934,1472,150.0,220800,391.64742337999996,2267,1241198,0.0013266418827697635,-260.525146484375
97,0.019927311688661575,1476,150.0,221400,391.02225677,2272,1242398,0.0013116557383909822,-260.5020446777344
97,0.020894208922982216,1480,150.0,222000,390.42150411,2279,1243598,0.0012919375440105796,-260.52227783203125
97,0.01946905441582203,1484,150.0,222600,390.04686921999996,2285,1244798,0.0012473141541704535,-260.2262268066406
97,0.018108179792761803,1488,150.0,223200,390.10986301,2291,1245998,0.0012209545820951462,-260.3316650390625
97,0.01853933185338974,1492,150.0,223800,390.15176797999993,2297,1247198,0.001221157843247056,-260.56488037109375
97,0.01991397514939308,1496,150.0,224400,390.45459045999996,2303,1248398,0.0012296820059418678,-260.3541259765625
97,0.01898997835814953,1500,150.0,225000,390.58854557000006,2309,1249598,0.0012047815835103393,-260.3595275878906
97,0.016297893598675728,1504,150.0,225600,390.81904801,2315,1250798,0.001215885509736836,-260.49188232421875
97,0.019569996744394302,1508,150.0,226200,390.92701387,2321,1251998,0.0012197820469737053,-260.4677429199219
97,0.02026025392115116,1512,150.0,226800,391.13375419000005,2327,1253198,0.0012161099584773183,-260.5558776855469
97,0.01583554595708847,1516,150.0,227400,391.3545076100001,2333,1254398,0.0011984804878011346,-260.6521301269531
97,0.020498160272836685,1520,150.0,228000,391.5425096699999,2339,1255598,0.0012118465965613723,-260.50482177734375
97,0.019869502633810043,1524,150.0,228600,391.73850372,2345,1256798,0.0011974317021667957,-260.3695068359375
97,0.01686732843518257,1528,150.0,229200,391.88669002,2352,1257998,0.0011960946721956134,-260.6080322265625
97,0.01849113032221794,1532,150.0,229800,392.00536024,2358,1259198,0.0011890552705153823,-260.4901428222656
97,0.022148901596665382,1536,150.0,230400,392.0737820299999,2364,1260398,0.0012041619047522545,-260.7736511230469
97,0.019664492458105087,1540,150.0,231000,391.97379125,2370,1261598,0.0011900676181539893,-260.6116027832031
97,0.019999422132968903,1544,150.0,231600,391.88582681,2377,1262798,0.001203185529448092,-260.79254150390625
97,0.0171639584004879,1548,150.0,232200,391.86360986,2383,1263998,0.0012236712500452995,-260.6189880371094
97,0.017428716644644737,1552,150.0,232800,391.61925623,2389,1265198,0.0012310941237956285,-260.68115234375
97,0.019218776375055313,1556,150.0,233400,391.55310837,2395,1266398,0.0012052188394591212,-260.743896484375
97,0.019332345575094223,1560,150.0,234000,391.68400643999996,2401,1267598,0.001217688200995326,-260.787841796875
97,0.017821714282035828,1564,150.0,234600,392.2830051100001,2407,1268798,0.0011839700164273381,-260.6788635253906
97,0.017219221219420433,1568,150.0,235200,392.6609718,2413,1269998,0.001174643635749817,-260.674560546875
97,0.016326136887073517,1572,150.0,235800,393.17999331,2419,1271198,0.001177976606413722,-260.9442443847656
97,0.02536132000386715,1576,150.0,236400,393.71782426,2425,1272398,0.001149698393419385,-260.6924743652344
97,0.016202105209231377,1580,150.0,237000,394.43076518999993,2432,1273598,0.001169604598544538,-260.947021484375
97,0.01897544600069523,1584,150.0,237600,394.92980886,2438,1274798,0.0011729662073776126,-260.8935546875
97,0.02033938840031624,1588,150.0,238200,395.0138327700001,2445,1275998,0.0011705926153808832,-260.6534423828125
97,0.01591896079480648,1592,150.0,238800,394.90835602999994,2451,1277198,0.001169412164017558,-260.963134765625
97,0.01457460317760706,1596,150.0,239400,394.74213011999996,2457,1278398,0.0011688146041706204,-260.9639587402344
97,0.015034551732242107,1600,150.0,240000,394.69064776,2463,1279598,0.0011639491422101855,-260.9429931640625
97,0.018437722697854042,1604,150.0,240600,394.68401407000005,2470,1280798,0.0011588033521547914,-260.7940673828125
97,0.017023930326104164,1608,150.0,241200,394.71617233999996,2477,1281998,0.001166904461570084,-261.0934143066406
97,0.015708424150943756,1612,150.0,241800,394.78093009,2487,1283198,0.0011490390170365572,-260.81134033203125
97,0.014877847395837307,1616,150.0,242400,394.52519463,2497,1284398,0.0011564248707145452,-261.0702209472656
96,0.016601497307419777,1620,150.0,243000,394.61823869,2507,1285598,0.0011550928466022015,-260.77655029296875
96,0.017704050987958908,1624,150.0,243600,394.55965566,2517,1286798,0.0011728471145033836,-260.92840576171875
96,0.01856486313045025,1628,150.0,244200,394.6796985599999,2527,1287998,0.0011773190926760435,-260.9192810058594
96,0.020383289083838463,1632,150.0,244800,394.48442749999987,2537,1289198,0.0011746801901608706,-261.0119934082031
96,0.016538461670279503,1636,150.0,245400,394.24273063999993,2547,1290398,0.0011657454306259751,-261.1749267578125
96,0.016774732619524002,1640,150.0,246000,394.3339765200001,2553,1291598,0.0011581913568079472,-260.9703674316406
96,0.023114170879125595,1644,150.0,246600,394.5405710499999,2559,1292798,0.0011544633889570832,-261.0811462402344
96,0.012749874964356422,1648,150.0,247200,394.60302430999997,2566,1293998,0.0011766758980229497,-261.2021484375
96,0.016485629603266716,1652,150.0,247800,394.90797090000007,2572,1295198,0.0011817043414339423,-261.07965087890625
96,0.018025781959295273,1656,150.0,248400,395.0699181,2578,1296398,0.0011836076155304909,-261.1589050292969
96,0.016916094347834587,1660,150.0,249000,395.25358703000006,2584,1297598,0.0012040401343256235,-261.0811767578125
96,0.015770701691508293,1664,150.0,249600,395.27802369999995,2590,1298798,0.0011878424556925893,-261.00030517578125
96,0.016108432784676552,1668,150.0,250200,395.21584247,2596,1299998,0.001198934274725616,-261.2162780761719
96,0.02029453217983246,1672,150.0,250800,395.20304503,2602,1301198,0.001198836020193994,-261.16943359375
96,0.014953547157347202,1676,150.0,251400,395.24585041,2608,1302398,0.0011918985983356833,-261.2979736328125
96,0.02368498221039772,1680,150.0,252000,395.3553361399999,2615,1303598,0.0011896659852936864,-261.13092041015625
96,0.017961200326681137,1684,150.0,252600,395.30154851,2621,1304798,0.0011718894820660353,-261.480712890625
96,0.017281843349337578,1688,150.0,253200,395.38093008,2627,1305998,0.0011759668122977018,-261.35528564453125
96,0.017737088724970818,1692,150.0,253800,395.54205394,2633,1307198,0.00118578365072608,-261.29803466796875
96,0.019096393138170242,1696,150.0,254400,395.67701303999996,2639,1308398,0.001226689899340272,-261.24951171875
96,0.016471017152071,1700,150.0,255000,395.75573720999995,2646,1309598,0.0012392697390168905,-261.36865234375
96,0.020185008645057678,1704,150.0,255600,395.90452221,2652,1310798,0.0012043904280290008,-261.3424377441406
96,0.017615409567952156,1708,150.0,256200,396.02193454,2657,1311998,0.0011898316442966461,-261.21661376953125
96,0.018676940351724625,1712,150.0,256800,395.98235502000006,2664,1313198,0.00118216872215271,-261.0991516113281
96,0.016560902819037437,1716,150.0,257400,396.24796712999995,2670,1314398,0.0011792659061029553,-261.388671875
96,0.01808939501643181,1720,150.0,258000,396.3623781400001,2676,1315598,0.0011954024666920304,-261.40435791015625
96,0.016270475462079048,1724,150.0,258600,396.5550454800001,2682,1316798,0.001176018500700593,-261.3265380859375
96,0.016880638897418976,1728,150.0,259200,396.56701997999994,2688,1317998,0.0011902623809874058,-261.2585754394531
96,0.01575521193444729,1732,150.0,259800,396.82064944999985,2694,1319198,0.0011846250854432583,-261.23223876953125
96,0.018259990960359573,1736,150.0,260400,396.99588666999995,2700,1320398,0.0011972114443778992,-261.4198913574219
96,0.016421547159552574,1740,150.0,261000,397.24790239999993,2707,1321598,0.0011758743785321712,-261.5549011230469
96,0.01916167512536049,1744,150.0,261600,397.35908777000003,2714,1322798,0.0011903576087206602,-261.3187561035156
96,0.016605624929070473,1748,150.0,262200,397.243957,2723,1323998,0.0011740277986973524,-261.4466552734375
96,0.016518156975507736,1752,150.0,262800,397.32228554999995,2729,1325198,0.0011739656329154968,-261.37811279296875
96,0.01994837075471878,1756,150.0,263400,397.41839663999997,2735,1326398,0.0011815928155556321,-261.42144775390625
96,0.018261175602674484,1760,150.0,264000,397.3142777499999,2741,1327598,0.0011894191848114133,-261.4507141113281
96,0.01984919048845768,1764,150.0,264600,397.55942279000004,2747,1328798,0.001166097936220467,-261.4383239746094
96,0.01717439293861389,1768,150.0,265200,397.68921843,2754,1329998,0.0011636617127805948,-261.476806640625
96,0.024981264024972916,1772,150.0,265800,397.41748490000003,2760,1331198,0.001168578863143921,-261.40887451171875
96,0.02005392126739025,1776,150.0,266400,396.4110213099999,2766,1332398,0.0012027100892737508,-261.50927734375
96,0.018718067556619644,1780,150.0,267000,396.3778982,2772,1333598,0.0011975927045568824,-261.3464660644531
96,0.018585994839668274,1784,150.0,267600,396.48613158,2778,1334798,0.0011873440816998482,-261.5077819824219
96,0.017983051016926765,1788,150.0,268200,396.60312063,2785,1335998,0.0011974426452070475,-261.4627685546875
96,0.01565822772681713,1792,150.0,268800,396.7279563199999,2791,1337198,0.0011980896815657616,-261.6911926269531
96,0.016972754150629044,1796,150.0,269400,396.85253621000004,2797,1338398,0.001195424236357212,-261.38873291015625
96,0.015781467780470848,1800,150.0,270000,397.0902037700001,2805,1339598,0.001194377546198666,-261.4674987792969
96,0.019204946234822273,1804,150.0,270600,397.23969589999996,2816,1340798,0.0011778738116845489,-261.741455078125
95,0.019529687240719795,1808,150.0,271200,397.09526913,2826,1341998,0.0011942960554733872,-261.5584716796875
95,0.018381908535957336,1812,150.0,271800,397.09492622,2837,1343198,0.001198368496261537,-261.6197509765625
95,0.016755007207393646,1816,150.0,272400,397.0424788200001,2847,1344398,0.0011929715983569622,-261.824462890625
95,0.016825217753648758,1820,150.0,273000,396.93003038,2857,1345598,0.0011906512081623077,-261.79559326171875
95,0.019657796248793602,1824,150.0,273600,396.661692,2867,1346798,0.0011813207529485226,-261.9176330566406
95,0.020145568996667862,1828,150.0,274200,396.63797299,2875,1347998,0.0011823073728010058,-261.71844482421875
95,0.017308896407485008,1832,150.0,274800,396.4524309399999,2881,1349198,0.0011734473519027233,-261.91998291015625
95,0.018225479871034622,1836,150.0,275400,396.49398303999993,2887,1350398,0.0011489070020616055,-261.7042236328125
95,0.018556494265794754,1840,150.0,276000,396.54841594999994,2894,1351598,0.001166901201941073,-261.7733154296875
95,0.013586364686489105,1844,150.0,276600,396.5589320699999,2900,1352798,0.0011474204948171973,-261.9965515136719
95,0.014960161410272121,1848,150.0,277200,396.90667268000004,2906,1353998,0.0011475583305582404,-262.02667236328125
95,0.02083057351410389,1852,150.0,277800,396.75064309000004,2912,1355198,0.0011595501564443111,-261.6711730957031
95,0.015488943085074425,1856,150.0,278400,396.65301993,2918,1356398,0.0011520388070493937,-261.864990234375
95,0.016023628413677216,1860,150.0,279000,396.7930286099999,2924,1357598,0.0011695359135046601,-261.9790954589844
95,0.014179471880197525,1864,150.0,279600,396.6897265399999,2931,1358798,0.0011374775785952806,-261.9804382324219
95,0.014913083054125309,1868,150.0,280200,396.64575403999993,2937,1359998,0.0011587613262236118,-262.22882080078125
95,0.017122242599725723,1872,150.0,280800,396.96066768,2943,1361198,0.001161973923444748,-261.98687744140625
95,0.017616599798202515,1876,150.0,281400,398.2725788899999,2949,1362398,0.0011533453362062573,-262.0029296875
95,0.01612122356891632,1880,150.0,282000,398.24645558999987,2955,1363598,0.001166592352092266,-261.8564453125
95,0.014829236082732677,1884,150.0,282600,398.03490292000004,2961,1364798,0.0011643744073808193,-261.8869323730469
95,0.015046357177197933,1888,150.0,283200,397.95519142999996,2967,1365998,0.0011376679176464677,-261.96142578125
95,0.015465615317225456,1892,150.0,283800,397.81626378,2973,1367198,0.0011352337896823883,-261.9499206542969
95,0.018334517255425453,1896,150.0,284400,397.54815218999994,2979,1368398,0.0011289076646789908,-262.1094055175781
95,0.015967875719070435,1900,150.0,285000,397.4870561700001,2986,1369598,0.0011388723505660892,-262.0310363769531
95,0.016329826787114143,1904,150.0,285600,397.10547110000016,2993,1370798,0.0011336876777932048,-261.8609619140625
95,0.018187420442700386,1908,150.0,286200,396.81219296999996,2999,1371998,0.001107834163121879,-262.02618408203125
95,0.015230072662234306,1912,150.0,286800,396.68490158000003,3005,1373198,0.0011248181108385324,-262.1373291015625
95,0.017980512231588364,1916,150.0,287400,396.7085052600001,3012,1374398,0.0011404934339225292,-262.2069396972656
95,0.013745557516813278,1920,150.0,288000,396.86930859000006,3018,1375598,0.001152940676547587,-262.08587646484375
95,0.018457919359207153,1924,150.0,288600,397.2577117300001,3024,1376798,0.0011467881267890334,-261.95953369140625
95,0.01615907810628414,1928,150.0,289200,397.42428623,3030,1377998,0.0011239538434892893,-262.2542419433594
95,0.020692311227321625,1932,150.0,289800,397.76507288,3036,1379198,0.0011016139760613441,-262.0551452636719
95,0.01340257003903389,1936,150.0,290400,398.0537405,3042,1380398,0.0011107651516795158,-262.00067138671875
95,0.015569846145808697,1940,150.0,291000,397.99386895000004,3048,1381598,0.0011067342711612582,-262.11981201171875
95,0.01483188197016716,1944,150.0,291600,398.11992948000005,3054,1382798,0.0011029517045244575,-261.9520263671875
95,0.014501246623694897,1948,150.0,292200,398.1126105200001,3060,1383998,0.0011423532851040363,-262.215087890625
95,0.018825368955731392,1952,150.0,292800,398.41979291999996,3066,1385198,0.001136829610913992,-262.16363525390625
95,0.015271845273673534,1956,150.0,293400,398.66659001,3073,1386398,0.0011457742657512426,-261.90234375
95,0.014969111420214176,1960,150.0,294000,398.72066782,3079,1387598,0.0011511064367368817,-262.27294921875
95,0.0153574887663126,1964,150.0,294600,398.7579360900001,3085,1388798,0.0011433756444603205,-262.1587219238281
95,0.015362328849732876,1968,150.0,295200,398.8777287500001,3091,1389998,0.0011333385482430458,-262.05706787109375
95,0.017498301342129707,1972,150.0,295800,399.06527995000005,3097,1391198,0.0011322135105729103,-262.1455078125
95,0.017733866348862648,1976,150.0,296400,399.13625889,3104,1392398,0.001132346224039793,-262.2422790527344
95,0.019400520250201225,1980,150.0,297000,399.43420252,3113,1393598,0.0011280123144388199,-262.0330810546875
95,0.01616732031106949,1984,150.0,297600,399.86592154,3119,1394798,0.0011369554558768868,-261.886962890625
95,0.015824025496840477,1988,150.0,298200,400.01310825,3126,1395998,0.0011353767476975918,-262.36016845703125
95,0.016563937067985535,1992,150.0,298800,400.09716795,3132,1397198,0.0011392232263460755,-262.41558837890625
95,0.012088203802704811,1996,150.0,299400,400.4107830799999,3138,1398398,0.001138258376158774,-262.0462646484375
95,0.02855675108730793,2000,150.0,300000,400.46442873,3144,1399598,0.0011401117080822587,-261.94671630859375
95,0.020224709063768387,2004,150.0,300600,400.8219456300001,3150,1400798,0.0011796483304351568,-262.36767578125
95,0.0233013816177845,2008,150.0,301200,401.1228785699999,3156,1401998,0.0011962053831666708,-261.94647216796875
95,0.04011499136686325,2012,150.0,301800,400.7792939799999,3162,1403198,0.001346189295873046,-262.0667724609375
95,0.018650854006409645,2016,150.0,302400,400.5584076399999,3168,1404398,0.0011939305113628507,-262.1459655761719
95,0.015710674226284027,2020,150.0,303000,400.5738059599999,3174,1405598,0.0011684768833220005,-262.0496520996094
95,0.0170300155878067,2024,150.0,303600,400.30019795,3180,1406798,0.0011554525699466467,-262.3961181640625
95,0.017916588112711906,2028,150.0,304200,400.3065417099999,3186,1407998,0.0011304833460599184,-262.41802978515625
95,0.01801414228975773,2032,150.0,304800,400.22724440999997,3192,1409198,0.0011311277048662305,-262.2803039550781
95,0.016624506562948227,2036,150.0,305400,400.02196167999995,3198,1410398,0.0011442831018939614,-262.3953552246094
95,0.01769634708762169,2040,150.0,306000,400.07364912,3204,1411598,0.0011494330829009414,-262.1136474609375
95,0.015341841615736485,2044,150.0,306600,399.82340956,3210,1412798,0.0011510998010635376,-262.1735534667969
95,0.015825731679797173,2048,150.0,307200,399.7491651,3216,1413998,0.0011328031541779637,-262.4335021972656
95,0.019522391259670258,2052,150.0,307800,399.7629833799999,3222,1415198,0.0011237936560064554,-262.26220703125
95,0.016986729577183723,2056,150.0,308400,399.76703405999996,3228,1416398,0.0011216960847377777,-262.18280029296875
95,0.016092659905552864,2060,150.0,309000,400.04821871,3234,1417598,0.001133988960646093,-262.19580078125
95,0.016306867823004723,2064,150.0,309600,400.20192066999994,3240,1418798,0.0011552833020687103,-262.3421630859375
95,0.01598077453672886,2068,150.0,310200,400.33247087999996,3246,1419998,0.001163740991614759,-262.5155944824219
95,0.018587961792945862,2072,150.0,310800,400.4178421599999,3253,1421198,0.0011427259305492043,-262.3531494140625
95,0.016674231737852097,2076,150.0,311400,400.40610476,3259,1422398,0.0011587946210056543,-262.2023010253906
95,0.01547233946621418,2080,150.0,312000,400.4046451500001,3265,1423598,0.0011306429514661431,-262.2264709472656
95,0.016996683552861214,2084,150.0,312600,400.29634687000004,3271,1424798,0.0011617434211075306,-262.3179016113281
95,0.018040603026747704,2088,150.0,313200,400.39156093,3277,1425998,0.0011507546296343207,-262.32696533203125
95,0.018379012122750282,2092,150.0,313800,400.38281468,3283,1427198,0.0011659861775115132,-262.1490478515625
95,0.018309207633137703,2096,150.0,314400,400.5535489100001,3289,1428398,0.0011400890070945024,-262.1592102050781
95,0.01661708950996399,2100,150.0,315000,400.49302005,3295,1429598,0.0011464360868558288,-262.341796875
95,0.013330251909792423,2104,150.0,315600,400.6125592599999,3301,1430798,0.0011168855708092451,-262.41339111328125
95,0.01715060882270336,2108,150.0,316200,400.92375744,3307,1431998,0.0011242164764553308,-262.6949462890625
95,0.0182790607213974,2112,150.0,316800,401.72446150999997,3313,1433198,0.001133694197051227,-262.4027099609375
95,0.022519471123814583,2116,150.0,317400,402.03889706999996,3319,1434398,0.001143492292612791,-262.387451171875
95,0.015999652445316315,2120,150.0,318000,402.01854733,3325,1435598,0.0011606691405177116,-262.34027099609375
95,0.019186003133654594,2124,150.0,318600,402.3345022699999,3331,1436798,0.0011706065852195024,-262.3561096191406
95,0.019741365686058998,2128,150.0,319200,402.4963275900001,3337,1437998,0.0011706033255904913,-262.36407470703125
95,0.021475011482834816,2132,150.0,319800,402.4935573700001,3343,1439198,0.001180723775178194,-262.294921875
95,0.022451385855674744,2136,150.0,320400,402.75212805999996,3349,1440398,0.0011641917517408729,-262.0866394042969
95,0.016778316348791122,2140,150.0,321000,402.83424497,3355,1441598,0.0011553610675036907,-262.5601806640625
95,0.015248608775436878,2144,150.0,321600,403.07594230999996,3362,1442798,0.001157346647232771,-262.4034423828125
95,0.01821860298514366,2148,150.0,322200,403.13820043999993,3368,1443998,0.001165485940873623,-262.4450378417969
95,0.017304932698607445,2152,150.0,322800,403.10805489,3374,1445198,0.0011671320535242558,-262.20635986328125
95,0.0204022116959095,2156,150.0,323400,402.97685922000005,3380,1446398,0.0011588801862671971,-262.5264892578125
95,0.018909847363829613,2160,150.0,324000,402.82901019999997,3386,1447598,0.001150194089859724,-262.28216552734375
95,0.016777466982603073,2164,150.0,324600,402.71416221999993,3392,1448798,0.0011715024011209607,-262.78338623046875
95,0.019164448603987694,2168,150.0,325200,402.78560335000003,3398,1449998,0.0011615616967901587,-262.92327880859375
95,0.015529370866715908,2172,150.0,325800,402.8351080999999,3404,1451198,0.0011588647030293941,-262.4984436035156
95,0.015314401127398014,2176,150.0,326400,402.92180615000007,3410,1452398,0.0011512634810060263,-262.24420166015625
95,0.01661948300898075,2180,150.0,327000,402.96037430999996,3416,1453598,0.0011537946993485093,-262.57806396484375
95,0.01613062061369419,2184,150.0,327600,403.09538192000014,3422,1454798,0.0011566217290237546,-262.56829833984375
95,0.01616504229605198,2188,150.0,328200,403.04291869,3428,1455998,0.0011950959451496601,-262.9405517578125
95,0.021316206082701683,2192,150.0,328800,403.1927565000001,3434,1457198,0.001202610321342945,-262.44000244140625
95,0.018718650564551353,2196,150.0,329400,403.09994706000003,3440,1458398,0.0011962937423959374,-262.353515625
95,0.01934092678129673,2200,150.0,330000,403.2099215,3446,1459598,0.0011879552621394396,-262.60546875
95,0.015246758237481117,2204,150.0,330600,403.14605353,3452,1460798,0.001193339703604579,-262.5174255371094
95,0.017644211649894714,2208,150.0,331200,403.02710141999995,3459,1461998,0.0011697736335918307,-262.3660888671875
95,0.016604803502559662,2212,150.0,331800,402.94542576,3465,1463198,0.0011628585634753108,-262.55035400390625
95,0.013910307548940182,2216,150.0,332400,403.27245567,3471,1464398,0.001159317442215979,-262.3990478515625
95,0.01950911059975624,2220,150.0,333000,403.6077243499999,3477,1465598,0.0011652680113911629,-262.342041015625
95,0.014620846137404442,2224,150.0,333600,403.70749608,3483,1466798,0.0011536275269463658,-262.63787841796875
95,0.016502778977155685,2228,150.0,334200,403.71946349000007,3489,1467998,0.0011457994114607573,-262.46954345703125
95,0.01608487032353878,2232,150.0,334800,403.98274087,3495,1469198,0.0011415294138714671,-262.7465515136719
95,0.01893221028149128,2236,150.0,335400,404.06691561,3501,1470398,0.0011529511539265513,-262.5360107421875
95,0.01760878413915634,2240,150.0,336000,404.21518607999997,3507,1471598,0.0011522909626364708,-262.5626525878906
95,0.016796840354800224,2244,150.0,336600,404.43727577,3513,1472798,0.001143158064223826,-262.654052734375
95,0.01851874776184559,2248,150.0,337200,404.54606382,3519,1473998,0.00115159060806036,-262.6775207519531
95,0.017596639692783356,2252,150.0,337800,404.67867685000004,3525,1475198,0.0011429585283622146,-262.66497802734375
95,0.01916506700217724,2256,150.0,338400,404.8585598299999,3532,1476398,0.0011385682737454772,-262.6744384765625
95,0.015415445901453495,2260,150.0,339000,405.0496631599999,3538,1477598,0.001141509274020791,-262.71478271484375
95,0.015185799449682236,2264,150.0,339600,405.31497081999987,3544,1478798,0.0011275031138211489,-262.3987731933594
95,0.02121342532336712,2268,150.0,340200,405.2418706,3550,1479998,0.0011470451718196273,-263.0178527832031
95,0.014903959818184376,2272,150.0,340800,405.1145754499999,3556,1481198,0.001144307665526867,-262.52899169921875
95,0.01670115627348423,2276,150.0,341400,404.96912434,3562,1482398,0.0011530830524861813,-262.6778564453125
95,0.014640962705016136,2280,150.0,342000,405.05343403000006,3568,1483598,0.0011482650879770517,-262.8075256347656
95,0.01903715170919895,2284,150.0,342600,405.01679832,3574,1484798,0.0011507595190778375,-262.74859619140625
95,0.017076525837183,2288,150.0,343200,404.97983054,3580,1485998,0.0011484259739518166,-262.9400329589844
95,0.013758084736764431,2292,150.0,343800,405.1135988199999,3586,1487198,0.0011565913446247578,-262.5858459472656
95,0.020410222932696342,2296,150.0,344400,405.2398652599999,3593,1488398,0.001151092117652297,-262.62335205078125
95,0.021808341145515442,2300,150.0,345000,405.1479675,3599,1489598,0.001256277086213231,-262.91534423828125
95,0.021424002945423126,2304,150.0,345600,404.94342585000004,3605,1490798,0.0012580353068187833,-262.8250732421875
95,0.02866591140627861,2308,150.0,346200,404.9314649500001,3611,1491998,0.0012541869655251503,-262.9915466308594
95,0.026747116819024086,2312,150.0,346800,404.78557355000004,3617,1493198,0.001309707062318921,-262.8358154296875
95,0.02167932316660881,2316,150.0,347400,404.5085794999999,3623,1494398,0.0013153522741049528,-262.841064453125
95,0.022243376821279526,2320,150.0,348000,404.1900771600001,3629,1495598,0.0013099543284624815,-262.98773193359375
95,0.01944180764257908,2324,150.0,348600,403.9970266300001,3635,1496798,0.0012922135647386312,-263.3355712890625
95,0.02126084454357624,2328,150.0,349200,403.81031682,3641,1497998,0.0012762985425069928,-262.7764892578125
95,0.021437469869852066,2332,150.0,349800,403.52007518,3647,1499198,0.0012396579841151834,-263.25042724609375
95,0.0195012167096138,2336,150.0,350400,403.4567947599999,3653,1500398,0.0012233860325068235,-263.20947265625
95,0.01782812364399433,2340,150.0,351000,403.4313688499999,3659,1501598,0.0012033645762130618,-263.2262268066406
95,0.01723267324268818,2344,150.0,351600,403.31295080999996,3664,1502798,0.001175661920569837,-263.1883850097656
95,0.017306439578533173,2348,150.0,352200,403.40159590999997,3670,1503998,0.001159161445684731,-263.3174133300781
95,0.01943911984562874,2352,150.0,352800,403.48509185999995,3676,1505198,0.0011566983303055167,-263.4673156738281
95,0.014846301637589931,2356,150.0,353400,403.4791995399999,3682,1506398,0.0011398725910112262,-263.37554931640625
95,0.017808254808187485,2360,150.0,354000,403.3412285,3688,1507598,0.001119845313951373,-263.28662109375
95,0.01744178496301174,2364,150.0,354600,403.4155880399999,3695,1508798,0.0011293384013697505,-263.1724853515625
95,0.020620383322238922,2368,150.0,355200,403.23236078,3701,1509998,0.0011122210416942835,-263.5552673339844
95,0.01720048114657402,2372,150.0,355800,403.35148842,3707,1511198,0.0011081780539825559,-263.4700927734375
95,0.017429761588573456,2376,150.0,356400,403.5984230599999,3713,1512398,0.0011134074302390218,-263.34613037109375
95,0.017539294436573982,2380,150.0,357000,403.56646247,3719,1513598,0.0011365424143150449,-263.4797668457031
95,0.01714744232594967,2384,150.0,357600,403.67790754000004,3725,1514798,0.0011080048279836774,-263.4541015625
95,0.018893692642450333,2388,150.0,358200,403.66779386,3731,1515998,0.0011352293659001589,-263.4068603515625
95,0.0178382508456707,2392,150.0,358800,403.70078842000004,3737,1517198,0.00112538889516145,-263.50189208984375
96,0.01862112432718277,2396,150.0,359400,403.8333922,3743,1518398,0.0011302861385047436,-263.2117919921875
96,0.02132151462137699,2400,150.0,360000,404.09764661,3749,1519598,0.0011162605369463563,-263.247802734375
96,0.020046530291438103,2404,150.0,360600,404.45440233,3755,1520798,0.0011295824078842998,-263.0042419433594
96,0.017482751980423927,2408,150.0,361200,404.71796829,3761,1521998,0.001125429174862802,-263.3478698730469
96,0.019397474825382233,2412,150.0,361800,405.10402184,3767,1523198,0.0011367754777893424,-263.5592041015625
96,0.018192129209637642,2416,150.0,362400,405.39359665999996,3773,1524398,0.0011208571959286928,-263.4288024902344
96,0.017723653465509415,2420,150.0,363000,405.61691451999997,3779,1525598,0.0011138110421597958,-263.2594909667969
96,0.01812278851866722,2424,150.0,363600,405.85671763000005,3785,1526798,0.0011318043107166886,-263.5245361328125
96,0.016165828332304955,2428,150.0,364200,406.17250977000003,3791,1527998,0.00112327397800982,-263.30316162109375
96,0.01564778946340084,2432,150.0,364800,406.53333765,3797,1529198,0.0011210014345124364,-263.5189208984375
96,0.014620967209339142,2436,150.0,365400,406.66677961,3803,1530398,0.0011253786506131291,-263.5116271972656
96,0.01603272184729576,2440,150.0,366000,406.77127125,3809,1531598,0.0011343230726197362,-263.5235900878906
96,0.016415758058428764,2444,150.0,366600,406.5655712199999,3815,1532798,0.0011382366064935923,-263.52923583984375
96,0.01806044951081276,2448,150.0,367200,406.6132745599999,3821,1533998,0.001122394809499383,-263.44464111328125
96,0.015676017850637436,2452,150.0,367800,406.61641140999996,3827,1535198,0.0011223135516047478,-263.613037109375
96,0.015841729938983917,2456,150.0,368400,406.73644437,3833,1536398,0.0011477208463475108,-263.51336669921875
96,0.014911718666553497,2460,150.0,369000,406.79017622,3839,1537598,0.001140157924965024,-263.1678161621094
96,0.015372577123343945,2464,150.0,369600,406.72468898,3845,1538798,0.0011322895297780633,-263.47479248046875
96,0.016761543229222298,2468,150.0,370200,406.8543991999999,3851,1539998,0.0011119850678369403,-263.3506774902344
96,0.019462797790765762,2472,150.0,370800,406.98583068,3857,1541198,0.0011135890381410718,-263.4957275390625
96,0.02307727374136448,2476,150.0,371400,406.86009713000004,3863,1542398,0.0011428534053266048,-263.4084167480469
96,0.01963050104677677,2480,150.0,372000,406.78981437999994,3869,1543598,0.0011333466973155737,-263.59027099609375
96,0.019230462610721588,2484,150.0,372600,406.54449927,3875,1544798,0.0011202384484931827,-263.57135009765625
96,0.016496160998940468,2488,150.0,373200,406.8607562699999,3880,1545998,0.0010976484045386314,-263.51153564453125
96,0.022149257361888885,2492,150.0,373800,406.97231889,3886,1547198,0.0010986390989273787,-263.58343505859375
96,0.017944611608982086,2496,150.0,374400,406.85834335000004,3892,1548398,0.0011083863209933043,-263.5862731933594
96,0.014726387336850166,2500,150.0,375000,406.87478441,3898,1549598,0.0011188983917236328,-263.4983825683594
96,0.017618222162127495,2504,150.0,375600,406.90023911000003,3904,1550798,0.0011064973659813404,-263.67755126953125
96,0.013763507828116417,2508,150.0,376200,406.94262868000004,3910,1551998,0.001103290356695652,-263.51544189453125
96,0.017351442947983742,2512,150.0,376800,406.86178328,3916,1553198,0.0011090730549767613,-263.76409912109375
96,0.016350509598851204,2516,150.0,377400,406.96327395999987,3922,1554398,0.001122877118177712,-263.5184020996094
96,0.01648760214447975,2520,150.0,378000,407.07291913999995,3928,1555598,0.0011185058392584324,-263.3305969238281
96,0.0197301022708416,2524,150.0,378600,407.19655908999994,3934,1556798,0.0011340288911014795,-263.5123291015625
96,0.015458257868885994,2528,150.0,379200,407.1413092,3940,1557998,0.0011164532043039799,-263.537109375
96,0.01563960313796997,2532,150.0,379800,407.23679209,3946,1559198,0.001117759384214878,-263.76373291015625
96,0.01615975797176361,2536,150.0,380400,407.21410683,3952,1560398,0.0010956644546240568,-263.58966064453125
96,0.01616320013999939,2540,150.0,381000,407.30834852999993,3958,1561598,0.0011073804926127195,-263.57708740234375
96,0.022163016721606255,2544,150.0,381600,407.6249089300001,3964,1562798,0.0011125742457807064,-263.91876220703125
96,0.02576783299446106,2548,150.0,382200,407.46056465000004,3971,1563998,0.0011259143939241767,-263.5703125
96,0.018131356686353683,2552,150.0,382800,407.43489351999995,3977,1565198,0.0011240186868235469,-263.47412109375
96,0.015523754991590977,2556,150.0,383400,407.56574959000005,3983,1566398,0.0011017648503184319,-263.7308349609375
96,0.016117913648486137,2560,150.0,384000,407.78277801,3989,1567598,0.0010970355942845345,-263.8428649902344
96,0.017984144389629364,2564,150.0,384600,407.90959468,3995,1568798,0.0011227877112105489,-263.4320373535156
96,0.015828406438231468,2568,150.0,385200,408.1658807099999,4001,1569998,0.0011132837971672416,-263.8250732421875
96,0.019139770418405533,2572,150.0,385800,408.29757388999997,4007,1571198,0.0011004316620528698,-263.569580078125
96,0.018007593229413033,2576,150.0,386400,408.54644468000004,4014,1572398,0.001090476755052805,-263.8699035644531
96,0.021962454542517662,2580,150.0,387000,408.63450603999996,4020,1573598,0.0011199446162208915,-264.1502685546875
96,0.020411603152751923,2584,150.0,387600,408.7680833299999,4026,1574798,0.0012505437480285764,-263.68389892578125
96,0.019412871450185776,2588,150.0,388200,408.64334838999997,4032,1575998,0.0011378302006050944,-263.6132507324219
96,0.012709160335361958,2592,150.0,388800,408.69725157,4038,1577198,0.0011288862442597747,-263.95037841796875
96,0.01448535080999136,2596,150.0,389400,408.88506942,4044,1578398,0.0011283308267593384,-264.02545166015625
96,0.015890231356024742,2600,150.0,390000,408.99952464999996,4050,1579598,0.0011072643101215363,-263.92974853515625
96,0.01792731136083603,2604,150.0,390600,409.00547717,4056,1580798,0.0011113261571153998,-264.11322021484375
96,0.018999040126800537,2608,150.0,391200,408.88118204,4062,1581998,0.0011045453138649464,-263.5968933105469
96,0.014301110990345478,2612,150.0,391800,408.94750508000004,4068,1583198,0.0010865378426387906,-263.79791259765625
96,0.01378333568572998,2616,150.0,392400,408.71239483000005,4074,1584398,0.001075565698556602,-263.9632263183594
96,0.018349215388298035,2620,150.0,393000,408.71751585,4080,1585598,0.0010831676190719008,-264.12298583984375
96,0.015743659809231758,2624,150.0,393600,408.61181874999994,4086,1586798,0.001070045051164925,-264.100830078125
96,0.01783032901585102,2628,150.0,394200,408.75743328000004,4092,1587998,0.0010860637994483113,-264.1124572753906
96,0.018931346014142036,2632,150.0,394800,408.57528037000003,4098,1589198,0.0010717296972870827,-264.16888427734375
96,0.015413559973239899,2636,150.0,395400,408.65709017999995,4104,1590398,0.0010801827302202582,-264.15777587890625
96,0.015311219729483128,2640,150.0,396000,408.5588000799999,4110,1591598,0.0010701720602810383,-264.23291015625
96,0.014928738586604595,2644,150.0,396600,408.58508452000007,4117,1592798,0.00106393254827708,-264.20709228515625
96,0.01665155030786991,2648,150.0,397200,408.70894553,4123,1593998,0.0010583995608612895,-264.22412109375
96,0.014119694009423256,2652,150.0,397800,408.77153996,4129,1595198,0.001066294265910983,-263.7913818359375
96,0.016207806766033173,2656,150.0,398400,408.7133405800001,4135,1596398,0.0010463496437296271,-264.2322082519531
96,0.01635383442044258,2660,150.0,399000,408.74973492000004,4141,1597598,0.0010696537792682648,-264.08673095703125
96,0.017140228301286697,2664,150.0,399600,408.69554750000003,4147,1598798,0.001083711045794189,-264.0737609863281
