time/total_timesteps,train/actor_loss,rollout/ep_len_mean,time/episodes,time/fps,train/critic_loss,time/time_elapsed,train/n_updates,train/ent_coef,rollout/ep_rew_mean
632,-109.3856201171875,158.0,4,39,2.1949729919433594,16,1062,0.8574559688568115,51.791300500000006
1264,-233.23863220214844,158.0,8,56,0.34803149104118347,22,2326,0.7225754857063293,48.039147375000006
1896,-335.5260925292969,158.0,12,66,0.2690274715423584,28,3590,0.6146945953369141,45.695643083333344
2528,-417.17974853515625,158.0,16,72,0.24207554757595062,34,4854,0.5264111757278442,50.93651475
3160,-480.86773681640625,158.0,20,77,0.1819135695695877,41,6118,0.45293185114860535,56.2158954
3792,-529.93798828125,158.0,24,80,0.11141370981931686,47,7382,0.3909998834133148,65.88417904166667
4424,-566.3197021484375,158.0,28,82,0.07980635017156601,53,8646,0.3383093774318695,76.0012437857143
5056,-592.2282104492188,158.0,32,84,0.06327827274799347,59,9910,0.2931673526763916,85.56498828125
5688,-609.689453125,158.0,36,86,0.056212425231933594,65,11174,0.2543202340602875,95.03265358333333
6320,-619.9742431640625,158.0,40,87,0.04124072566628456,72,12438,0.2207849770784378,104.8382409
6952,-624.472412109375,158.0,44,88,0.03666258230805397,78,13702,0.19176705181598663,113.07189745454548
7584,-624.16845703125,158.0,48,89,0.03975243121385574,84,14966,0.16662262380123138,121.44372397916668
8216,-620.3297119140625,158.0,52,90,0.028158038854599,90,16230,0.144816055893898,129.81233573076923
8848,-613.4729614257812,158.0,56,91,0.02723970264196396,96,17494,0.12589788436889648,137.61344626785714
9480,-604.0322265625,158.0,60,92,0.02683197520673275,102,18758,0.10946991294622421,144.84597551666667
10112,-592.9415893554688,158.0,64,93,0.0263544712215662,108,20022,0.09520246833562851,151.56492920312502
10744,-580.3353271484375,158.0,68,93,0.031393054872751236,114,21286,0.08280210196971893,157.89756563235298
11376,-566.8600463867188,158.0,72,94,0.027801280841231346,120,22550,0.07203742861747742,164.24208008333332
12008,-552.360595703125,158.0,76,94,0.03262496739625931,126,23814,0.06270074099302292,170.3537324736842
12640,-537.7450561523438,158.0,80,95,0.03276974335312843,132,25078,0.05459757149219513,175.828411975
13272,-522.641357421875,158.0,84,95,0.037188634276390076,138,26342,0.04756523668766022,181.41663670238094
13904,-507.82257080078125,158.0,88,95,0.040497615933418274,144,27606,0.04147178679704666,186.73947678409093
14536,-492.9157409667969,158.0,92,96,0.040150273591279984,150,28870,0.03617480397224426,191.58145092391308
15168,-478.5640869140625,158.0,96,96,0.03978286683559418,157,30134,0.03156666457653046,196.60694153125
15800,-464.60858154296875,158.0,100,96,0.044126614928245544,163,31398,0.02756524085998535,201.35848436999996
16432,-450.8831481933594,158.0,104,97,0.03967069461941719,169,32662,0.024098049849271774,212.18873672999996
17064,-437.6875,158.0,108,97,0.03881819546222687,175,33926,0.021088209003210068,223.53330400000002
17696,-425.3238525390625,158.0,112,97,0.03597816824913025,181,35190,0.018468353897333145,235.55036458999996
18328,-414.0389099121094,158.0,116,97,0.034622032195329666,187,36454,0.01619851589202881,246.75222794
18960,-402.9503173828125,158.0,120,97,0.03271878883242607,193,37718,0.014225448481738567,257.65749419
19592,-392.37176513671875,158.0,124,98,0.028402961790561676,199,38982,0.012500327080488205,267.16729142
20224,-382.17144775390625,158.0,128,98,0.026814846321940422,205,40246,0.011002779938280582,275.97326997
20856,-373.248046875,158.0,132,98,0.02835051901638508,211,41510,0.009694930166006088,284.25868888
21488,-364.63153076171875,158.0,136,98,0.027574725449085236,217,42774,0.008559267036616802,291.90893351
22120,-356.23455810546875,158.0,140,98,0.026929082348942757,224,44038,0.007558945566415787,298.87007465000005
22752,-348.5586242675781,158.0,144,98,0.026630066335201263,230,45302,0.0066868313588202,305.51642716000003
23384,-341.47442626953125,158.0,148,98,0.027006501331925392,236,46566,0.005925701931118965,311.51022223999996
24016,-334.74151611328125,158.0,152,99,0.027094518765807152,242,47830,0.0052552660927176476,316.96110588
24648,-328.40081787109375,158.0,156,99,0.02833227440714836,248,49094,0.004662937484681606,322.06130478
25280,-321.9649658203125,158.0,160,99,0.02537919208407402,254,50358,0.004148089326918125,326.75873614
25912,-316.97216796875,158.0,164,99,0.027322597801685333,260,51622,0.00371146434918046,331.50029113
26544,-312.47772216796875,158.0,168,99,0.028585921972990036,267,52886,0.00333162653259933,336.19421262999987
27176,-307.3932189941406,158.0,172,99,0.02282257378101349,273,54150,0.0029907915741205215,340.17023796999996
27808,-302.82965087890625,158.0,176,99,0.025337638333439827,279,55414,0.002684790175408125,343.79523697999997
28440,-298.38348388671875,158.0,180,99,0.02427002787590027,285,56678,0.0024182801134884357,347.35213913
29072,-294.34857177734375,158.0,184,99,0.02417999505996704,291,57942,0.0021917165722697973,350.7550332999999
29704,-290.9718933105469,158.0,188,99,0.020732000470161438,297,59206,0.001997450366616249,353.66140314000006
30336,-287.419677734375,158.0,192,99,0.022093934938311577,303,60470,0.0018321832176297903,356.86414076000005
30968,-284.9549560546875,158.0,196,100,0.02078998275101185,309,61734,0.0016994989709928632,359.54913981
31600,-280.96575927734375,158.0,200,100,0.020568132400512695,315,62998,0.0015884519089013338,362.41267436000004
32232,-278.3021545410156,158.0,204,100,0.01805173046886921,321,64262,0.0015002867439761758,364.7747084799999
32864,-276.79949951171875,158.0,208,100,0.021151425316929817,327,65526,0.001447265618480742,367.29922256
33496,-273.5570373535156,158.0,212,100,0.0209013894200325,333,66790,0.0014185821637511253,369.23711432
34128,-271.0422058105469,158.0,216,100,0.01883106306195259,339,68054,0.0014341505011543632,370.9328391099999
34760,-268.91064453125,158.0,220,100,0.01827397570014,345,69318,0.001450628973543644,372.5970770100001
35392,-267.49609375,158.0,224,100,0.0177004374563694,351,70582,0.0014670623932033777,373.98272292
36024,-265.8919372558594,158.0,228,100,0.017259657382965088,358,71846,0.0014258194714784622,375.0495993800001
36656,-264.45343017578125,158.0,232,100,0.0193457193672657,364,73110,0.0014505467843264341,376.00624019
37288,-261.58203125,158.0,236,100,0.017896480858325958,370,74374,0.001454786630347371,377.14233126
37920,-260.68170166015625,158.0,240,100,0.018352944403886795,376,75638,0.0014173408271744847,377.89708356000006
38552,-259.45556640625,158.0,244,100,0.019307300448417664,383,76902,0.0014139609411358833,379.11215516
39184,-258.3362121582031,158.0,248,100,0.018969092518091202,389,78166,0.0014522714773193002,380.30906682999995
39816,-256.8438720703125,158.0,252,100,0.0200787466019392,395,79430,0.0014855900080874562,381.42954527
40448,-256.6949462890625,158.0,256,100,0.017830217257142067,401,80694,0.0014417360071092844,382.4218540599999
41080,-254.92190551757812,158.0,260,100,0.017518164590001106,407,81958,0.0014449715381488204,383.62897986999997
41712,-253.99978637695312,158.0,264,100,0.017269296571612358,413,83222,0.0014518843963742256,384.60851350999997
42344,-252.56387329101562,158.0,268,100,0.019931627437472343,420,84486,0.0014355593593791127,385.36632098999996
42976,-252.7136688232422,158.0,272,100,0.016184277832508087,426,85750,0.0014509728644043207,386.3557889599999
43608,-251.55223083496094,158.0,276,100,0.01609146036207676,432,87014,0.0014759335899725556,387.32321572
44240,-250.18655395507812,158.0,280,100,0.01804731786251068,438,88278,0.001505460706539452,388.50175543000006
44872,-250.70675659179688,158.0,284,100,0.01740044355392456,445,89542,0.001519401092082262,389.12797545
45504,-249.7431182861328,158.0,288,100,0.017381031066179276,451,90806,0.0014950984623283148,390.42239582999986
46136,-249.16131591796875,158.0,292,100,0.0213636364787817,457,92070,0.0015446585603058338,391.37909270999995
46768,-248.91024780273438,158.0,296,100,0.0195244662463665,464,93334,0.0015666241524741054,392.3506597799999
47400,-248.06813049316406,158.0,300,100,0.019775178283452988,470,94598,0.0015794270439073443,392.89896251000005
48032,-248.1100616455078,158.0,304,100,0.01785879395902157,476,95862,0.0015601830091327429,393.84092552999994
48664,-247.14663696289062,158.0,308,100,0.01741904206573963,482,97126,0.0015798218082636595,394.30341275000006
49296,-246.7091064453125,158.0,312,100,0.01852993480861187,488,98390,0.0016043552896007895,394.8766979199999
49928,-246.9668426513672,158.0,316,100,0.01612238958477974,495,99654,0.0015976722352206707,395.70872256
50560,-246.04278564453125,158.0,320,100,0.017212728038430214,501,100918,0.0016171535244211555,396.2017760699999
51192,-246.73556518554688,158.0,324,100,0.019703548401594162,507,102182,0.0015900189755484462,397.01262643
51824,-247.42959594726562,158.0,328,100,0.01876034401357174,514,103446,0.001603460405021906,397.91316761999997
52456,-245.69793701171875,158.0,332,100,0.01805904321372509,520,104710,0.0016179216327145696,399.01927389
53088,-245.68283081054688,158.0,336,100,0.019019613042473793,526,105974,0.001656258013099432,399.90712597
53720,-245.76895141601562,158.0,340,100,0.017378004267811775,533,107238,0.001649672631174326,401.01399374000016
54352,-244.99676513671875,158.0,344,100,0.01683102361857891,539,108502,0.0017050087917596102,402.19445973000006
54984,-246.3379364013672,158.0,348,100,0.01891237124800682,545,109766,0.0017169438069686294,403.18244483
55616,-246.29348754882812,158.0,352,100,0.018053291365504265,551,111030,0.0017346489476040006,403.9963905100001
56248,-245.89845275878906,158.0,356,100,0.01654430292546749,558,112294,0.0017318520694971085,405.04398324
56880,-246.62217712402344,158.0,360,100,0.017467893660068512,564,113558,0.0017562424764037132,406.06362745999996
57512,-246.63034057617188,158.0,364,100,0.017321497201919556,570,114822,0.0017612978117540479,406.84842369000006
58144,-246.81961059570312,158.0,368,100,0.01667008548974991,576,116086,0.0017593789380043745,407.53415337000007
58776,-246.6036834716797,158.0,372,100,0.016158195212483406,583,117350,0.0017611953662708402,408.19066969
59408,-247.24542236328125,158.0,376,100,0.017638931050896645,589,118614,0.0017735110595822334,408.99649161
60040,-246.80264282226562,158.0,380,100,0.01711457408964634,595,119878,0.0017646494088694453,409.92486561
60672,-247.50830078125,158.0,384,100,0.017102418467402458,602,121142,0.001822275691665709,410.74964174
61304,-248.0565185546875,158.0,388,100,0.017634529620409012,608,122406,0.0018259523203596473,411.4915494500001
61936,-247.92843627929688,158.0,392,100,0.01736353524029255,614,123670,0.0018174092983826995,412.18788106999995
62568,-248.16128540039062,158.0,396,100,0.017928674817085266,621,124934,0.001800679718144238,412.87710079
63200,-249.4279327392578,158.0,400,100,0.018167562782764435,627,126198,0.0018386158626526594,413.87314318000006
63832,-248.97972106933594,158.0,404,100,0.01857965998351574,633,127462,0.0018985677743330598,414.55378115
64464,-249.12600708007812,158.0,408,100,0.01663026213645935,639,128726,0.0018574594287201762,415.3899514699999
65096,-250.36953735351562,158.0,412,100,0.018948828801512718,646,129990,0.001882396754808724,416.16530176999987
65728,-249.615966796875,158.0,416,100,0.015101355500519276,652,131254,0.0018735771300271153,416.66385540000005
66360,-250.4049835205078,158.0,420,100,0.02014913223683834,659,132518,0.0018599667819216847,417.50394264000005
66992,-250.67784118652344,158.0,424,100,0.017544684931635857,665,133782,0.0018819166580215096,418.53467531999996
67624,-250.73460388183594,158.0,428,100,0.018984273076057434,671,135046,0.0019460133044049144,419.52062779
68256,-251.89984130859375,158.0,432,100,0.01728803478181362,678,136310,0.0019476740853860974,420.10588908
68888,-251.9394073486328,158.0,436,100,0.017939722165465355,684,137574,0.001969682052731514,420.77076502999995
69520,-251.65982055664062,158.0,440,100,0.02057153917849064,691,138838,0.001948528690263629,421.44591770999995
70152,-251.92861938476562,158.0,444,100,0.01778927445411682,698,140102,0.0019791661761701107,421.80095590999997
70784,-252.36717224121094,158.0,448,100,0.017769629135727882,704,141366,0.001970125362277031,422.34412943999996
71416,-253.1876983642578,158.0,452,100,0.017498314380645752,711,142630,0.002021858235821128,423.17762372
72048,-252.9787139892578,158.0,456,100,0.018228553235530853,717,143894,0.002018806291744113,423.72652092
72680,-253.93087768554688,158.0,460,100,0.016423068940639496,723,145158,0.002029572380706668,424.30839184999996
73312,-254.80194091796875,158.0,464,100,0.018365291878581047,730,146422,0.002026897156611085,425.30941794000006
73944,-254.7742156982422,158.0,468,100,0.01983465440571308,736,147686,0.0020539183169603348,426.45049663000003
74576,-255.21286010742188,158.0,472,100,0.020568804815411568,742,148950,0.0020716232247650623,427.46935949999994
75208,-255.46714782714844,158.0,476,100,0.019128073006868362,748,150214,0.0020682632457464933,428.372925
75840,-257.11138916015625,158.0,480,100,0.016617391258478165,755,151478,0.002080426551401615,429.07103589999997
76472,-256.3908386230469,158.0,484,100,0.018256356939673424,761,152742,0.0020856650080531836,430.2087103600001
77104,-257.6130676269531,158.0,488,100,0.017942223697900772,768,154006,0.002125895582139492,430.9390539500001
77736,-257.5328369140625,158.0,492,100,0.017322195693850517,774,155270,0.0021566858049482107,431.85788428000006
78368,-257.78338623046875,158.0,496,100,0.018140286207199097,781,156534,0.002136369701474905,432.63158211999996
79000,-258.80816650390625,158.0,500,100,0.017167722806334496,787,157798,0.0021329415030777454,433.1985604100001
79632,-258.9844055175781,158.0,504,100,0.01939103566110134,793,159062,0.0021495565306395292,433.95468841
80264,-259.0100402832031,158.0,508,100,0.019167272374033928,800,160326,0.002158234128728509,434.83045219
80896,-260.0259094238281,158.0,512,100,0.019085818901658058,806,161590,0.002136860741302371,435.61329428000005
81528,-260.43927001953125,158.0,516,100,0.021135946735739708,812,162854,0.002153293928131461,436.37743544
82160,-260.5034484863281,158.0,520,100,0.018583863973617554,819,164118,0.002135239075869322,437.09511848
82792,-260.9324951171875,158.0,524,100,0.017407743260264397,825,165382,0.0021358674857765436,437.5410062099999
83424,-260.8656311035156,158.0,528,100,0.020729878917336464,831,166646,0.002149672480300069,437.82932486
84056,-261.5079345703125,158.0,532,100,0.017559142783284187,838,167910,0.002138435607776046,438.31053144000003
84688,-261.85992431640625,158.0,536,100,0.017161067575216293,844,169174,0.002117162337526679,438.79597447
85320,-261.90936279296875,158.0,540,100,0.01973162405192852,851,170438,0.0021374549251049757,439.4950331
85952,-262.00640869140625,158.0,544,100,0.017616719007492065,857,171702,0.0021274785976856947,439.97739020000006
86584,-262.9969482421875,158.0,548,100,0.016654398292303085,863,172966,0.0021726300474256277,440.67292489
87216,-262.399658203125,158.0,552,100,0.021356258541345596,870,174230,0.0021661221981048584,441.0868376100001
87848,-262.471923828125,158.0,556,100,0.01947711780667305,876,175494,0.0021600595209747553,441.65394589000005
88480,-263.02386474609375,158.0,560,100,0.018454251810908318,883,176758,0.0021528503857553005,442.08619409000005
89112,-263.13226318359375,158.0,564,100,0.019142715260386467,889,178022,0.002149473410099745,442.26018215
89744,-264.35540771484375,158.0,568,100,0.017531340941786766,896,179286,0.0021491763181984425,442.4226681700001
90376,-263.7281494140625,158.0,572,100,0.018288366496562958,902,180550,0.002139213727787137,442.79227981
91008,-263.4822998046875,158.0,576,100,0.019863374531269073,908,181814,0.00214765383861959,442.9571658
91640,-264.01898193359375,158.0,580,100,0.018429508432745934,915,183078,0.002151729539036751,443.25033342
92272,-263.2015686035156,158.0,584,100,0.020925389602780342,921,184342,0.0021353522315621376,443.26543503999994
92904,-263.8520812988281,158.0,588,100,0.022307822480797768,927,185606,0.0021531798411160707,443.58302547000005
93536,-263.2947692871094,158.0,592,100,0.022565703839063644,933,186870,0.00213398109190166,443.78964575000003
94168,-264.2023010253906,158.0,596,100,0.020427487790584564,939,188134,0.002164989709854126,444.12928346
94800,-263.59161376953125,158.0,600,100,0.01868807151913643,945,189398,0.0021812384948134422,444.43796721000007
95432,-264.018798828125,158.0,604,100,0.01801937259733677,952,190662,0.0021735697519034147,444.72914795
96064,-264.3273620605469,158.0,608,100,0.023764798417687416,958,191926,0.0021720852237194777,444.80837069000006
96696,-264.6076965332031,158.0,612,100,0.017208529636263847,965,193190,0.002167453058063984,445.0650946
97328,-264.55914306640625,158.0,616,100,0.019142603501677513,971,194454,0.0021630795672535896,445.54384099
97960,-264.4774169921875,158.0,620,100,0.019654180854558945,977,195718,0.0021636520978063345,445.85255970000003
98592,-264.3380126953125,158.0,624,100,0.02430540882050991,983,196982,0.002155334921553731,446.12893104999995
99224,-264.886962890625,158.0,628,100,0.020042112097144127,990,198246,0.002156148198992014,446.69187235
99856,-265.3255920410156,158.0,632,100,0.018628951162099838,996,199510,0.002174176275730133,447.39902492999994
100488,-264.7638244628906,158.0,636,100,0.018503839150071144,1002,200774,0.002154212910681963,447.87081916999995
101120,-265.0710754394531,158.0,640,100,0.020263267681002617,1009,202038,0.0021750919986516237,448.19309087999994
101752,-264.61236572265625,158.0,644,100,0.018231423571705818,1015,203302,0.002173371845856309,448.77942474
102384,-265.20751953125,158.0,648,100,0.019093234091997147,1021,204566,0.002203018870204687,449.13981076
103016,-264.80181884765625,158.0,652,100,0.020533230155706406,1028,205830,0.002238451037555933,449.69130595999997
103648,-265.2315673828125,158.0,656,100,0.015281131491065025,1034,207094,0.00226596393622458,450.2894364399999
104280,-265.2694396972656,158.0,660,100,0.01935509406030178,1041,208358,0.002232810715213418,450.8170862999999
104912,-265.5301513671875,158.0,664,100,0.019281238317489624,1047,209622,0.0022472860291600227,451.44177160000004
105544,-265.9862060546875,158.0,668,100,0.018047749996185303,1053,210886,0.002258552936837077,452.08204122999996
106176,-266.1595153808594,158.0,672,100,0.019253384321928024,1060,212150,0.0022584907710552216,452.64179072
106808,-266.93316650390625,158.0,676,100,0.016077227890491486,1066,213414,0.0022757763508707285,453.37949058000004
107440,-266.479248046875,158.0,680,100,0.020215265452861786,1072,214678,0.0022847705986350775,453.85371747
108072,-266.87286376953125,158.0,684,100,0.01769287884235382,1079,215942,0.0022934910375624895,454.41206144999995
108704,-267.100341796875,158.0,688,100,0.01835523545742035,1085,217206,0.0022697001695632935,454.90169861000004
109336,-268.1551208496094,158.0,692,100,0.020223386585712433,1091,218470,0.0022897201124578714,455.53186906
109968,-267.5024719238281,158.0,696,100,0.017360294237732887,1097,219734,0.0022995786275714636,455.8764560699999
110600,-268.03912353515625,158.0,700,100,0.01712006703019142,1103,220998,0.002288662362843752,456.46834132
111232,-267.48828125,158.0,704,100,0.019895104691386223,1110,222262,0.0023204132448881865,457.0051807500001
111864,-267.7760009765625,158.0,708,100,0.021811604499816895,1116,223526,0.0023169349879026413,457.47552963000004
112496,-268.5295715332031,158.0,712,100,0.02155892364680767,1122,224790,0.002331356517970562,457.60086701
113128,-268.4620666503906,158.0,716,100,0.018843118101358414,1128,226054,0.00226285750977695,457.80324178999996
113760,-268.8185729980469,158.0,720,100,0.01917385682463646,1134,227318,0.002312181517481804,458.3009667
114392,-268.8405456542969,158.0,724,100,0.019129101186990738,1140,228582,0.002308507449924946,458.72932261
115024,-268.90997314453125,158.0,728,100,0.019278720021247864,1147,229846,0.0023163859732449055,459.30765420000006
115656,-269.1756591796875,158.0,732,100,0.018163790926337242,1153,231110,0.0023249497171491385,459.72389089999996
116288,-269.8495788574219,158.0,736,100,0.018982334062457085,1159,232374,0.002327423309907317,460.16315046999995
116920,-269.7103271484375,158.0,740,100,0.02512841671705246,1166,233638,0.0023686697240918875,460.37108882
117552,-269.73687744140625,158.0,744,100,0.020649025216698647,1172,234902,0.002339387545362115,460.4210051900001
118184,-270.2233581542969,158.0,748,100,0.020137326791882515,1179,236166,0.0023369737900793552,460.60042208000004
118816,-270.4365234375,158.0,752,100,0.019284075126051903,1185,237430,0.0023359109181910753,460.72841834999997
119448,-270.66607666015625,158.0,756,100,0.02091781608760357,1192,238694,0.0023374706506729126,460.83821818
120080,-270.724365234375,158.0,760,100,0.01972113363444805,1198,239958,0.0023411305155605078,461.07590942999997
120712,-271.6148986816406,158.0,764,100,0.0221991166472435,1205,241222,0.002331480849534273,461.33681987999995
121344,-271.04486083984375,158.0,768,100,0.01930527202785015,1211,242486,0.002322382526472211,461.38763941999997
121976,-270.84771728515625,158.0,772,100,0.01733415760099888,1218,243750,0.0023348508402705193,461.58107552
122608,-270.8387451171875,158.0,776,100,0.019183233380317688,1224,245014,0.0023259620647877455,461.77875971999987
123240,-271.662841796875,158.0,780,100,0.01915355585515499,1231,246278,0.0023531285114586353,462.08519674999997
123872,-271.65283203125,158.0,784,100,0.020033100619912148,1237,247542,0.0023388098925352097,462.33713939000006
124504,-271.29730224609375,158.0,788,100,0.020140325650572777,1243,248806,0.0023315809667110443,462.30099120000006
125136,-272.1357421875,158.0,792,100,0.020284736528992653,1250,250070,0.002360501792281866,462.33882316
125768,-271.58538818359375,158.0,796,100,0.019301263615489006,1256,251334,0.002348168520256877,462.67729616
126400,-272.18072509765625,158.0,800,100,0.022141607478260994,1262,252598,0.0023498497903347015,462.9198189900001
127032,-272.55145263671875,158.0,804,100,0.020151028409600258,1269,253862,0.0023149801418185234,462.9811946900001
127664,-272.4251403808594,158.0,808,100,0.019803378731012344,1275,255126,0.0023217268753796816,463.26475936
128296,-272.5107421875,158.0,812,100,0.018740084022283554,1281,256390,0.0023446788545697927,463.78558679
128928,-271.90924072265625,158.0,816,100,0.01788119226694107,1288,257654,0.0023451317101716995,464.0971988900001
129560,-272.7134704589844,158.0,820,100,0.022773487493395805,1294,258918,0.0023624610621482134,464.06797054
130192,-272.4262390136719,158.0,824,100,0.018721599131822586,1300,260182,0.0023278750013560057,464.30279982
130824,-273.0685119628906,158.0,828,100,0.019147273153066635,1307,261446,0.00233166990801692,464.31066861
131456,-272.8714599609375,158.0,832,100,0.020157765597105026,1313,262710,0.0023415114264935255,464.37128809000006
132088,-272.5640869140625,158.0,836,100,0.020077379420399666,1320,263974,0.0023552163038402796,464.51035382000003
132720,-273.07598876953125,158.0,840,100,0.020374802872538567,1326,265238,0.002348169684410095,464.89145694000007
133352,-273.60247802734375,158.0,844,100,0.021379301324486732,1332,266502,0.0023451540619134903,465.18624749
133984,-273.7123107910156,158.0,848,100,0.019105656072497368,1339,267766,0.0023380592465400696,465.39618779999995
134616,-273.4150390625,158.0,852,100,0.020060451701283455,1345,269030,0.0023411966394633055,465.61274051999993
135248,-273.7103576660156,158.0,856,100,0.0185032207518816,1351,270294,0.002329043112695217,465.74753080000005
135880,-274.3594970703125,158.0,860,100,0.017719147726893425,1358,271558,0.0023320980835705996,465.8795939700001
136512,-273.2423095703125,158.0,864,100,0.018939601257443428,1364,272822,0.0023133603390306234,465.90972828000014
137144,-272.9015197753906,158.0,868,100,0.019053425639867783,1370,274086,0.002327063586562872,465.9303492900001
137776,-273.27447509765625,158.0,872,100,0.01840720698237419,1376,275350,0.002328088041394949,465.90661747000007
138408,-274.4083557128906,158.0,876,100,0.020265163853764534,1383,276614,0.002341745886951685,465.9869337200001
139040,-273.9510192871094,158.0,880,100,0.018506843596696854,1389,277878,0.0023297371808439493,466.06089058
139672,-274.3150634765625,158.0,884,100,0.020099109038710594,1396,279142,0.0023206037003546953,466.15929743
140304,-274.390869140625,158.0,888,100,0.020664261654019356,1402,280406,0.002341371728107333,466.4325874
140936,-274.6024169921875,158.0,892,100,0.022527892142534256,1408,281670,0.0023426974657922983,466.69300509
141568,-274.19342041015625,158.0,896,100,0.019491709768772125,1415,282934,0.0023354319855570793,466.81758583000004
142200,-274.8858947753906,158.0,900,100,0.02056313119828701,1421,284198,0.002357912017032504,467.00145689
142832,-274.7902526855469,158.0,904,100,0.01799880713224411,1427,285462,0.002342930994927883,467.2507900499999
143464,-274.0189208984375,158.0,908,100,0.01612771302461624,1434,286726,0.0023589804768562317,467.4055240599999
144096,-274.19927978515625,158.0,912,100,0.018723106011748314,1440,287990,0.0023548996541649103,467.61437359999996
144728,-274.79638671875,158.0,916,100,0.020445935428142548,1446,289254,0.0023565341252833605,467.70620421
145360,-274.3985900878906,158.0,920,100,0.017596516758203506,1453,290518,0.0023385712411254644,468.05044297
145992,-274.87322998046875,158.0,924,100,0.019299237057566643,1459,291782,0.002321759006008506,468.1329104099999
146624,-275.0757141113281,158.0,928,100,0.020016560330986977,1465,293046,0.0023240186274051666,468.38223094000006
147256,-275.0966491699219,158.0,932,99,0.017443319782614708,1472,294310,0.002333673182874918,468.39040816
147888,-275.6814270019531,158.0,936,99,0.020895663648843765,1479,295574,0.0023162534926086664,468.4387849799999
148520,-275.09307861328125,158.0,940,99,0.018688347190618515,1485,296838,0.002326928311958909,468.4527555799999
149152,-275.2317810058594,158.0,944,99,0.018798375502228737,1492,298102,0.0023476984351873398,468.57228459
149784,-275.16925048828125,158.0,948,99,0.018932698294520378,1498,299366,0.0023374806623905897,468.5779231799999
150416,-275.26116943359375,158.0,952,99,0.018161974847316742,1505,300630,0.0023350445553660393,468.69869688
151048,-275.4259948730469,158.0,956,99,0.019680205732584,1511,301894,0.00232158531434834,468.92854895000005
151680,-275.16241455078125,158.0,960,99,0.020296109840273857,1518,303158,0.0023200358264148235,469.17575282999996
152312,-275.63616943359375,158.0,964,99,0.020237158983945847,1525,304422,0.002327071502804756,469.21361865000006
152944,-275.32086181640625,158.0,968,99,0.01847270131111145,1531,305686,0.00233086827211082,469.51165995
153576,-276.02996826171875,158.0,972,99,0.0184810571372509,1538,306950,0.00230045267380774,469.69119574
154208,-276.20965576171875,158.0,976,99,0.01875283755362034,1544,308214,0.0023132346104830503,469.96824329000003
154840,-276.45855712890625,158.0,980,99,0.01863824389874935,1550,309478,0.002286940813064575,470.2083485299999
155472,-276.45367431640625,158.0,984,99,0.019104542210698128,1557,310742,0.002309228526428342,470.43982334
156104,-276.4289855957031,158.0,988,99,0.017248502001166344,1563,312006,0.0023053877521306276,470.6850368100001
156736,-275.462890625,158.0,992,99,0.019642245024442673,1569,313270,0.0023187773767858744,470.89760365000006
157368,-276.13079833984375,158.0,996,99,0.01937703788280487,1576,314534,0.0023218663409352303,470.91146997000004
158000,-276.8527526855469,158.0,1000,99,0.021298663690686226,1582,315798,0.002334181685000658,470.91852473
158632,-276.7813720703125,158.0,1004,99,0.0198484119027853,1588,317062,0.00233911769464612,471.10180213
159264,-277.0135192871094,158.0,1008,99,0.020953960716724396,1595,318326,0.0023390597198158503,471.11935875
159896,-276.1645812988281,158.0,1012,99,0.017852408811450005,1601,319590,0.0023339535109698772,471.29700476000005
160528,-276.4827880859375,158.0,1016,99,0.019362423568964005,1607,320854,0.0023579278495162725,471.44010359000015
161160,-277.29986572265625,158.0,1020,99,0.018465649336576462,1614,322118,0.002344080712646246,471.57019736999996
161792,-277.2569580078125,158.0,1024,99,0.020894065499305725,1620,323382,0.002341928891837597,471.81448430999995
162424,-277.58721923828125,158.0,1028,99,0.01753794029355049,1626,324646,0.0022941124625504017,471.71156624
163056,-278.5516357421875,158.0,1032,99,0.01946830190718174,1632,325910,0.002299793530255556,471.79468842
163688,-277.52215576171875,158.0,1036,99,0.020416922867298126,1639,327174,0.0022904234938323498,472.0952953800001
164320,-276.7633056640625,158.0,1040,99,0.01747109740972519,1645,328438,0.002316415775567293,472.13098565
164952,-277.3516540527344,158.0,1044,99,0.01980874128639698,1651,329702,0.002304055728018284,472.31061064
165584,-278.2056884765625,158.0,1048,99,0.022745059803128242,1657,330966,0.002315590623766184,472.53131222
166216,-278.7457275390625,158.0,1052,99,0.024650782346725464,1663,332230,0.002338211052119732,472.59078093999995
166848,-277.8043212890625,158.0,1056,99,0.021260669454932213,1670,333494,0.002407896565273404,472.67932476000004
167480,-277.9800109863281,158.0,1060,99,0.019366785883903503,1676,334758,0.0023303215857595205,472.68767943000006
168112,-277.7311706542969,158.0,1064,99,0.022166825830936432,1682,336022,0.002315908670425415,472.92151738
168744,-278.23028564453125,158.0,1068,99,0.019775254651904106,1688,337286,0.002332531614229083,473.23583811000003
169376,-278.1182861328125,158.0,1072,99,0.019342608749866486,1695,338550,0.0023169603664427996,473.5064275000001
170008,-278.4180908203125,158.0,1076,99,0.020431535318493843,1701,339814,0.002315767575055361,473.42321195
170640,-278.53411865234375,158.0,1080,99,0.020638518035411835,1708,341078,0.0023135102819651365,473.51459724
171272,-278.58758544921875,158.0,1084,99,0.019597215577960014,1714,342342,0.00232325098477304,473.72802923
171904,-278.2466735839844,158.0,1088,99,0.023844115436077118,1720,343606,0.002319636754691601,473.95416313999993
172536,-279.004150390625,158.0,1092,99,0.020559260621666908,1727,344870,0.0023047314025461674,473.91961526
173168,-277.833984375,158.0,1096,99,0.020271070301532745,1733,346134,0.0023045942652970552,474.00353765999995
173800,-278.7655029296875,158.0,1100,99,0.022717667743563652,1740,347398,0.002311239019036293,474.11131493
174432,-278.524169921875,158.0,1104,99,0.01993289403617382,1746,348662,0.0023167626932263374,474.29851074
175064,-278.2347412109375,158.0,1108,99,0.024550503119826317,1753,349926,0.002285084454342723,474.6693347600001
175696,-278.1839294433594,158.0,1112,99,0.01960258185863495,1759,351190,0.002289463533088565,474.78306828
176328,-278.62811279296875,158.0,1116,99,0.02177848108112812,1765,352454,0.0023006577976047993,474.893681
176960,-278.612548828125,158.0,1120,99,0.020828258246183395,1772,353718,0.0022987094707787037,475.0706302399999
177592,-279.8082275390625,158.0,1124,99,0.02043646201491356,1778,354982,0.0022859638556838036,475.04734327
178224,-278.119140625,158.0,1128,99,0.021868348121643066,1784,356246,0.0022766306065022945,475.28428238
178856,-278.84100341796875,158.0,1132,99,0.020663833245635033,1791,357510,0.002264396520331502,475.65085245999995
179488,-278.75103759765625,158.0,1136,99,0.02035880833864212,1797,358774,0.0022922325879335403,475.6723624300001
180120,-278.46881103515625,158.0,1140,99,0.0169332567602396,1804,360038,0.0022759968414902687,475.68014404
180752,-278.68780517578125,158.0,1144,99,0.02056938223540783,1810,361302,0.0022808301728218794,475.87289418999995
181384,-278.9021301269531,158.0,1148,99,0.020993774756789207,1816,362566,0.002289293333888054,475.98800662999986
182016,-277.7962951660156,158.0,1152,99,0.0198933444917202,1822,363830,0.0023171580396592617,476.0957685000001
182648,-278.25848388671875,158.0,1156,99,0.01962398551404476,1829,365094,0.002280382439494133,476.1116736000001
183280,-278.27447509765625,158.0,1160,99,0.02076871506869793,1835,366358,0.002290818840265274,476.32766633999995
183912,-278.42047119140625,158.0,1164,99,0.01816663146018982,1841,367622,0.0022751560900360346,476.50558929
184544,-278.23870849609375,158.0,1168,99,0.01955164410173893,1848,368886,0.0022450443357229233,476.40504562999996
185176,-279.079833984375,158.0,1172,99,0.0206748079508543,1854,370150,0.002265277784317732,476.5455732
185808,-278.69183349609375,158.0,1176,99,0.015626367181539536,1860,371414,0.002270506462082267,476.7402876799999
186440,-279.00897216796875,158.0,1180,99,0.01956040784716606,1867,372678,0.0022717779502272606,476.82984142999993
187072,-279.094970703125,158.0,1184,99,0.018049823120236397,1873,373942,0.0022739639971405268,476.72412246
187704,-278.7011413574219,158.0,1188,99,0.022793129086494446,1879,375206,0.0022599201183766127,476.5934916399999
188336,-278.141845703125,158.0,1192,99,0.021870970726013184,1886,376470,0.002263979986310005,476.5705198600001
188968,-278.7411804199219,158.0,1196,99,0.02034784108400345,1892,377734,0.0022417816799134016,476.93663011000007
189600,-278.4294128417969,158.0,1200,99,0.020110255107283592,1898,378998,0.0022475251462310553,477.09051521000004
190232,-279.05511474609375,158.0,1204,99,0.020087681710720062,1905,380262,0.002221120288595557,476.81868434999996
190864,-278.50323486328125,158.0,1208,99,0.020741160959005356,1911,381526,0.002256688429042697,476.76526613000004
191496,-279.72552490234375,158.0,1212,99,0.021272988989949226,1917,382790,0.00225021131336689,476.87605666999997
192128,-279.72607421875,158.0,1216,99,0.021493591368198395,1923,384054,0.0022495363373309374,476.9354648200001
192760,-278.8497009277344,158.0,1220,99,0.02111878991127014,1930,385318,0.002222524955868721,477.0007288500001
193392,-279.4105224609375,158.0,1224,99,0.016797009855508804,1936,386582,0.0021793951746076345,477.2104993300001
194024,-279.59552001953125,158.0,1228,99,0.018051600083708763,1942,387846,0.00218386622145772,477.42942604
194656,-278.6578369140625,158.0,1232,99,0.01753024384379387,1949,389110,0.0021933894604444504,477.47600723000005
195288,-279.322021484375,158.0,1236,99,0.016337869688868523,1956,390374,0.0022094615269452333,477.58969048000006
195920,-279.7945251464844,158.0,1240,99,0.01880224235355854,1962,391638,0.002176455222070217,477.79796115
196552,-279.557861328125,158.0,1244,99,0.01809774897992611,1969,392902,0.0021978544536978006,477.91389601
197184,-279.0856628417969,158.0,1248,99,0.017329838126897812,1975,394166,0.002172320382669568,478.1015101400001
197816,-279.69061279296875,158.0,1252,99,0.018724782392382622,1982,395430,0.002162934048101306,478.32362191999994
198448,-279.2951965332031,158.0,1256,99,0.02265581674873829,1988,396694,0.0021829302422702312,478.62717741000006
199080,-279.58209228515625,158.0,1260,99,0.01566367782652378,1995,397958,0.002165332203730941,478.80884838
199712,-279.94903564453125,158.0,1264,99,0.018049344420433044,2001,399222,0.0021996935829520226,478.81131185
200344,-279.2335510253906,158.0,1268,99,0.022526932880282402,2007,400486,0.0021862168796360493,478.82152881999997
200976,-279.78546142578125,158.0,1272,99,0.020034657791256905,2014,401750,0.002146130660548806,478.5409645
201608,-280.4154357910156,158.0,1276,99,0.019513171166181564,2020,403014,0.002136410214006901,478.62889867000007
202240,-279.85394287109375,158.0,1280,99,0.01906035840511322,2027,404278,0.00216765352524817,478.51498822
202872,-279.9589538574219,158.0,1284,99,0.018195200711488724,2033,405542,0.002167763188481331,478.68380190000005
203504,-280.1806335449219,158.0,1288,99,0.019772103056311607,2040,406806,0.0021819956600666046,478.87402471999997
204136,-279.7228698730469,158.0,1292,99,0.01865077205002308,2046,408070,0.0021636788733303547,479.05536286
204768,-279.9925537109375,158.0,1296,99,0.021108532324433327,2053,409334,0.002152207773178816,478.97873948
205400,-280.05804443359375,158.0,1300,99,0.017172036692500114,2059,410598,0.002184262964874506,478.65490450000004
206032,-279.9013671875,158.0,1304,99,0.020690372213721275,2065,411862,0.002142846118658781,478.93696508
206664,-281.1642761230469,158.0,1308,99,0.017158260568976402,2071,413126,0.0021324593108147383,478.93287984
207296,-281.0203857421875,158.0,1312,99,0.019094666466116905,2077,414390,0.0021399371325969696,478.9983042
207928,-280.6998596191406,158.0,1316,99,0.016155505552887917,2084,415654,0.0021323058754205704,479.10535281000006
208560,-280.63555908203125,158.0,1320,99,0.01787153258919716,2090,416918,0.0021237011533230543,479.14702105
209192,-280.6418151855469,158.0,1324,99,0.030672496184706688,2097,418182,0.0022889592219144106,479.17693098999996
209824,-280.5169677734375,158.0,1328,99,0.02503127232193947,2103,419446,0.002178385155275464,478.9475682
210456,-280.9375,158.0,1332,99,0.01649816706776619,2110,420710,0.0021324269473552704,479.01018970000007
211088,-280.67498779296875,158.0,1336,99,0.019155651330947876,2116,421974,0.0021028323099017143,479.1527605900001
211720,-280.64324951171875,158.0,1340,99,0.019414080306887627,2122,423238,0.002094713971018791,479.37925147999994
212352,-281.7616882324219,158.0,1344,99,0.016008321195840836,2129,424502,0.0020878231152892113,479.40914539
212984,-281.52593994140625,158.0,1348,99,0.01796533539891243,2135,425766,0.002096747513860464,479.42608334
213616,-280.76385498046875,158.0,1352,99,0.019073117524385452,2141,427030,0.0020941237453371286,479.57135267999996
214248,-281.7935485839844,158.0,1356,99,0.017360687255859375,2148,428294,0.0020997512619942427,479.6088084
214880,-281.3656005859375,158.0,1360,99,0.017488835379481316,2154,429558,0.002099673030897975,479.59483544
215512,-282.1666564941406,158.0,1364,99,0.01741257682442665,2161,430822,0.0020912806503474712,479.87709583
216144,-282.37255859375,158.0,1368,99,0.017435332760214806,2167,432086,0.002089552115648985,480.14317149999994
216776,-282.3281555175781,158.0,1372,99,0.017182329669594765,2173,433350,0.002098308876156807,480.59722208000005
217408,-281.96942138671875,158.0,1376,99,0.018385564908385277,2179,434614,0.002121316734701395,480.8039930000001
218040,-280.849609375,158.0,1380,99,0.016735663637518883,2186,435878,0.0021058786660432816,481.18514243
218672,-281.8942565917969,158.0,1384,99,0.017443232238292694,2192,437142,0.002090083435177803,481.39407454
219304,-282.7845153808594,158.0,1388,99,0.01707329787313938,2198,438406,0.002096698619425297,481.66388848
219936,-281.63201904296875,158.0,1392,99,0.017299920320510864,2204,439670,0.0020814675372093916,481.72013501999993
220568,-282.60845947265625,158.0,1396,99,0.016401758417487144,2211,440934,0.00208947341889143,481.91305086
221200,-282.1702880859375,158.0,1400,99,0.01863798499107361,2217,442198,0.002093261107802391,482.4839925699999
221832,-283.1175537109375,158.0,1404,99,0.018293768167495728,2223,443462,0.002086557447910309,482.5141961500001
222464,-282.45245361328125,158.0,1408,99,0.01656220480799675,2230,444726,0.0020764979999512434,482.77284341000006
223096,-282.5370178222656,158.0,1412,99,0.017948685213923454,2236,445990,0.002080552512779832,482.84440243999995
223728,-282.974609375,158.0,1416,99,0.01779726892709732,2243,447254,0.0020971724297851324,483.10507104000004
224360,-282.92584228515625,158.0,1420,99,0.01781834475696087,2249,448518,0.0020783613435924053,483.19706479
224992,-284.3515319824219,158.0,1424,99,0.019171711057424545,2255,449782,0.002094525145366788,483.32854543
225624,-283.7442321777344,158.0,1428,99,0.01610405370593071,2262,451046,0.0020730788819491863,483.63474457000007
226256,-283.7435302734375,158.0,1432,99,0.01782633364200592,2268,452310,0.00205582519993186,483.74768125
226888,-284.19818115234375,158.0,1436,99,0.015341902151703835,2274,453574,0.0020423932000994682,483.82810393
227520,-284.40673828125,158.0,1440,99,0.01665280945599079,2281,454838,0.002050821902230382,483.72051401
228152,-284.42596435546875,158.0,1444,99,0.01667763479053974,2287,456102,0.0020232105161994696,483.89448859
228784,-284.8944091796875,158.0,1448,99,0.01760532334446907,2293,457366,0.0020315940491855145,483.97704393
229416,-284.9976501464844,158.0,1452,99,0.014675673097372055,2300,458630,0.002028906485065818,484.03283315999994
230048,-285.65789794921875,158.0,1456,99,0.017513208091259003,2306,459894,0.002031909069046378,484.09805940000007
230680,-285.31072998046875,158.0,1460,99,0.01738661900162697,2312,461158,0.00206415681168437,484.21709888
231312,-285.0748291015625,158.0,1464,99,0.01691625267267227,2318,462422,0.002037482801824808,484.30819972999996
231944,-285.08843994140625,158.0,1468,99,0.017143435776233673,2324,463686,0.002041205298155546,484.42019776999996
232576,-285.4739990234375,158.0,1472,99,0.015373369678854942,2330,464950,0.0020229278597980738,484.44943189
233208,-285.1475524902344,158.0,1476,99,0.015651682391762733,2337,466214,0.002027861075475812,484.50191635000004
233840,-285.5162353515625,158.0,1480,99,0.016089648008346558,2343,467478,0.002025594701990485,484.54615206999995
234472,-285.35247802734375,158.0,1484,99,0.01707480661571026,2349,468742,0.0020288650412112474,484.50313203999997
235104,-285.7965087890625,158.0,1488,99,0.01624889485538006,2356,470006,0.0020155140664428473,484.3828611
235736,-285.2882080078125,158.0,1492,99,0.01588360033929348,2362,471270,0.0020165310706943274,484.61384765
236368,-285.27618408203125,158.0,1496,99,0.015855133533477783,2368,472534,0.0020059088710695505,484.76682280999995
237000,-286.4381408691406,158.0,1500,99,0.015908880159258842,2374,473798,0.002007946139201522,484.76419140999997
237632,-287.01287841796875,158.0,1504,99,0.01710178330540657,2380,475062,0.0019913981668651104,485.09311020999996
238264,-286.576904296875,158.0,1508,99,0.01676991768181324,2386,476326,0.002003367291763425,485.08949135
238896,-286.67999267578125,158.0,1512,99,0.01966973766684532,2393,477590,0.00200178986415267,485.30252524
239528,-286.6979064941406,158.0,1516,99,0.016948742792010307,2399,478854,0.0019778406713157892,485.3395036
240160,-286.67474365234375,158.0,1520,99,0.01637302339076996,2406,480118,0.0019842491019517183,485.52578327000003
240792,-287.342041015625,158.0,1524,99,0.01695292443037033,2413,481382,0.001987396739423275,485.60312709000004
241424,-287.50250244140625,158.0,1528,99,0.01575349271297455,2419,482646,0.001982583664357662,485.62789745999993
242056,-287.39337158203125,158.0,1532,99,0.01742224581539631,2425,483910,0.0019792579114437103,485.73188945000004
242688,-287.34393310546875,158.0,1536,99,0.01650344580411911,2432,485174,0.0019850460812449455,485.84729139
243320,-288.12078857421875,158.0,1540,99,0.015982314944267273,2438,486438,0.0019970599096268415,486.1326848499999
243952,-287.95025634765625,158.0,1544,99,0.017134997993707657,2445,487702,0.001985951093956828,486.1614157099999
244584,-287.73089599609375,158.0,1548,99,0.01520276628434658,2451,488966,0.00200386019423604,486.2316479299999
245216,-288.2464904785156,158.0,1552,99,0.015636377036571503,2458,490230,0.0019951267167925835,486.2182416099999
245848,-288.6889343261719,158.0,1556,99,0.01673141121864319,2464,491494,0.001978886080905795,486.28772526999984
246480,-288.7090759277344,158.0,1560,99,0.015990758314728737,2471,492758,0.0019879986066371202,486.36140438999996
247112,-289.0092468261719,158.0,1564,99,0.015088723972439766,2477,494022,0.0019574202597141266,486.3035729200001
247744,-289.3125,158.0,1568,99,0.0156463161110878,2484,495286,0.0019769412465393543,486.1626558
248376,-289.8216552734375,158.0,1572,99,0.01669357158243656,2491,496550,0.001973776612430811,486.25089257
249008,-289.7832336425781,158.0,1576,99,0.015879575163125992,2497,497814,0.001980363391339779,486.25941309
249640,-290.12884521484375,158.0,1580,99,0.015999799594283104,2504,499078,0.002001265762373805,486.15727187
250272,-289.95098876953125,158.0,1584,99,0.019335497170686722,2510,500342,0.001988758100196719,486.3822733
250904,-290.7420654296875,158.0,1588,99,0.017010578885674477,2517,501606,0.0019776381086558104,486.51933858999996
251536,-290.96881103515625,158.0,1592,99,0.017050867900252342,2523,502870,0.0019653071649372578,486.43876094
252168,-291.2806091308594,158.0,1596,99,0.021506452932953835,2530,504134,0.0019699479453265667,486.42197089999996
252800,-291.70648193359375,158.0,1600,99,0.014767992310225964,2536,505398,0.0019533466547727585,486.36813314999995
253432,-292.12384033203125,158.0,1604,99,0.01575101725757122,2542,506662,0.001988318981602788,486.0238394900001
254064,-292.329833984375,158.0,1608,99,0.01867888867855072,2549,507926,0.001992634730413556,486.0876143800001
254696,-292.64886474609375,158.0,1612,99,0.018469715490937233,2555,509190,0.0019631979521363974,485.89352325
255328,-293.15496826171875,158.0,1616,99,0.014607458375394344,2562,510454,0.0019679178949445486,485.91437213999995
255960,-293.46356201171875,158.0,1620,99,0.017374392598867416,2568,511718,0.0019865857902914286,485.88049124
256592,-293.66015625,158.0,1624,99,0.019476130604743958,2574,512982,0.0019462063210085034,485.83934057000005
257224,-294.2998046875,158.0,1628,99,0.01715902052819729,2581,514246,0.001975552411749959,485.88286272000005
257856,-294.329345703125,158.0,1632,99,0.020589718595147133,2587,515510,0.001956973224878311,485.83426808
258488,-294.9451904296875,158.0,1636,99,0.017177602276206017,2593,516774,0.001958160661160946,485.71508947999996
259120,-295.482177734375,158.0,1640,99,0.018879026174545288,2599,518038,0.0019448258681222796,485.59602768
259752,-295.677490234375,158.0,1644,99,0.017393941059708595,2605,519302,0.0019275658996775746,485.39568834000005
260384,-296.30072021484375,158.0,1648,99,0.017768502235412598,2612,520566,0.0019338814308866858,485.3186480299999
261016,-296.653076171875,158.0,1652,99,0.019085006788372993,2618,521830,0.0019073706353083253,485.29735032
261648,-296.9488525390625,158.0,1656,99,0.020601846277713776,2624,523094,0.001900478033348918,485.22251199000004
262280,-297.4348449707031,158.0,1660,99,0.020555350929498672,2631,524358,0.0018955925479531288,485.1763655100001
262912,-297.73828125,158.0,1664,99,0.01941821537911892,2637,525622,0.0019068586407229304,485.11530699
263544,-298.4487609863281,158.0,1668,99,0.017008943483233452,2644,526886,0.0018738012295216322,485.26798434999995
264176,-298.5422668457031,158.0,1672,99,0.016282040625810623,2650,528150,0.0018765975255519152,485.25852567000004
264808,-298.9822692871094,158.0,1676,99,0.02106836810708046,2656,529414,0.001861589727923274,485.1994226300001
265440,-299.5711364746094,158.0,1680,99,0.01876833289861679,2663,530678,0.0018635133747011423,485.39859234000005
266072,-299.9233703613281,158.0,1684,99,0.018645675852894783,2669,531942,0.0018821294652298093,485.26920851
266704,-300.2325439453125,158.0,1688,99,0.020644690841436386,2676,533206,0.0018864780431613326,485.24638985999997
267336,-300.45001220703125,158.0,1692,99,0.0196332186460495,2682,534470,0.0018873463850468397,485.24737994
267968,-300.75482177734375,158.0,1696,99,0.017915843054652214,2688,535734,0.0018993817502632737,485.0744095499999
268600,-301.23822021484375,158.0,1700,99,0.019272733479738235,2695,536998,0.001885163364931941,485.14269936
269232,-301.53662109375,158.0,1704,99,0.019670309498906136,2701,538262,0.0018978192238137126,485.3351148
269864,-301.9041748046875,158.0,1708,99,0.019544392824172974,2708,539526,0.0018884338205680251,485.3108543
270496,-302.04681396484375,158.0,1712,99,0.020192503929138184,2714,540790,0.0018626819364726543,485.2338059599999
271128,-302.51934814453125,158.0,1716,99,0.01869727112352848,2720,542054,0.0018591457046568394,485.26122906000006
271760,-302.6009521484375,158.0,1720,99,0.015534642152488232,2727,543318,0.0018444975139573216,485.1688340300001
272392,-302.85662841796875,158.0,1724,99,0.01878073439002037,2733,544582,0.0018666456453502178,485.28818889
273024,-303.1212158203125,158.0,1728,99,0.0187283456325531,2739,545846,0.0018628621473908424,485.32474485
273656,-303.6333923339844,158.0,1732,99,0.02083180472254753,2746,547110,0.0018996753497049212,485.31348963999994
274288,-303.407470703125,158.0,1736,99,0.020384248346090317,2752,548374,0.0018936267588287592,485.41880504999995
274920,-303.6111145019531,158.0,1740,99,0.023524507880210876,2759,549638,0.0018871527863666415,485.56912633
275552,-303.9033508300781,158.0,1744,99,0.0197738204151392,2765,550902,0.0018634271109476686,485.80055135
276184,-304.02227783203125,158.0,1748,99,0.0192718543112278,2771,552166,0.0018719581421464682,485.82193162999994
276816,-304.0596923828125,158.0,1752,99,0.019696246832609177,2778,553430,0.0018628515535965562,486.01003145999994
277448,-304.27569580078125,158.0,1756,99,0.022805770859122276,2784,554694,0.0018444182351231575,486.16013425999995
278080,-304.5901794433594,158.0,1760,99,0.018941670656204224,2790,555958,0.0018578075105324388,486.12611152000005
278712,-304.6526184082031,158.0,1764,99,0.02192481979727745,2797,557222,0.001890793675556779,486.18088518999997
279344,-305.09222412109375,158.0,1768,99,0.01871250942349434,2803,558486,0.0018906781915575266,486.17026115
279976,-304.9120788574219,158.0,1772,99,0.020784875378012657,2810,559750,0.0018870620988309383,486.09448861
280608,-305.2264099121094,158.0,1776,99,0.02450486645102501,2816,561014,0.0018486878834664822,486.18462177000004
281240,-305.4706115722656,158.0,1780,99,0.023450348526239395,2823,562278,0.0018349188612774014,486.17995906
281872,-305.63446044921875,158.0,1784,99,0.020626235753297806,2829,563542,0.0018081222660839558,486.3294004300001
282504,-305.91839599609375,158.0,1788,99,0.018966475501656532,2835,564806,0.0018118999432772398,486.50623827999993
283136,-306.17279052734375,158.0,1792,99,0.019287262111902237,2842,566070,0.0017978879623115063,486.63627684
283768,-305.88604736328125,158.0,1796,99,0.01898779161274433,2848,567334,0.0018202982610091567,486.8696628800001
284400,-306.142333984375,158.0,1800,99,0.018657488748431206,2855,568598,0.001802054001018405,487.05458961
285032,-306.2461242675781,158.0,1804,99,0.018086837604641914,2861,569862,0.0017962135607376695,487.14895196
285664,-306.52886962890625,158.0,1808,99,0.021221602335572243,2867,571126,0.001794667448848486,487.2842159
286296,-306.377197265625,158.0,1812,99,0.019240623340010643,2873,572390,0.0017887057038024068,487.53761705
286928,-306.5745849609375,158.0,1816,99,0.01864941604435444,2880,573654,0.0017863183747977018,487.61403347999993
287560,-306.57489013671875,158.0,1820,99,0.020644957199692726,2886,574918,0.0017869462026283145,487.82485502
288192,-306.7796630859375,158.0,1824,99,0.019793326035141945,2892,576182,0.0017896160716190934,487.94070987
288824,-306.73260498046875,158.0,1828,99,0.01882370002567768,2898,577446,0.001797051401808858,488.15853571
289456,-306.7344665527344,158.0,1832,99,0.01751808263361454,2904,578710,0.0017722591292113066,488.25750234
290088,-307.0117492675781,158.0,1836,99,0.02027220092713833,2911,579974,0.0017918156227096915,488.38578803
290720,-307.1705322265625,158.0,1840,99,0.022064050659537315,2917,581238,0.0017866736743599176,488.61460729
291352,-307.24847412109375,158.0,1844,99,0.019904663786292076,2923,582502,0.001800104626454413,488.76488919
291984,-307.1223449707031,158.0,1848,99,0.017111025750637054,2930,583766,0.0017762964125722647,489.07901239
292616,-307.41650390625,158.0,1852,99,0.02071188949048519,2936,585030,0.0018291558371856809,488.9449088200001
293248,-307.40887451171875,158.0,1856,99,0.02244868502020836,2943,586294,0.0018295255722478032,488.84913247
293880,-307.52264404296875,158.0,1860,99,0.020896559581160545,2949,587558,0.0018229805864393711,489.00836547000006
294512,-307.1614990234375,158.0,1864,99,0.024930709972977638,2955,588822,0.0017907146830111742,489.20680230000005
295144,-307.1654357910156,158.0,1868,99,0.01937304437160492,2962,590086,0.0017712553963065147,489.46683060000004
295776,-307.3397216796875,158.0,1872,99,0.01624855399131775,2968,591350,0.0018029067432507873,489.73381025
296408,-307.0774230957031,158.0,1876,99,0.019590949639678,2974,592614,0.0018613552674651146,489.60005645999996
297040,-307.10809326171875,158.0,1880,99,0.03073757141828537,2980,593878,0.0018909000791609287,489.19977342
297672,-306.9916687011719,158.0,1884,99,0.022216487675905228,2987,595142,0.0018317009089514613,489.1409328099999
298304,-306.96954345703125,158.0,1888,99,0.03184772655367851,2993,596406,0.0018369840690866113,488.67120329000005
298936,-306.9229736328125,158.0,1892,99,0.018866876140236855,3000,597670,0.0018280597869306803,488.65269544
299568,-306.70904541015625,158.0,1896,99,0.020837320014834404,3006,598934,0.001792878843843937,488.77216624
300200,-306.7073974609375,158.0,1900,99,0.018644919618964195,3012,600198,0.001776021090336144,488.71449425
300832,-306.76788330078125,158.0,1904,99,0.021145600825548172,3019,601462,0.0017691502580419183,488.98616436000003
301464,-306.69122314453125,158.0,1908,99,0.020160194486379623,3025,602726,0.001780411577783525,488.9538708299999
302096,-306.45025634765625,158.0,1912,99,0.020599815994501114,3031,603990,0.00176638038828969,488.96597104999995
302728,-306.3591003417969,158.0,1916,99,0.023325806483626366,3038,605254,0.0017914262134581804,488.8967853
303360,-306.65020751953125,158.0,1920,99,0.02221081592142582,3044,606518,0.0017785202944651246,488.89170007999996
303992,-306.32098388671875,158.0,1924,99,0.03597637265920639,3050,607782,0.0018425468588247895,488.69029573999995
304624,-306.20391845703125,158.0,1928,99,0.019240112975239754,3057,609046,0.001801359816454351,488.45068487
305256,-306.16448974609375,158.0,1932,99,0.017691517248749733,3063,610310,0.0017409541178494692,488.51731681999996
305888,-306.22772216796875,158.0,1936,99,0.01588527299463749,3069,611574,0.0017356360331177711,488.3480589699999
306520,-306.07269287109375,158.0,1940,99,0.01629135198891163,3076,612838,0.001749781658872962,488.2207324099999
307152,-305.9863586425781,158.0,1944,99,0.01743861474096775,3082,614102,0.001758888247422874,488.33912062
307784,-305.99420166015625,158.0,1948,99,0.019767042249441147,3088,615366,0.0017414995236322284,488.31032703
308416,-306.1240234375,158.0,1952,99,0.019076241180300713,3094,616630,0.0017507431330159307,488.62236359999997
309048,-306.05181884765625,158.0,1956,99,0.019274622201919556,3101,617894,0.00175032252445817,488.98808281
309680,-306.3471984863281,158.0,1960,99,0.013888569548726082,3107,619158,0.0017443469259887934,489.1943742799999
310312,-306.2895202636719,158.0,1964,99,0.016932183876633644,3114,620422,0.0017258768202736974,489.33669007000003
310944,-306.1876220703125,158.0,1968,99,0.018544532358646393,3120,621686,0.0017379050841555,489.47218924999993
311576,-306.52099609375,158.0,1972,99,0.019846942275762558,3126,622950,0.0017268902156502008,489.54822039
312208,-306.4803771972656,158.0,1976,99,0.01622038707137108,3133,624214,0.0017088528256863356,490.00961620000004
312840,-306.245361328125,158.0,1980,99,0.02324226126074791,3139,625478,0.0017090118490159512,490.63490256999995
313472,-306.5487060546875,158.0,1984,99,0.016557930037379265,3145,626742,0.0017231082310900092,490.90180010999995
314104,-306.57928466796875,158.0,1988,99,0.01804579608142376,3151,628006,0.0017281315522268414,491.56318854
314736,-306.5216979980469,158.0,1992,99,0.01655394956469536,3158,629270,0.0017224829643964767,491.81189852999995
315368,-306.8345947265625,158.0,1996,99,0.019113939255475998,3164,630534,0.0016994324978441,491.96243157
316000,-307.1104736328125,158.0,2000,99,0.016016660258173943,3170,631798,0.0016970549477264285,492.2172503899999
316632,-306.94305419921875,158.0,2004,99,0.02124195732176304,3177,633062,0.0017207337077707052,492.21220270999993
317264,-307.16607666015625,158.0,2008,99,0.016772514209151268,3183,634326,0.0017355225281789899,492.50897061
317896,-307.18829345703125,158.0,2012,99,0.02466440014541149,3190,635590,0.001783115090802312,492.54486326999984
318528,-307.41168212890625,158.0,2016,99,0.01941874623298645,3196,636854,0.001746197696775198,492.3060444999999
319160,-307.49017333984375,158.0,2020,99,0.019418936222791672,3202,638118,0.0017203218303620815,492.43838080000006
319792,-307.74468994140625,158.0,2024,99,0.019924599677324295,3209,639382,0.0016945118550211191,492.67407475
320424,-307.76800537109375,158.0,2028,99,0.018884293735027313,3215,640646,0.0016897714231163263,492.97845656
321056,-308.0086669921875,158.0,2032,99,0.017985966056585312,3221,641910,0.0016722070286050439,493.1631385900001
321688,-308.32513427734375,158.0,2036,99,0.019216002896428108,3227,643174,0.0016739406855776906,493.49886669000006
322320,-307.9906311035156,158.0,2040,99,0.017430255189538002,3234,644438,0.001676053274422884,493.6188675900001
322952,-308.10858154296875,158.0,2044,99,0.016503309831023216,3240,645702,0.001682471833191812,493.6550982
323584,-308.5184631347656,158.0,2048,99,0.01851654052734375,3246,646966,0.0016818084986880422,493.77237338
324216,-308.5948486328125,158.0,2052,99,0.018259014934301376,3252,648230,0.001674673636443913,493.74015812
324848,-308.874267578125,158.0,2056,99,0.022689271718263626,3258,649494,0.0016627460718154907,493.5375762499999
325480,-308.9674072265625,158.0,2060,99,0.020347489044070244,3265,650758,0.0016811838140711188,493.33640692000006
326112,-309.051513671875,158.0,2064,99,0.0183331910520792,3271,652022,0.0016757934354245663,493.25476990000004
326744,-309.26849365234375,158.0,2068,99,0.017799964174628258,3277,653286,0.0016638055676594377,493.1845629900001
327376,-309.37786865234375,158.0,2072,99,0.015215746127068996,3283,654550,0.001673596678301692,493.26864176
328008,-309.54150390625,158.0,2076,99,0.017107922583818436,3289,655814,0.0016519972123205662,493.2460601700001
328640,-309.9537048339844,158.0,2080,99,0.014379492029547691,3296,657078,0.0016698595136404037,493.30912747
329272,-309.7077941894531,158.0,2084,99,0.01681104116141796,3302,658342,0.0016616916982457042,493.3244368000001
329904,-309.9881286621094,158.0,2088,99,0.018336093053221703,3308,659606,0.0016609923914074898,493.37011128000006
330536,-309.9448547363281,158.0,2092,99,0.01512178499251604,3314,660870,0.0016562769887968898,493.44744996000003
331168,-310.34893798828125,158.0,2096,99,0.019916603341698647,3321,662134,0.0016513238660991192,493.3594700599999
331800,-310.203857421875,158.0,2100,99,0.017678843811154366,3327,663398,0.0016745569882914424,493.40507540000004
332432,-310.34222412109375,158.0,2104,99,0.035418663173913956,3333,664662,0.0017754114232957363,493.34185758000007
333064,-310.87750244140625,158.0,2108,99,0.04404384642839432,3339,665926,0.0017886008135974407,493.06857683999993
333696,-310.57586669921875,158.0,2112,99,0.025933153927326202,3345,667190,0.0017028531292453408,493.05686349
334328,-310.711669921875,158.0,2116,99,0.02915503829717636,3352,668454,0.0017004611436277628,493.48802926
334960,-310.8685302734375,158.0,2120,99,0.021388722583651543,3358,669718,0.0016987891867756844,493.5102718000001
335592,-310.9580078125,158.0,2124,99,0.021063262596726418,3364,670982,0.0016791808884590864,493.62262893
336224,-310.642822265625,158.0,2128,99,0.0175095796585083,3370,672246,0.0016554645262658596,493.65534564
336856,-311.135986328125,158.0,2132,99,0.01905004121363163,3376,673510,0.0016548505518585443,493.59669511000016
337488,-311.2601318359375,158.0,2136,99,0.017672762274742126,3383,674774,0.0016458415193483233,493.42605197000006
338120,-311.3465576171875,158.0,2140,99,0.018715305253863335,3389,676038,0.0016441072802990675,493.49013853
338752,-311.19464111328125,158.0,2144,99,0.019046371802687645,3395,677302,0.0016535718459635973,493.49985055999997
339384,-311.15106201171875,158.0,2148,99,0.01934775710105896,3401,678566,0.0016604791162535548,493.56057302
340016,-311.59918212890625,158.0,2152,99,0.01898275874555111,3407,679830,0.0016617869259789586,493.54256059
340648,-311.51580810546875,158.0,2156,99,0.018181966617703438,3414,681094,0.0016488594701513648,493.68370570999997
341280,-312.0059814453125,158.0,2160,99,0.019580747932195663,3420,682358,0.0016332811210304499,493.76426833000005
341912,-312.17779541015625,158.0,2164,99,0.02151443436741829,3426,683622,0.0016333013772964478,493.8655192500001
342544,-311.9671936035156,158.0,2168,99,0.018022412434220314,3433,684886,0.0016289707273244858,493.88724340999994
343176,-312.238525390625,158.0,2172,99,0.018402105197310448,3439,686150,0.0016268709441646934,493.92011269
343808,-312.0361328125,158.0,2176,99,0.018706677481532097,3446,687414,0.0016055675223469734,493.99384806999996
344440,-312.23822021484375,158.0,2180,99,0.019197482615709305,3453,688678,0.001618448761291802,494.07859920000004
345072,-312.8703918457031,158.0,2184,99,0.015171842649579048,3459,689942,0.001605797209776938,493.99542085999997
345704,-312.4937744140625,158.0,2188,99,0.017407894134521484,3466,691206,0.0016208398155868053,493.9542723500001
346336,-312.9835205078125,158.0,2192,99,0.017399057745933533,3472,692470,0.0015967111103236675,493.97703799000004
346968,-312.487548828125,158.0,2196,99,0.01694413833320141,3479,693734,0.0016114918980747461,494.10411734
347600,-312.96868896484375,158.0,2200,99,0.018917851150035858,3485,694998,0.0016471282579004765,493.99270976
348232,-312.6449279785156,158.0,2204,99,0.01920511946082115,3491,696262,0.0016870783874765038,494.04878655999994
348864,-313.1190185546875,158.0,2208,99,0.018827008083462715,3498,697526,0.0016582313692197204,494.20351728
349496,-313.3550109863281,158.0,2212,99,0.01562579721212387,3504,698790,0.0016371135134249926,494.45942486000007
350128,-313.71795654296875,158.0,2216,99,0.016729062423110008,3510,700054,0.0016177073121070862,494.54464532
350760,-313.7600402832031,158.0,2220,99,0.02013891190290451,3517,701318,0.0016174010233953595,494.55310704
351392,-313.96337890625,158.0,2224,99,0.016890404745936394,3524,702582,0.001626431941986084,494.54804755
352024,-313.6355285644531,158.0,2228,99,0.01620463840663433,3530,703846,0.0016137395286932588,494.62398274
352656,-313.86309814453125,158.0,2232,99,0.017697647213935852,3536,705110,0.0016035415465012193,494.7043862
353288,-313.4363708496094,158.0,2236,99,0.01895231381058693,3543,706374,0.0016222780104726553,494.86606876999997
353920,-314.0065002441406,158.0,2240,99,0.016638649627566338,3549,707638,0.0016259921249002218,494.81912392999993
354552,-314.4755859375,158.0,2244,99,0.030226675793528557,3555,708902,0.0016182010294869542,494.8292203400001
355184,-314.3791198730469,158.0,2248,99,0.028723470866680145,3562,710166,0.001659985980950296,494.69292521000006
355816,-313.88525390625,158.0,2252,99,0.023313824087381363,3568,711430,0.0016837897710502148,494.72867904
356448,-314.31878662109375,158.0,2256,99,0.0228973850607872,3574,712694,0.001670744502916932,494.5831687599999
357080,-314.3927917480469,158.0,2260,99,0.018296517431735992,3581,713958,0.0016285007586702704,494.6783201
357712,-314.7635498046875,158.0,2264,99,0.022267617285251617,3587,715222,0.0016090001445263624,494.5643253200001
358344,-314.1390380859375,158.0,2268,99,0.020628752186894417,3593,716486,0.0015925609041005373,494.4461868000001
358976,-314.9352722167969,158.0,2272,99,0.018332622945308685,3600,717750,0.0015753337647765875,494.36719195000006
359608,-314.64984130859375,158.0,2276,99,0.016976412385702133,3606,719014,0.0015829806216061115,494.33514974999997
360240,-314.4979553222656,158.0,2280,99,0.018308650702238083,3612,720278,0.00158713071141392,494.31178675999996
360872,-314.9190673828125,158.0,2284,99,0.022507959976792336,3619,721542,0.0015836714301258326,494.47827315
361504,-315.0849914550781,158.0,2288,99,0.015252463519573212,3625,722806,0.0015906257322058082,494.6290254799999
362136,-314.9578857421875,158.0,2292,99,0.018218835815787315,3631,724070,0.0015769617166370153,494.64011086
362768,-315.1037292480469,158.0,2296,99,0.018112104386091232,3638,725334,0.0015726604033261538,494.64022210999997
363400,-315.1858825683594,158.0,2300,99,0.027830542996525764,3644,726598,0.0016274310182780027,494.57046114999997
364032,-315.3199768066406,158.0,2304,99,0.022142643108963966,3650,727862,0.0016471212729811668,494.38600241999995
364664,-315.4897155761719,158.0,2308,99,0.025921834632754326,3656,729126,0.0016700825653970242,494.24528732
365296,-315.3825988769531,158.0,2312,99,0.016434233635663986,3663,730390,0.0016139488434419036,494.0745395999999
365928,-315.68511962890625,158.0,2316,99,0.01755508780479431,3669,731654,0.001590490574017167,494.1086429200001
366560,-315.07244873046875,158.0,2320,99,0.015120833180844784,3675,732918,0.001578292460180819,494.16522572
367192,-315.279296875,158.0,2324,99,0.020603159442543983,3682,734182,0.001567853381857276,494.26705726
367824,-315.656982421875,158.0,2328,99,0.017042867839336395,3688,735446,0.0015544064808636904,494.37027478
368456,-315.70635986328125,158.0,2332,99,0.01656929962337017,3695,736710,0.0015664425445720553,494.5032110199999
369088,-315.7705383300781,158.0,2336,99,0.014352629892528057,3701,737974,0.0015692879678681493,494.6155513
369720,-316.02191162109375,158.0,2340,99,0.016227012500166893,3707,739238,0.0015746128046885133,494.8113963800001
370352,-315.6131896972656,158.0,2344,99,0.01845022849738598,3714,740502,0.0015686184633523226,494.90228249000006
370984,-315.73486328125,158.0,2348,99,0.01624421402812004,3720,741766,0.0015762880211696029,495.14968124000006
371616,-315.3121337890625,158.0,2352,99,0.016340013593435287,3726,743030,0.0015789240133017302,495.28402395999996
372248,-315.4988708496094,158.0,2356,99,0.01724848337471485,3733,744294,0.0015753548359498382,495.44934764000004
372880,-315.7664794921875,158.0,2360,99,0.015406902879476547,3739,745558,0.001566037768498063,495.55575524999995
373512,-315.750244140625,158.0,2364,99,0.01803906261920929,3746,746822,0.0015629910631105304,495.82519606
374144,-315.71563720703125,158.0,2368,99,0.019584951922297478,3752,748086,0.001564203412272036,496.04770569
374776,-315.7452697753906,158.0,2372,99,0.016299717128276825,3759,749350,0.001555351889692247,496.1241858899999
375408,-315.6243591308594,158.0,2376,99,0.015944084152579308,3765,750614,0.0015763466944918036,496.22716174999994
376040,-316.48590087890625,158.0,2380,99,0.016084250062704086,3771,751878,0.001572684501297772,496.2866905
376672,-315.6661376953125,158.0,2384,99,0.018081054091453552,3778,753142,0.0015864785527810454,496.3202574999999
377304,-316.2334289550781,158.0,2388,99,0.015616284683346748,3784,754406,0.0015626453096047044,496.25550967000004
377936,-316.1246032714844,158.0,2392,99,0.016625618562102318,3790,755670,0.001567329396493733,496.31739117000006
378568,-315.9297180175781,158.0,2396,99,0.017307715490460396,3796,756934,0.001574115827679634,496.41564587
379200,-316.06951904296875,158.0,2400,99,0.016692763194441795,3803,758198,0.0015653710579499602,496.55993242999995
379832,-315.8521423339844,158.0,2404,99,0.018450474366545677,3810,759462,0.0015781751135364175,496.8280141
380464,-316.44091796875,158.0,2408,99,0.015109365805983543,3816,760726,0.0015724250115454197,497.21800850999995
381096,-315.90966796875,158.0,2412,99,0.017293399199843407,3823,761990,0.0015709912404417992,497.45242186
381728,-315.93865966796875,158.0,2416,99,0.01748482510447502,3829,763254,0.0015692745801061392,497.6125761299999
382360,-316.39794921875,158.0,2420,99,0.016561219468712807,3836,764518,0.0015579186147078872,497.8172630199999
382992,-316.04510498046875,158.0,2424,99,0.014493944123387337,3842,765782,0.0015619220212101936,497.93121719000004
383624,-315.9019775390625,158.0,2428,99,0.01679692603647709,3849,767046,0.0015629201661795378,497.94197394
384256,-316.1859130859375,158.0,2432,99,0.013301529921591282,3855,768310,0.0015575250145047903,497.96959082000006
384888,-315.8848571777344,158.0,2436,99,0.01710391603410244,3862,769574,0.0015559111488983035,497.9128207699999
385520,-316.0665283203125,158.0,2440,99,0.01799786277115345,3868,770838,0.0015397764509543777,497.89154072
386152,-316.10302734375,158.0,2444,99,0.014209959656000137,3875,772102,0.001573635614477098,498.0242600800001
386784,-316.15380859375,158.0,2448,99,0.015470417216420174,3881,773366,0.0015605431981384754,498.06852605000006
387416,-316.2445373535156,158.0,2452,99,0.017435157671570778,3888,774630,0.0015674976166337729,498.09136930000005
388048,-316.18023681640625,158.0,2456,99,0.018087642267346382,3894,775894,0.0015723095275461674,498.2818877
388680,-316.18475341796875,158.0,2460,99,0.01806185394525528,3901,777158,0.0015639371704310179,498.34001027
389312,-316.1159362792969,158.0,2464,99,0.016616441309452057,3908,778422,0.0015593187417834997,498.31334468000006
389944,-315.970458984375,158.0,2468,99,0.01880740374326706,3914,779686,0.0015612695133313537,498.3574781100001
390576,-316.171142578125,158.0,2472,99,0.014497293159365654,3920,780950,0.0015469886129722,498.4175216699999
391208,-316.1544189453125,158.0,2476,99,0.017308242619037628,3927,782214,0.0015436809044331312,498.46484825000005
391840,-316.23345947265625,158.0,2480,99,0.017779504880309105,3933,783478,0.0015574477147310972,498.51192245
392472,-315.84149169921875,158.0,2484,99,0.020473869517445564,3939,784742,0.0015300392406061292,498.51320262999997
393104,-316.1299743652344,158.0,2488,99,0.02080220729112625,3946,786006,0.0015350267058238387,498.53088548999995
393736,-316.15582275390625,158.0,2492,99,0.02014283835887909,3952,787270,0.001560096861794591,498.60842024
394368,-315.9481201171875,158.0,2496,99,0.014904321171343327,3959,788534,0.0015577402664348483,498.65796081
395000,-316.0888671875,158.0,2500,99,0.01671745628118515,3965,789798,0.0015452464576810598,498.71501089
395632,-316.4114074707031,158.0,2504,99,0.01706494577229023,3972,791062,0.0015366686275228858,498.86389581999987
396264,-316.19622802734375,158.0,2508,99,0.01646658219397068,3978,792326,0.0015460904687643051,498.9514674500001
396896,-315.9720458984375,158.0,2512,99,0.016667235642671585,3985,793590,0.0015395297668874264,498.96382537000005
397528,-315.9830017089844,158.0,2516,99,0.017952341586351395,3991,794854,0.001558055286295712,498.90292422000005
398160,-316.2662353515625,158.0,2520,99,0.01542619802057743,3997,796118,0.001556043978780508,498.88059851
398792,-315.9991149902344,158.0,2524,99,0.01722266525030136,4003,797382,0.0015429374761879444,498.82696206
399424,-316.22381591796875,158.0,2528,99,0.019717825576663017,4010,798646,0.0015413329238072038,498.83839236000006
400056,-316.3474426269531,158.0,2532,99,0.016431627795100212,4016,799910,0.001531550893560052,498.91630984000005
400688,-315.87493896484375,158.0,2536,99,0.015697715803980827,4023,801174,0.0015501424204558134,499.10235387
401320,-316.330322265625,158.0,2540,99,0.014130046591162682,4029,802438,0.0015299062943086028,499.1347998099999
401952,-316.322509765625,158.0,2544,99,0.019438184797763824,4036,803702,0.0015428941696882248,499.07645447999994
402584,-316.05487060546875,158.0,2548,99,0.014601855538785458,4042,804966,0.0015476895496249199,499.13175408999996
403216,-316.16375732421875,158.0,2552,99,0.015372125431895256,4049,806230,0.001553729991428554,499.24329498
403848,-316.16888427734375,158.0,2556,99,0.016093702986836433,4055,807494,0.0015406004386022687,499.1832958399999
404480,-316.4273986816406,158.0,2560,99,0.01898704096674919,4062,808758,0.0015356153016909957,499.3039698299999
405112,-316.28515625,158.0,2564,99,0.018127594143152237,4069,810022,0.0015492999227717519,499.3802489
405744,-316.25445556640625,158.0,2568,99,0.014322105795145035,4075,811286,0.001537842908874154,499.5399381099999
406376,-316.40869140625,158.0,2572,99,0.01296936720609665,4082,812550,0.0015301398234441876,499.63545693
407008,-316.5006103515625,158.0,2576,99,0.016489490866661072,4088,813814,0.0015581861371174455,499.72546426
407640,-316.5213928222656,158.0,2580,99,0.016628023236989975,4095,815078,0.001573661807924509,499.7595408200001
408272,-316.56427001953125,158.0,2584,99,0.01636161096394062,4101,816342,0.0015572308329865336,499.85366323999995
408904,-316.70550537109375,158.0,2588,99,0.013065263628959656,4107,817606,0.0015414961380884051,499.95389022
409536,-316.6771240234375,158.0,2592,99,0.017210327088832855,4113,818870,0.0015225430252030492,499.9871151300001
410168,-316.90008544921875,158.0,2596,99,0.017559591680765152,4120,820134,0.001522802864201367,499.96264350000007
410800,-316.6538391113281,158.0,2600,99,0.015538191422820091,4126,821398,0.0015257399063557386,500.10248078000006
411432,-316.6210021972656,158.0,2604,99,0.014688410796225071,4132,822662,0.0015165854711085558,500.07391832000013
412064,-316.6421203613281,158.0,2608,99,0.014428996481001377,4139,823926,0.0015232088044285774,500.00169694000004
412696,-316.421630859375,158.0,2612,99,0.02015065774321556,4145,825190,0.0015256977640092373,500.1110389800001
413328,-316.7191162109375,158.0,2616,99,0.014344535768032074,4151,826454,0.0015225408133119345,500.2319502100001
413960,-316.85015869140625,158.0,2620,99,0.019890308380126953,4157,827718,0.001527726766653359,500.28869187000004
414592,-316.8548583984375,158.0,2624,99,0.017619987949728966,4164,828982,0.001527772517874837,500.29879198000003
415224,-316.7432861328125,158.0,2628,99,0.015630407258868217,4170,830246,0.001507303910329938,500.38545493
415856,-316.9657897949219,158.0,2632,99,0.015088760294020176,4177,831510,0.0015170715050771832,500.3553257699999
416488,-316.75091552734375,158.0,2636,99,0.016624175012111664,4183,832774,0.0014934446662664413,500.3181630799999
417120,-316.72222900390625,158.0,2640,99,0.01596219278872013,4189,834038,0.0014980913838371634,500.29825761
417752,-317.0196533203125,158.0,2644,99,0.015442576259374619,4196,835302,0.0015218934277072549,500.34557982999996
418384,-316.8254089355469,158.0,2648,99,0.014897081069648266,4202,836566,0.0015209183329716325,500.34403694
419016,-316.9719543457031,158.0,2652,99,0.019278008490800858,4209,837830,0.0015197091270238161,500.2018300600001
419648,-317.3078308105469,158.0,2656,99,0.02252761274576187,4215,839094,0.0015113205881789327,500.0304026300001
420280,-316.7904052734375,158.0,2660,99,0.017233913764357567,4222,840358,0.0015435704262927175,499.92557151999995
420912,-316.8385009765625,158.0,2664,99,0.013177705928683281,4229,841622,0.001535224262624979,499.92370755
421544,-316.96722412109375,158.0,2668,99,0.018342791125178337,4235,842886,0.0015164060750976205,499.83703385
422176,-317.3123779296875,158.0,2672,99,0.019874844700098038,4241,844150,0.0015212541911751032,499.83424750000006
422808,-317.2029724121094,158.0,2676,99,0.01566905900835991,4247,845414,0.0015283365501090884,499.7805620600001
423440,-317.31195068359375,158.0,2680,99,0.01649719849228859,4254,846678,0.001518569770269096,499.72368528
424072,-316.8244934082031,158.0,2684,99,0.013672702945768833,4260,847942,0.001511398353613913,499.7041082399999
424704,-316.6419677734375,158.0,2688,99,0.017174169421195984,4267,849206,0.0015043900348246098,499.62574030000013
425336,-317.22515869140625,158.0,2692,99,0.01580013334751129,4273,850470,0.0014889755984768271,499.6489958
425968,-317.08795166015625,158.0,2696,99,0.01793096587061882,4280,851734,0.0015146774239838123,499.68986666999996
426600,-317.18157958984375,158.0,2700,99,0.01477737631648779,4286,852998,0.0014961139531806111,499.68846553000003
427232,-316.8446960449219,158.0,2704,99,0.01566394791007042,4293,854262,0.001512762508355081,499.79061949000004
427864,-317.11114501953125,158.0,2708,99,0.017581673339009285,4299,855526,0.0015128065133467317,499.93616798000005
428496,-317.21673583984375,158.0,2712,99,0.015225176699459553,4306,856790,0.0015013458905741572,499.96736258000004
429128,-317.211181640625,158.0,2716,99,0.016172828152775764,4312,858054,0.0015014446107670665,499.96304138999994
429760,-316.94354248046875,158.0,2720,99,0.013637329451739788,4318,859318,0.0014850806910544634,499.8313923200001
430392,-317.31036376953125,158.0,2724,99,0.015290469862520695,4324,860582,0.0014834217727184296,499.8742734700001
431024,-317.37823486328125,158.0,2728,99,0.018440494313836098,4331,861846,0.0014738356694579124,499.9023521000001
431656,-317.37060546875,158.0,2732,99,0.013762190006673336,4337,863110,0.0014820097712799907,499.94510164000013
432288,-316.91522216796875,158.0,2736,99,0.017548630014061928,4343,864374,0.0014892845647409558,500.01688799999994
432920,-317.01025390625,158.0,2740,99,0.013962741009891033,4349,865638,0.0014679826563224196,500.09676748
433552,-317.17205810546875,158.0,2744,99,0.019437003880739212,4356,866902,0.0014791907742619514,500.02796164
434184,-317.1085510253906,158.0,2748,99,0.017482871189713478,4362,868166,0.0014682249166071415,500.09788790000005
434816,-317.1365966796875,158.0,2752,99,0.016970492899417877,4369,869430,0.0014788833213970065,500.2209727300001
435448,-317.4754638671875,158.0,2756,99,0.02077045850455761,4375,870694,0.0014687668299302459,500.50682386
436080,-317.05157470703125,158.0,2760,99,0.01633545197546482,4382,871958,0.0014799605123698711,500.68359775000005
436712,-316.96429443359375,158.0,2764,99,0.013924634084105492,4388,873222,0.001484303385950625,500.77181499
437344,-317.150390625,158.0,2768,99,0.016728229820728302,4394,874486,0.0014802385121583939,500.7410213899999
437976,-317.0570373535156,158.0,2772,99,0.017629973590373993,4401,875750,0.0014566683676093817,500.8064340199999
438608,-317.2615966796875,158.0,2776,99,0.015178193338215351,4407,877014,0.001483485335484147,500.86309266000006
439240,-317.146484375,158.0,2780,99,0.013217815198004246,4414,878278,0.0014768789988011122,500.9597986199999
439872,-316.7227783203125,158.0,2784,99,0.018613295629620552,4420,879542,0.001481459359638393,500.98635726
440504,-317.4209899902344,158.0,2788,99,0.021144209429621696,4426,880806,0.0014973237412050366,501.08297287
441136,-317.3677062988281,158.0,2792,99,0.018682261928915977,4433,882070,0.0015107282670214772,501.08434371
441768,-317.6033020019531,158.0,2796,99,0.017765646800398827,4439,883334,0.001518815173767507,501.10552423
442400,-317.29388427734375,158.0,2800,99,0.02171945944428444,4445,884598,0.0014799407217651606,501.16356704
443032,-317.18304443359375,158.0,2804,99,0.01527167484164238,4452,885862,0.0014714895514771342,501.26640557999997
443664,-317.24249267578125,158.0,2808,99,0.018936796113848686,4458,887126,0.0014726681401953101,501.26279636
444296,-317.28094482421875,158.0,2812,99,0.017468765377998352,4464,888390,0.0014779146295040846,501.25736117999986
444928,-317.4398193359375,158.0,2816,99,0.019789258018136024,4471,889654,0.0014794926391914487,501.26144228
445560,-317.5566101074219,158.0,2820,99,0.017646942287683487,4477,890918,0.001482562511228025,501.3927243499999
446192,-317.40203857421875,158.0,2824,99,0.019108476117253304,4484,892182,0.0014868187718093395,501.5239604
446824,-317.44781494140625,158.0,2828,99,0.019213372841477394,4491,893446,0.0014853760367259383,501.5386604000001
447456,-317.6037902832031,158.0,2832,99,0.01937827467918396,4497,894710,0.0014852032763883471,501.5236885400001
448088,-317.31805419921875,158.0,2836,99,0.022915968671441078,4504,895974,0.001460233237594366,501.58961688999995
448720,-317.6920166015625,158.0,2840,99,0.02217910997569561,4510,897238,0.0014837435446679592,501.6428809000001
449352,-317.6590270996094,158.0,2844,99,0.01386116910725832,4516,898502,0.0014743629144504666,501.70500423
449984,-317.3001403808594,158.0,2848,99,0.01658918336033821,4523,899766,0.0014723549829795957,501.67173228
450616,-317.5395202636719,158.0,2852,99,0.022903449833393097,4529,901030,0.0014964821748435497,501.74556266
451248,-317.7489013671875,158.0,2856,99,0.02239329181611538,4535,902294,0.0015003904700279236,501.58745905
451880,-317.817138671875,158.0,2860,99,0.013743220828473568,4542,903558,0.0014796683099120855,501.3944703
452512,-317.47265625,158.0,2864,99,0.014022478833794594,4548,904822,0.0014644002076238394,501.40338601
453144,-317.4163818359375,158.0,2868,99,0.012979749590158463,4555,906086,0.0014727467205375433,501.54036148000006
453776,-317.7497863769531,158.0,2872,99,0.016363268718123436,4561,907350,0.001460900530219078,501.53656486
454408,-317.66064453125,158.0,2876,99,0.015199540182948112,4568,908614,0.0014474795898422599,501.5318420499999
455040,-317.7398681640625,158.0,2880,99,0.014040776528418064,4574,909878,0.0014368968550115824,501.58572394000004
455672,-317.51953125,158.0,2884,99,0.014435184188187122,4581,911142,0.0014419835060834885,501.71635198
456304,-317.6772766113281,158.0,2888,99,0.012450829148292542,4587,912406,0.001446865382604301,501.67120726
456936,-317.6837158203125,158.0,2892,99,0.017383679747581482,4594,913670,0.001452628057450056,501.6729080999999
457568,-317.63494873046875,158.0,2896,99,0.0169251449406147,4600,914934,0.0014456131029874086,501.77948635000007
458200,-317.6332092285156,158.0,2900,99,0.013660602271556854,4607,916198,0.0014345856616273522,501.82071721999995
458832,-317.7877197265625,158.0,2904,99,0.016043584793806076,4613,917462,0.0014353718142956495,501.82299989
459464,-317.56988525390625,158.0,2908,99,0.013897782191634178,4619,918726,0.0014250813983380795,501.83641432
460096,-317.59527587890625,158.0,2912,99,0.012628219090402126,4626,919990,0.001436395337805152,501.81765458999996
460728,-317.72296142578125,158.0,2916,99,0.013355898670852184,4632,921254,0.001436427584849298,501.80418463999996
461360,-317.9199523925781,158.0,2920,99,0.01519852690398693,4638,922518,0.0014349153498187661,501.85268919999993
461992,-317.76947021484375,158.0,2924,99,0.015444754622876644,4644,923782,0.001457379898056388,501.82247449000005
462624,-317.8487854003906,158.0,2928,99,0.02628830261528492,4650,925046,0.0014359933556988835,501.81549103000015
463256,-317.9382629394531,158.0,2932,99,0.013602195307612419,4656,926310,0.001442793756723404,501.88614546
463888,-317.6268310546875,158.0,2936,99,0.0239720419049263,4663,927574,0.0014603286981582642,501.79896276000005
464520,-317.7354736328125,158.0,2940,99,0.017904238775372505,4669,928838,0.001454612473025918,501.7247669800001
465152,-318.20111083984375,158.0,2944,99,0.014408234506845474,4675,930102,0.0014419244835153222,501.8182426200001
465784,-317.7804260253906,158.0,2948,99,0.021990500390529633,4681,931366,0.0014412177260965109,501.8785795400001
466416,-317.89129638671875,158.0,2952,99,0.02879365161061287,4687,932630,0.0014377775369212031,501.95819638
467048,-317.88006591796875,158.0,2956,99,0.01962043158710003,4693,933894,0.0014337307075038552,502.16748071
467680,-318.21746826171875,158.0,2960,99,0.0170694962143898,4700,935158,0.0014395811595022678,502.37325682000005
468312,-318.00140380859375,158.0,2964,99,0.02632060833275318,4706,936422,0.0014322978677228093,502.3937515100001
468944,-318.0262451171875,158.0,2968,99,0.015910355374217033,4712,937686,0.0014357516774907708,502.51937094
469576,-317.792724609375,158.0,2972,99,0.021021774038672447,4718,938950,0.0014308772515505552,502.57607915
470208,-318.03375244140625,158.0,2976,99,0.02240671031177044,4724,940214,0.001434922218322754,502.62003991999995
470840,-317.67706298828125,158.0,2980,99,0.017332548275589943,4731,941478,0.0014328990364447236,502.54788071
471472,-318.07818603515625,158.0,2984,99,0.019256429746747017,4737,942742,0.0014192729722708464,502.48850164
472104,-317.9289245605469,158.0,2988,99,0.013286270201206207,4743,944006,0.0014462412800639868,502.61760613000007
472736,-318.434814453125,158.0,2992,99,0.02209172211587429,4749,945270,0.0014330703997984529,502.72520951
473368,-318.31390380859375,158.0,2996,99,0.0347328707575798,4755,946534,0.001434684731066227,502.76499502
474000,-318.041015625,158.0,3000,99,0.023865442723035812,4761,947798,0.0014262921176850796,502.79272410000004
474632,-318.3698425292969,158.0,3004,99,0.01846214011311531,4768,949062,0.001429655123502016,502.71152572000005
475264,-318.2980041503906,158.0,3008,99,0.02186138741672039,4774,950326,0.0014254088746383786,502.7386023600001
475896,-317.9755859375,158.0,3012,99,0.01637014001607895,4780,951590,0.0014350193087011576,502.8403494600001
476528,-318.5000305175781,158.0,3016,99,0.01366074662655592,4786,952854,0.0014344576047733426,502.92920657
477160,-318.7530517578125,158.0,3020,99,0.022265594452619553,4792,954118,0.0014206698397174478,502.96862779
477792,-318.2281799316406,158.0,3024,99,0.02207295037806034,4799,955382,0.0014154700329527259,502.99807573999993
478424,-318.29132080078125,158.0,3028,99,0.014795449562370777,4805,956646,0.0014282235642895103,503.03280624
479056,-318.5435485839844,158.0,3032,99,0.017566904425621033,4812,957910,0.0014137343969196081,503.08448776999995
479688,-318.30633544921875,158.0,3036,99,0.01770772971212864,4818,959174,0.0014133185613900423,503.1656489
480320,-318.33050537109375,158.0,3040,99,0.017969198524951935,4825,960438,0.0014081456465646625,503.29789399999987
480952,-318.2884216308594,158.0,3044,99,0.02473360300064087,4831,961702,0.0014065303839743137,503.24829172000005
481584,-318.21820068359375,158.0,3048,99,0.021443966776132584,4838,962966,0.0014342771610245109,503.25226947000004
482216,-318.559326171875,158.0,3052,99,0.022384677082300186,4844,964230,0.0014115377562120557,503.2760546200001
482848,-318.4740295410156,158.0,3056,99,0.021424856036901474,4850,965494,0.0014139084378257394,503.36140967000006
483480,-318.51202392578125,158.0,3060,99,0.028077837079763412,4857,966758,0.0014031353639438748,503.33061564
484112,-318.2270812988281,158.0,3064,99,0.016268659383058548,4863,968022,0.0014062607660889626,503.3438554500001
484744,-318.5777893066406,158.0,3068,99,0.02080690860748291,4870,969286,0.001416998915374279,503.3411932099999
485376,-318.2300109863281,158.0,3072,99,0.0204353928565979,4876,970550,0.0014177632983773947,503.4082472999999
486008,-318.1983642578125,158.0,3076,99,0.024827484041452408,4883,971814,0.0014132404467090964,503.40526472
486640,-318.4389343261719,158.0,3080,99,0.021163634955883026,4889,973078,0.001417296938598156,503.49608954999997
487272,-318.3397521972656,158.0,3084,99,0.02008076012134552,4895,974342,0.0014217806747183204,503.61432835
487904,-318.78826904296875,158.0,3088,99,0.024132180958986282,4901,975606,0.0014409766299650073,503.6035865
488536,-318.8390197753906,158.0,3092,99,0.023680109530687332,4908,976870,0.0014486430445685983,503.49394152
489168,-318.6063232421875,158.0,3096,99,0.02791437692940235,4914,978134,0.0014401715015992522,503.35252562
489800,-318.7266845703125,158.0,3100,99,0.01763123646378517,4921,979398,0.0014122776919975877,503.26890102
