r,l,t,precision,recall,f1,sustain_precision,sustain_recall,sustain_f1
2097.855964,1321,15.967453,0.6483724451173354,0.007254605097148624,0.35290124124340627,0.9318697956093869,1.0,0.9318697956093869
2160.618949,1321,28.992238,0.6709815796114055,0.011720918496088823,0.3357455816956196,0.9841029523088569,1.0,0.9841029523088569
2112.203603,1321,41.993579,0.6781478677769367,0.008327024981074944,0.3245202648306358,0.9825889477668432,1.0,0.9825889477668432
2124.126241,1321,54.746484,0.6988644965934898,0.00692657077971234,0.30000420556817226,0.9841029523088569,1.0,0.9841029523088569
2202.429724,1321,67.724086,0.7177264698460762,0.011474892758011607,0.28094112969207596,0.9901589704769115,1.0,0.9901589704769115
2143.988107,1321,80.824706,0.7704138279081504,0.007406005551349988,0.22864297784812546,0.9939439818319455,1.0,0.9939439818319455
2194.47971,1321,93.868346,0.7751072419883926,0.002775674993691648,0.22425291085397067,0.9901589704769115,1.0,0.9901589704769115
2159.0882,1321,107.052384,0.77927075447893,0.01228326304026531,0.2194825949557214,0.9886449659348978,1.0,0.9886449659348978
2067.705004,1321,120.34699,0.7370931112793337,0.003595760787282362,0.26178280042776636,0.9697199091597275,1.0,0.9697199091597275
2199.016349,1321,133.492224,0.757570022710068,0.0068400562344544166,0.24472561671653267,0.987887963663891,1.0,0.987887963663891
2194.946871,1321,146.843503,0.7573176886197325,0.013215997981327277,0.24569169580524614,0.9909159727479182,1.0,0.9909159727479182
2171.231956,1321,159.847382,0.7489906636386575,0.008263941458491042,0.2489198790107193,0.9977289931869796,1.0,0.9977289931869796
2167.904201,1321,172.953149,0.7783875851627555,0.005709058793843048,0.22064633574853104,0.9697199091597275,1.0,0.9697199091597275
2204.042495,1321,186.137158,0.7433762301286904,0.005375617317328142,0.2549547601023755,0.9969719909159728,1.0,0.9969719909159728
2167.785992,1321,199.232848,0.721814282109513,0.022009841029523084,0.2691498088924281,0.9931869795609387,1.0,0.9931869795609387
2197.03584,1321,212.453744,0.7396416855917234,0.008926318445622004,0.26086899054347956,0.9901589704769115,1.0,0.9901589704769115
2157.61485,1321,225.672798,0.7586550592985113,0.009525611910169063,0.2427087463802074,0.979560938682816,1.0,0.979560938682816
2170.475238,1321,238.85932,0.7643578097400959,0.007790815039111784,0.23142651780047693,0.987887963663891,1.0,0.987887963663891
2132.762442,1321,251.957245,0.7395407519555892,0.006813020439061317,0.2559905314636579,0.9750189250567751,1.0,0.9750189250567751
2140.020808,1321,264.996462,0.7473504920514762,0.010333080999242999,0.25086820404761356,0.9924299772899319,1.0,0.9924299772899319
2189.416823,1321,278.101422,0.7604718647489276,0.014839046898093074,0.23839934983008412,0.9856169568508706,1.0,0.9856169568508706
2169.306212,1321,291.283689,0.7485995457986373,0.00990411304567247,0.25191413431383153,0.9863739591218774,1.0,0.9863739591218774
2213.597528,1321,304.19435,0.7503785011355034,0.007678165891640532,0.2493409273878615,0.987887963663891,1.0,0.987887963663891
2206.04228,1321,317.391892,0.7311001766338632,0.01970999603475001,0.26868244464762253,0.9924299772899319,1.0,0.9924299772899319
2271.430279,1321,330.427531,0.8240600555134998,0.011216250315417613,0.1765864003941218,0.9954579863739591,1.0,0.9954579863739591
2265.102016,1321,343.513303,0.7578475902094373,0.012301286903860712,0.24424858512670777,0.9947009841029523,1.0,0.9947009841029523
2245.95554,1321,356.66496,0.7766843300529902,0.011821852132223063,0.22413575574060057,0.9901589704769115,1.0,0.9901589704769115
2214.979489,1321,369.984135,0.7696189755235933,0.009746404239212718,0.22747082591897128,0.9924299772899319,1.0,0.9924299772899319
2227.932472,1321,383.035383,0.7931491294473884,0.007973757254605097,0.20774845895966262,0.9863739591218774,1.0,0.9863739591218774
2353.201496,1321,396.140831,0.8520943729497854,0.007254605097148624,0.14945748170577847,0.9954579863739591,1.0,0.9954579863739591
2294.034486,1321,409.291099,0.8485995457986374,0.003028009084027252,0.1527882916982084,0.9939439818319455,1.0,0.9939439818319455
2312.424894,1321,422.378553,0.8565060139624863,0.007002271006813021,0.14057522929589544,0.991672975018925,1.0,0.991672975018925
2313.380974,1321,435.451296,0.8586929094120616,0.010061821852132224,0.13948728116025616,0.9931869795609387,1.0,0.9931869795609387
2316.458051,1321,448.510865,0.832374463790058,0.018004037345445367,0.16954627927375845,0.9954579863739591,1.0,0.9954579863739591
2356.159369,1321,461.454056,0.8484102952308857,0.009651778955336867,0.15456724703507443,0.9939439818319455,1.0,0.9939439818319455
2367.210472,1321,474.478712,0.8765707797123392,0.010749432248296744,0.12499909880682022,0.9894019682059046,1.0,0.9894019682059046
2338.105922,1321,487.370408,0.8301034569770376,0.013562957355538734,0.16805750814077838,0.9924299772899319,1.0,0.9924299772899319
2329.933178,1321,500.48803,0.8244385566490032,0.01857178904870048,0.18041166504451892,0.9848599545798638,1.0,0.9848599545798638
2366.007643,1321,513.497964,0.8830052990158971,0.014067625536209941,0.12055261165783497,0.9984859954579863,1.0,0.9984859954579863
2344.539949,1321,526.452897,0.858440575321726,0.005582891748675246,0.14257476899414823,0.9962149886449659,1.0,0.9962149886449659
2364.155212,1321,539.494724,0.8822861468584405,0.004226596013121372,0.11809235427706283,0.9954579863739591,1.0,0.9954579863739591
2315.427349,1321,552.565616,0.879384304819581,0.003974261922785769,0.12296961176597813,0.9856169568508706,1.0,0.9856169568508706
2343.623718,1321,565.650357,0.8838632349230381,0.006371435780974009,0.11681806712086802,0.9992429977289932,1.0,0.9992429977289932
2342.186066,1321,578.710565,0.8685339389351503,0.0055513499873832955,0.13291517969792005,0.9969719909159728,1.0,0.9969719909159728
2337.628285,1321,591.7753,0.8822861468584405,0.0035326772646984603,0.12086802927075448,0.9947009841029523,1.0,0.9947009841029523
2326.632371,1321,604.907817,0.8687610396164521,0.015013878374968457,0.13371784242336854,0.9931869795609387,1.0,0.9931869795609387
2352.3056,1321,617.866789,0.8828989582206841,0.006207418622255866,0.11867452507119426,0.9977289931869796,1.0,0.9977289931869796
2364.37962,1321,630.870074,0.8860711582134746,0.010598031794095382,0.1166234093940377,0.9992429977289932,1.0,0.9992429977289932
2394.428089,1321,643.763016,0.8933257633106232,0.010408781226343679,0.10877041202552179,0.9977289931869796,1.0,0.9977289931869796
2386.80114,1321,656.633036,0.8963537723946504,0.007002271006813021,0.10826574384485059,0.9931869795609387,1.0,0.9931869795609387
2416.417093,1321,669.611656,0.921524097905627,0.006308352258390109,0.07928337118344687,0.9984859954579863,1.0,0.9984859954579863
2430.586182,1321,682.540118,0.9224325006308352,0.010755740600555135,0.08433185537651851,0.9992429977289932,1.0,0.9992429977289932
2387.153436,1321,695.457472,0.9053747161241483,0.004857431238960383,0.09798132727731516,0.9977289931869796,1.0,0.9977289931869796
2431.375725,1321,708.414734,0.9254352763058289,0.014849861216250315,0.07826682527666631,0.9931869795609387,1.0,0.9931869795609387
2423.233433,1321,721.276325,0.9231642694928085,0.007191521574564724,0.08236184708554126,0.9954579863739591,1.0,0.9954579863739591
2456.017307,1321,734.240216,0.9280847842543528,0.0026495079485238456,0.07342922028766086,0.9992429977289932,1.0,0.9992429977289932
2421.204359,1321,747.155578,0.9255193876692741,0.005349482715114812,0.07654013914422696,0.9947009841029523,1.0,0.9947009841029523
2427.860899,1321,760.139406,0.9089704769114307,0.006921163620633719,0.09340927387861529,0.9924299772899319,1.0,0.9924299772899319
2439.755086,1321,772.994849,0.919000757002271,0.0019555892001009334,0.08319454958364876,0.9947009841029523,1.0,0.9947009841029523
2460.865003,1321,786.242878,0.9106737320211961,0.005980317940953823,0.09139901229227497,0.9992429977289932,1.0,0.9992429977289932
2488.629944,1321,799.438221,0.9354024728740854,0.008863234923038104,0.07099840188409454,0.9984859954579863,1.0,0.9984859954579863
2485.023414,1321,812.40742,0.9193792581377744,0.006529144587433762,0.08558331230549246,0.9977289931869796,1.0,0.9977289931869796
2465.133693,1321,825.318648,0.9207670956346202,0.006308352258390108,0.08377491799142063,0.991672975018925,1.0,0.991672975018925
2462.570919,1321,838.138062,0.9375473126419379,0.013373706787787031,0.07467827403482209,0.9931869795609387,1.0,0.9931869795609387
2468.098122,1321,850.840422,0.9301034569770377,0.008484733787534697,0.07151748915564207,0.9992429977289932,1.0,0.9992429977289932
2466.967415,1321,863.565631,0.9234670704012112,0.005677517032551098,0.08078055345277146,0.9992429977289932,1.0,0.9992429977289932
2469.64173,1321,876.606945,0.9034822104466314,0.021637648246278073,0.10474748567102844,0.9984859954579863,1.0,0.9984859954579863
2515.666643,1321,889.566451,0.9161619984859954,0.01693792581377744,0.0934303017194766,0.9954579863739591,1.0,0.9954579863739591
2509.839695,1321,902.380944,0.9081125410042897,0.017014527234057893,0.09980233829590379,1.0,1.0,1.0
2537.79873,1321,915.139067,0.9358440575321726,0.024917991420640925,0.07538661187412132,0.9977289931869796,1.0,0.9977289931869796
2515.975999,1321,927.82761,0.9133232399697199,0.012869038607115822,0.0920262427453949,0.9969719909159728,1.0,0.9969719909159728
2546.120985,1321,940.971391,0.936159475145092,0.014193792581377745,0.07367074005983922,0.9969719909159728,1.0,0.9969719909159728
2548.880836,1321,954.048044,0.9414584910421396,0.018636674957643918,0.0711918580200185,0.9977289931869796,1.0,0.9977289931869796
2515.925219,1321,967.243969,0.9382412313903609,0.017758011607368153,0.06614938178147867,0.9992429977289932,1.0,0.9992429977289932
2549.85326,1321,980.32754,0.927264698460762,0.014256876103961647,0.07941134061497422,0.9992429977289932,1.0,0.9992429977289932
2560.39164,1321,993.414697,0.939502901842039,0.005614433509967197,0.062041743268086945,0.9984859954579863,1.0,0.9984859954579863
2557.360824,1321,1006.3844,0.9543906131718395,0.012301286903860712,0.05653725532605169,0.9924299772899319,1.0,0.9924299772899319
2588.081098,1321,1019.392334,0.9606358819076457,0.013752207923290438,0.049673768068923256,1.0,1.0,1.0
2596.267223,1321,1032.318601,0.9444234166035831,0.007191521574564724,0.057910673732021196,0.9992429977289932,1.0,0.9992429977289932
2638.88292,1321,1045.313789,0.9398814029775422,0.013373706787787027,0.06921524097905628,1.0,1.0,1.0
2598.843921,1321,1058.210158,0.9420893262679788,0.005028657943116686,0.061334006224240886,1.0,1.0,1.0
2612.076607,1321,1071.25166,0.9544536966944235,0.009399444865001263,0.052662124653040626,0.9992429977289932,1.0,0.9992429977289932
2586.90934,1321,1084.241969,0.9322482967448902,0.005551349987383296,0.07118344688367398,0.9984859954579863,1.0,0.9984859954579863
2599.028037,1321,1097.460703,0.9366641433257634,0.006056018168054504,0.06636386575826393,0.9962149886449659,1.0,0.9962149886449659
2611.283955,1321,1110.736552,0.920666161998486,0.017316426949280848,0.08994869206829842,0.9977289931869796,1.0,0.9977289931869796
2619.773018,1321,1124.04994,0.9449911683068384,0.01570779712339137,0.06799322302728812,0.9984859954579863,1.0,0.9984859954579863
2639.445288,1321,1137.263044,0.944486500126167,0.012805955084531919,0.06019609963591795,0.9992429977289932,1.0,0.9992429977289932
2601.84791,1321,1150.377707,0.9330305324249306,0.012427453949028515,0.07321894187904786,0.9924299772899319,1.0,0.9924299772899319
2588.653859,1321,1163.59117,0.9462780721675498,0.016023214736310874,0.06481621667087223,0.9924299772899319,1.0,0.9924299772899319
2602.715732,1321,1176.78719,0.9391244007065354,0.008390108503658844,0.06589704769114307,0.9962149886449659,1.0,0.9962149886449659
2632.074586,1321,1189.805119,0.9458743376230129,0.007317688619732525,0.06134421974694495,0.9947009841029523,1.0,0.9947009841029523
2631.659856,1321,1202.992277,0.9601312137269744,0.009462528387585163,0.04709996034750009,0.9939439818319455,1.0,0.9939439818319455
2649.393669,1321,1216.074692,0.9608882159979812,0.01715871814282109,0.05278829169820843,0.9984859954579863,1.0,0.9984859954579863
2663.240056,1321,1229.015034,0.9557153671461014,0.003785011355034065,0.048094877617966186,0.9992429977289932,1.0,0.9992429977289932
2684.51804,1321,1241.813685,0.9717385818824122,0.015329295987887964,0.03636134241736058,0.9984859954579863,1.0,0.9984859954579863
2668.860948,1321,1254.559061,0.9615190512238204,0.00813777441332324,0.04605457625896687,0.9984859954579863,1.0,0.9984859954579863
2674.451034,1321,1267.365937,0.9514256876103961,0.012869038607115822,0.05806207418622255,0.9984859954579863,1.0,0.9984859954579863
2674.309865,1321,1280.506213,0.9529396921524097,0.012869038607115822,0.05451858260336685,0.9984859954579863,1.0,0.9984859954579863
2697.933933,1321,1293.482584,0.9475145092101942,0.025889477668433008,0.07196568256371436,0.9984859954579863,1.0,0.9984859954579863
2675.97611,1321,1306.902467,0.9420262427453948,0.0232778198334595,0.07004794347716377,0.9969719909159728,1.0,0.9969719909159728
2684.969314,1321,1320.053421,0.9516780217007318,0.014383043149129448,0.05882268122994846,0.9977289931869796,1.0,0.9977289931869796
2685.418911,1321,1333.313069,0.9338253848094877,0.01097653292959879,0.0726289607440251,1.0,1.0,1.0
2683.485971,1321,1346.561773,0.9379888973000252,0.021700731768861975,0.07403662449082585,1.0,1.0,1.0
2676.46948,1321,1359.767118,0.9434140802422407,0.013941458491042138,0.059275080206193,1.0,1.0,1.0
2684.244339,1321,1373.027896,0.9395659853646227,0.019934393136512744,0.07146101438304314,1.0,1.0,1.0
2706.276134,1321,1386.252784,0.9448650012616705,0.020186727226848347,0.06858801052593634,1.0,1.0,1.0
2706.881622,1321,1399.261952,0.9433509967196567,0.010629573555387333,0.0643007341720438,0.9969719909159728,1.0,0.9969719909159728
2703.794501,1321,1412.340541,0.9231642694928085,0.023151652788291698,0.09109260661115316,0.9992429977289932,1.0,0.9992429977289932
2708.178348,1321,1425.338108,0.9340146353772396,0.013752207923290438,0.07431238960383547,0.9969719909159728,1.0,0.9969719909159728
2718.240741,1321,1438.331317,0.9533181932879133,0.018988140297754225,0.05932374463790058,0.9992429977289932,1.0,0.9992429977289932
2709.286728,1321,1451.334902,0.9367903103709311,0.019019682059046174,0.0778042127777177,0.9992429977289932,1.0,0.9992429977289932
2713.820294,1321,1464.354932,0.9442341660358314,0.020060560181680544,0.07088064597527126,0.9901589704769115,1.0,0.9901589704769115
2729.11734,1321,1477.311659,0.947829926823114,0.01463537723946505,0.05807469089073934,0.9992429977289932,1.0,0.9992429977289932
2737.832849,1321,1490.065995,0.9414584910421399,0.02693666414332576,0.07395912187736563,1.0,1.0,1.0
2734.645767,1321,1503.075282,0.931743628564219,0.019997476659096645,0.08228614685844057,1.0,1.0,1.0
2754.321007,1321,1516.280499,0.9437294978551601,0.017726469846076204,0.06686853393893515,1.0,1.0,1.0
2727.296391,1321,1529.385643,0.9390613171839516,0.016717133484733786,0.07075447893010346,1.0,1.0,1.0
2737.00868,1321,1542.587671,0.9441710825132476,0.022016149381781477,0.06969467575069392,0.9977289931869796,1.0,0.9977289931869796
2753.548435,1321,1555.602426,0.950227100681302,0.020060560181680544,0.05889477668433006,1.0,1.0,1.0
2715.842389,1321,1568.646314,0.9367903103709311,0.012995205652283622,0.0732778198334595,0.9992429977289932,1.0,0.9992429977289932
2735.380037,1321,1581.945525,0.9511733535200606,0.0231516527882917,0.06416855917234418,1.0,1.0,1.0
2769.144888,1321,1595.145334,0.9423416603583146,0.01804188745899571,0.0653040625788544,0.9947009841029523,1.0,0.9947009841029523
2797.603117,1321,1608.359034,0.9489023467070401,0.025674993691647746,0.06797880393641181,0.9992429977289932,1.0,0.9992429977289932
2815.0601,1321,1621.336226,0.9574817057784508,0.025990411304567244,0.06318445622003532,0.9992429977289932,1.0,0.9992429977289932
2794.46499,1321,1634.176585,0.9579485238455714,0.01863487257128438,0.05361198226451822,0.9992429977289932,1.0,0.9992429977289932
2777.009109,1321,1647.192875,0.9386828160484482,0.013247539742619227,0.07183951551854656,1.0,1.0,1.0
2829.691613,1321,1660.194895,0.9596896290688872,0.02750441584658087,0.058364875094625276,1.0,1.0,1.0
2834.662012,1321,1673.165931,0.9539490285137521,0.017657077971233913,0.05596770123643703,0.9984859954579863,1.0,0.9984859954579863
2812.763586,1321,1686.114107,0.9491546807973759,0.006813020439061317,0.05410042896795357,0.9992429977289932,1.0,0.9992429977289932
2849.243694,1321,1699.208072,0.9631592228110017,0.03993186979560938,0.0680689232543888,0.9992429977289932,1.0,0.9992429977289932
2814.021491,1321,1712.382738,0.9402851375220792,0.023719404491546806,0.0664792184852745,1.0,1.0,1.0
2828.992321,1321,1725.527097,0.9473883421650265,0.03620994196315922,0.07928337118344687,0.9992429977289932,1.0,0.9992429977289932
2796.457775,1321,1738.478657,0.9335099671965681,0.020691395407519554,0.07600302800908403,1.0,1.0,1.0
2808.88892,1321,1751.560746,0.9398183194549584,0.02744133232399697,0.07887963663890991,1.0,1.0,1.0
2796.084649,1321,1764.794223,0.9543275296492557,0.026179661872318953,0.0669694675750694,0.9992429977289932,1.0,0.9992429977289932
2838.287715,1321,1778.14217,0.9588695432752964,0.023656320968962904,0.06005551349987383,1.0,1.0,1.0
2824.197289,1321,1791.245239,0.9441079989906636,0.026053494827151146,0.07504415846580874,1.0,1.0,1.0
2836.324781,1321,1804.385977,0.9364118092354277,0.03179409538228615,0.08839263184456218,1.0,1.0,1.0
2806.306023,1321,1817.567374,0.9285894524350239,0.021196063588190768,0.08536462276053494,0.9992429977289932,1.0,0.9992429977289932
2809.881055,1321,1830.919932,0.9239212717638153,0.019013373706787788,0.09072672218016653,1.0,1.0,1.0
2840.23077,1321,1843.946635,0.9385566490032803,0.024911683068382536,0.07834132391286062,0.9992429977289932,1.0,0.9992429977289932
2838.054708,1321,1857.291765,0.946845823870805,0.026646479939439822,0.07024981074943225,0.9992429977289932,1.0,0.9992429977289932
2849.928666,1321,1870.400074,0.9434771637648246,0.028892253343426696,0.07935907141054757,0.9992429977289932,1.0,0.9992429977289932
2873.788775,1321,1883.49993,0.943918748422912,0.03709311127933384,0.08154356367831007,0.9954579863739591,1.0,0.9954579863739591
2833.296137,1321,1896.626477,0.9391874842291192,0.02378248801413071,0.0746692621030244,0.9939439818319455,1.0,0.9939439818319455
2855.737905,1321,1909.643767,0.9417108251324754,0.0346959374211456,0.09021304206769763,0.9962149886449659,1.0,0.9962149886449659
2846.302308,1321,1922.825765,0.9376734796871056,0.026558163007822353,0.07665909664395659,0.9984859954579863,1.0,0.9984859954579863
2865.876932,1321,1935.849559,0.9468205904617714,0.03135251072419884,0.07254605097148625,1.0,1.0,1.0
2857.277785,1321,1949.050241,0.9383547817310118,0.017347968710572797,0.06974514256876103,1.0,1.0,1.0
2870.250934,1321,1962.313614,0.951892505677517,0.030595508453192026,0.0743952993763743,0.9969719909159728,1.0,0.9969719909159728
2835.953091,1321,1975.420612,0.9385566490032805,0.027851375220792327,0.08200016822272689,0.9992429977289932,1.0,0.9992429977289932
2877.868889,1321,1988.524799,0.9458112541004289,0.035516023214736306,0.07957716016005191,1.0,1.0,1.0
2877.69156,1321,2001.657908,0.9432879131970731,0.03532677264698461,0.07626978119029594,1.0,1.0,1.0
2886.462714,1321,2014.975118,0.9410799899066363,0.03791319707292455,0.08712014707472693,0.9992429977289932,1.0,0.9992429977289932
2861.806776,1321,2028.041155,0.933005299015897,0.036336109008327025,0.08838181752640495,1.0,1.0,1.0
2870.47462,1321,2041.168468,0.9468836739843552,0.027630582891748676,0.07247035074438556,1.0,1.0,1.0
2872.327286,1321,2053.997991,0.9505425182942216,0.023435528639919254,0.06741886257404803,0.9962149886449659,1.0,0.9962149886449659
2888.936197,1321,2066.829504,0.9611405500883168,0.034002018672722685,0.062376987130961396,0.9984859954579863,1.0,0.9984859954579863
2901.414832,1321,2079.852763,0.9521826898814031,0.033371183446883675,0.07650769618975524,0.9992429977289932,1.0,0.9992429977289932
2895.931687,1321,2093.026256,0.953444360333081,0.035484481453444364,0.07362267642358483,0.9992429977289932,1.0,0.9992429977289932
2891.941551,1321,2106.096893,0.9554630330557659,0.024097905627050213,0.06008074690890739,0.9977289931869796,1.0,0.9977289931869796
2893.693997,1321,2119.501276,0.9627807216754983,0.03898561695685087,0.06863487257128437,0.9984859954579863,1.0,0.9984859954579863
2870.506416,1321,2132.661794,0.931049709815796,0.021889982336613673,0.07961140550088316,1.0,1.0,1.0
2887.213372,1321,2145.813498,0.9452435023971739,0.026368912440070655,0.07325258642442593,1.0,1.0,1.0
2916.059184,1321,2159.173582,0.9458743376230129,0.03791319707292455,0.07681049709815796,0.9984859954579863,1.0,0.9984859954579863
2888.567876,1321,2172.272168,0.9529396921524099,0.03283497350492051,0.07412734460425603,0.9947009841029523,1.0,0.9947009841029523
2889.217975,1321,2185.294716,0.9476406762553621,0.01703255109765329,0.06146858440575322,0.9992429977289932,1.0,0.9992429977289932
2898.178655,1321,2198.418715,0.9497855160232146,0.031005551349987386,0.06837773211732334,0.9992429977289932,1.0,0.9992429977289932
2911.320501,1321,2211.545253,0.9547060307847589,0.03204642947262175,0.06540499621498864,1.0,1.0,1.0
2913.709421,1321,2224.606983,0.9559929346454705,0.02838758516275549,0.06746332143758337,1.0,1.0,1.0
2923.344867,1321,2238.025436,0.9568508705526116,0.03753469593742115,0.07098518438412459,1.0,1.0,1.0
2889.451,1321,2251.419543,0.9590840272520816,0.031951804188745894,0.06361762974177812,1.0,1.0,1.0
2875.265713,1321,2264.221927,0.9543527630582892,0.03857557406005551,0.0759525611910169,0.9992429977289932,1.0,0.9992429977289932
2883.527631,1321,2277.083381,0.9427201614938178,0.014824627807216757,0.0682311380267474,1.0,1.0,1.0
2918.95401,1321,2289.919782,0.9571032046429474,0.03646227605349483,0.06799322302728812,1.0,1.0,1.0
2916.558559,1321,2302.708507,0.9531920262427452,0.03141559424678274,0.07234418369921776,1.0,1.0,1.0
2901.240299,1321,2315.787731,0.9531920262427452,0.03318193287913197,0.0713516696105644,0.9992429977289932,1.0,0.9992429977289932
2938.602981,1321,2328.977438,0.9560938682816048,0.043275296492556146,0.07972675822789373,0.9992429977289932,1.0,0.9992429977289932
2909.53847,1321,2341.818724,0.9472621751198587,0.029270754478930107,0.07501892505677517,1.0,1.0,1.0
2921.989797,1321,2354.838195,0.9398183194549584,0.04182437547312642,0.09606358819076456,1.0,1.0,1.0
2941.109568,1321,2367.621224,0.9574817057784506,0.04914206409285895,0.08820518366317003,1.0,1.0,1.0
2933.900004,1321,2380.431746,0.9531920262427452,0.03898561695685087,0.07726469846076205,0.9984859954579863,1.0,0.9984859954579863
2944.461216,1321,2393.518575,0.9432248296744891,0.04072041382790815,0.09221969888131885,0.9992429977289932,1.0,0.9992429977289932
2941.20272,1321,2406.622053,0.9518041887458996,0.05608125157708806,0.0894776684330053,0.9992429977289932,1.0,0.9992429977289932
2953.55084,1321,2419.509557,0.9605097148624778,0.0630204390613172,0.08374968458238707,0.9992429977289932,1.0,0.9992429977289932
2918.704075,1321,2432.674988,0.9497855160232148,0.033749684582387085,0.07693666414332576,1.0,1.0,1.0
2947.072201,1321,2445.847867,0.9514887711329799,0.05109765329295988,0.08869543275296492,0.9984859954579863,1.0,0.9984859954579863
2936.100208,1321,2458.800095,0.9494700984102953,0.04765960131213727,0.0911094288838422,1.0,1.0,1.0
2918.549336,1321,2471.994915,0.9389351501387837,0.03778703002775675,0.0884767432080074,1.0,1.0,1.0
2920.900872,1321,2485.254563,0.9423416603583143,0.031699470098410294,0.08404407435444528,1.0,1.0,1.0
2911.365086,1321,2498.326811,0.9511102699974767,0.03349735049205148,0.07226848347211709,1.0,1.0,1.0
2938.737584,1321,2511.43411,0.9442341660358315,0.03564219025990411,0.08411737139973324,0.9984859954579863,1.0,0.9984859954579863
2956.670819,1321,2524.555509,0.9440449154680797,0.03624148372445117,0.08553284548742535,0.9992429977289932,1.0,0.9992429977289932
2966.248921,1321,2537.707698,0.9289048700479434,0.040373454453696694,0.09313651274287156,1.0,1.0,1.0
2973.573065,1321,2550.70633,0.941332323996972,0.04958364875094625,0.10055513499873833,1.0,1.0,1.0
2969.789882,1321,2563.813254,0.9290310370931113,0.055071915215745636,0.11233913701741105,0.9977289931869796,1.0,0.9977289931869796
2979.688947,1321,2576.884058,0.9434771637648247,0.048637395912187735,0.09803179409538229,0.9984859954579863,1.0,0.9984859954579863
2982.516976,1321,2589.828789,0.9382412313903609,0.04321221296997224,0.09092858945243502,1.0,1.0,1.0
2974.614639,1321,2602.818568,0.9396921524097906,0.043527630582891746,0.09084387729353663,1.0,1.0,1.0
2984.098273,1321,2615.842464,0.9461266717133484,0.0469341408024224,0.09142785047402761,1.0,1.0,1.0
3008.938941,1321,2628.913188,0.9427201614938179,0.053526368912440066,0.1000925224997897,1.0,1.0,1.0
3003.383846,1321,2641.954449,0.9641685591723441,0.05929851122886703,0.09028513752207921,1.0,1.0,1.0
2980.281321,1321,2655.082181,0.9520565228362352,0.05217007317688619,0.08606214628167694,1.0,1.0,1.0
2992.331834,1321,2668.093171,0.9600050466818068,0.05280090840272521,0.08397678526368912,0.9992429977289932,1.0,0.9992429977289932
2996.196516,1321,2681.288602,0.9554630330557657,0.05907771889982337,0.09258738569866502,1.0,1.0,1.0
2978.704133,1321,2694.532122,0.9574817057784506,0.0409412061569518,0.08112541004289679,1.0,1.0,1.0
2971.745827,1321,2707.901321,0.9525611910169063,0.04283371183446884,0.07443855664900327,1.0,1.0,1.0
2988.527447,1321,2720.814238,0.9574817057784508,0.0580999242997729,0.09230381024476407,0.9992429977289932,1.0,0.9992429977289932
2971.81263,1321,2733.78914,0.9375473126419379,0.03737067877870301,0.08974442161421722,0.9984859954579863,1.0,0.9984859954579863
2988.366759,1321,2746.733194,0.9426570779712339,0.040625788544032294,0.08644965934897804,1.0,1.0,1.0
3016.77574,1321,2759.747334,0.9477668433005298,0.06406131718395154,0.10049145068070126,1.0,1.0,1.0
3018.791515,1321,2772.762098,0.9442341660358314,0.055481958112540995,0.10348821840116312,1.0,1.0,1.0
3027.449909,1321,2785.637204,0.9511102699974765,0.057090587938430484,0.09087992502072745,0.9992429977289932,1.0,0.9992429977289932
3007.015001,1321,2798.416853,0.9383043149129447,0.053242493060812524,0.10437979885368226,0.9992429977289932,1.0,0.9992429977289932
3028.47505,1321,2811.15218,0.9564723694171082,0.057311380267474135,0.08796366389099167,0.9984859954579863,1.0,0.9984859954579863
3003.305427,1321,2823.953805,0.9352763058289175,0.05945622003532677,0.11181344099587852,0.9992429977289932,1.0,0.9992429977289932
3019.657042,1321,2836.759768,0.9302296240222053,0.06238960383547817,0.1015897047691143,0.9992429977289932,1.0,0.9992429977289932
3034.18611,1321,2849.527246,0.9505425182942214,0.05317940953822861,0.08635233048556287,1.0,1.0,1.0
3055.634026,1321,2862.716144,0.9588695432752964,0.06636386575826393,0.08650012616704515,0.9992429977289932,1.0,0.9992429977289932
3034.949162,1321,2875.585968,0.9420893262679788,0.04970981579611406,0.09370606683248621,0.9992429977289932,1.0,0.9992429977289932
3025.964612,1321,2888.591608,0.9319328791319706,0.04866893767347969,0.10767516191437462,1.0,1.0,1.0
3042.659046,1321,2901.863632,0.9540751955589202,0.059046177138531414,0.10162334931449238,1.0,1.0,1.0
3034.739347,1321,2915.110014,0.9441079989906636,0.058951551854655566,0.10540595748771373,1.0,1.0,1.0
3050.139299,1321,2928.301729,0.9548321978299269,0.06759399444865001,0.09824808045852708,0.9992429977289932,1.0,0.9992429977289932
3030.711982,1321,2941.750036,0.9420893262679788,0.05494574817057784,0.10464294726217511,1.0,1.0,1.0
3044.116541,1321,2954.927603,0.9572293716881151,0.08118849356548069,0.1072672218016654,1.0,1.0,1.0
3025.011829,1321,2968.190251,0.9412061569518041,0.05311632601564472,0.09832378068562778,1.0,1.0,1.0
3034.384712,1321,2981.12038,0.9471360080746908,0.0672785768357305,0.1094433029330834,0.9977289931869796,1.0,0.9977289931869796
3058.735056,1321,2994.074987,0.9359071410547566,0.07696189755235931,0.13292118765245187,0.9992429977289932,1.0,0.9992429977289932
3065.227128,1321,3006.997544,0.9536966944234165,0.08254478930103457,0.11651947178063755,1.0,1.0,1.0
3060.65012,1321,3020.026439,0.9542013626040878,0.0722621751198587,0.11476154428463287,1.0,1.0,1.0
2976.168653,1321,3033.387262,0.9443603330809992,0.06642694928084784,0.11791572041382789,0.9984859954579863,1.0,0.9984859954579863
2992.93228,1321,3046.757239,0.9349608882159979,0.05362099419631592,0.11136765076961898,1.0,1.0,1.0
3040.470603,1321,3060.17981,0.9368786273025487,0.06592228110017663,0.11373118008242913,1.0,1.0,1.0
3082.185354,1321,3073.366236,0.9494070148877114,0.07298763562957356,0.11103060452038498,1.0,1.0,1.0
3090.167378,1321,3086.505502,0.9514256876103963,0.07361847085541257,0.10637323816733353,1.0,1.0,1.0
3078.686995,1321,3099.711876,0.9555892001009336,0.056838253848094884,0.09181356115496918,1.0,1.0,1.0
3082.048431,1321,3113.10812,0.9419631592228112,0.06945495836487509,0.11993439313651275,1.0,1.0,1.0
3050.484181,1321,3126.475129,0.9303557910673732,0.0640297754226596,0.11765617677805412,1.0,1.0,1.0
3058.005315,1321,3139.734642,0.9309866262932122,0.05582891748675246,0.11244007065354528,0.9992429977289932,1.0,0.9992429977289932
3056.392265,1321,3152.983233,0.9418369921776433,0.0634620237194045,0.09727839659709454,0.9977289931869796,1.0,0.9977289931869796
3032.823371,1321,3166.220534,0.926974514256876,0.05582891748675246,0.11278072167549837,0.9954579863739591,1.0,0.9954579863739591
3053.816816,1321,3179.594285,0.943855664900328,0.05166540499621499,0.10201867272268482,0.9962149886449659,1.0,0.9962149886449659
3062.146009,1321,3192.663611,0.9453696694423418,0.07781352510724199,0.11403398099083185,0.9992429977289932,1.0,0.9992429977289932
3078.070655,1321,3205.740583,0.9483976785263688,0.07816048448145345,0.11183446883673985,1.0,1.0,1.0
3037.4838,1321,3218.897085,0.9360333080999244,0.05781604844814534,0.1116494238371604,1.0,1.0,1.0
3058.208364,1321,3231.946017,0.9476406762553621,0.07100050466818067,0.10299436453864916,1.0,1.0,1.0
3052.163069,1321,3245.081309,0.9392505677517032,0.0728930103456977,0.12149045336024897,1.0,1.0,1.0
3094.169674,1321,3258.140525,0.9526873580620742,0.06333585667423668,0.10027756749936914,0.9992429977289932,1.0,0.9992429977289932
3084.022877,1321,3271.413639,0.9400706535452941,0.07478551602321473,0.11293632769787197,1.0,1.0,1.0
3083.83454,1321,3284.535324,0.940070653545294,0.06853393893515014,0.10474388089830937,1.0,1.0,1.0
3098.771729,1321,3297.517035,0.9509210194297251,0.07399697199091597,0.10635881907645721,1.0,1.0,1.0
3101.67915,1321,3310.56682,0.9646101438304315,0.08544663133989402,0.1138194970140466,1.0,1.0,1.0
3112.312356,1321,3323.830459,0.9545798637395913,0.08642442593994448,0.11895029018420387,0.9992429977289932,1.0,0.9992429977289932
3082.432957,1321,3336.946214,0.927958617209185,0.07128438051980822,0.12059046177138533,1.0,1.0,1.0
3078.855884,1321,3350.146244,0.9398814029775424,0.06941710825132474,0.11567535416891965,1.0,1.0,1.0
3098.986538,1321,3363.331199,0.9417739086550594,0.06333585667423669,0.10961392884178651,0.9992429977289932,1.0,0.9992429977289932
3091.811659,1321,3376.540783,0.9401968205904617,0.06491294473883422,0.12095814858873147,1.0,1.0,1.0
3101.679745,1321,3389.586354,0.944612667171335,0.07153671461014383,0.11932879131970729,1.0,1.0,1.0
3094.076769,1321,3402.49287,0.9423416603583146,0.07790815039111783,0.11490573519339604,1.0,1.0,1.0
3106.418524,1321,3415.647525,0.9510471864748928,0.075,0.1078139456640592,1.0,1.0,1.0
3108.24734,1321,3429.020124,0.9366641433257632,0.08418496088821599,0.12851255061701694,0.9984859954579863,1.0,0.9984859954579863
3126.217009,1321,3442.298752,0.9499116830683827,0.08894776684330052,0.12201795176814102,1.0,1.0,1.0
3116.334412,1321,3455.640864,0.9467575069391874,0.08336487509462528,0.11730891700611609,0.9992429977289932,1.0,0.9992429977289932
3134.536401,1321,3469.006791,0.9668180671208679,0.09348978046934141,0.11770303882340218,1.0,1.0,1.0
3111.615185,1321,3482.272253,0.9510471864748927,0.07040121120363362,0.11568797087343644,1.0,1.0,1.0
3095.072089,1321,3495.584951,0.9472621751198587,0.06626924047438808,0.10188769931389159,1.0,1.0,1.0
3101.730067,1321,3508.879051,0.9398183194549584,0.0813777441332324,0.11923146245629213,1.0,1.0,1.0
3105.537038,1321,3522.317198,0.9514256876103963,0.07330305324249306,0.11068815111207238,1.0,1.0,1.0
3108.547538,1321,3535.628973,0.9432248296744891,0.07862730254857431,0.11592588587289569,1.0,1.0,1.0
3111.297487,1321,3548.982093,0.9434771637648246,0.07395912187736563,0.12253703903968854,1.0,1.0,1.0
3076.056155,1321,3562.314123,0.9319959626545545,0.05507191521574565,0.10895065066147577,0.9992429977289932,1.0,0.9992429977289932
3097.557771,1321,3575.400808,0.9425939944486499,0.0868660105980318,0.12919144947911032,1.0,1.0,1.0
3121.14799,1321,3588.356778,0.9470098410295231,0.0776179661872319,0.12492700335243861,1.0,1.0,1.0
3108.322397,1321,3601.317306,0.9436033308099925,0.08062074186222559,0.11877005154824988,1.0,1.0,1.0
3114.152323,1321,3614.277775,0.9422154933131467,0.08683446883673984,0.1300608004998618,1.0,1.0,1.0
3111.206967,1321,3627.234101,0.9414584910421396,0.08194549583648751,0.12183050358674885,1.0,1.0,1.0
3132.284564,1321,3640.397569,0.932374463790058,0.08740222053999495,0.13729437775614914,1.0,1.0,1.0
3123.645638,1321,3653.909274,0.9384304819581124,0.07229371688115065,0.11820770700407339,1.0,1.0,1.0
3139.442595,1321,3667.172564,0.9485238455715367,0.0756371435780974,0.11899715222955193,1.0,1.0,1.0
3150.28245,1321,3680.409581,0.9496593489780469,0.08784380519808227,0.13272652992562153,1.0,1.0,1.0
3154.812955,1321,3693.772925,0.9470729245521069,0.09664395659853646,0.13020799538589092,1.0,1.0,1.0
3164.744613,1321,3707.110563,0.9487761796618724,0.07456472369417108,0.12001189574997295,1.0,1.0,1.0
3130.950291,1321,3720.290884,0.941332323996972,0.07828665152662125,0.12873184095742762,1.0,1.0,1.0
3134.948643,1321,3733.319427,0.9345823870804947,0.07077971233913702,0.12398555687730556,1.0,1.0,1.0
3159.998899,1321,3746.408704,0.9404491546807975,0.09068256371435782,0.13774437355058095,1.0,1.0,1.0
3156.112393,1321,3759.588861,0.9531920262427452,0.0847527125914711,0.12396332744553787,1.0,1.0,1.0
3128.083295,1321,3772.767631,0.9287787030027755,0.07986373959121877,0.13096139288417863,1.0,1.0,1.0
3140.205288,1321,3785.987727,0.9376103961645218,0.0873075952561191,0.13405068310443025,1.0,1.0,1.0
3149.658532,1321,3799.215837,0.9410799899066364,0.08563588190764572,0.1342837917402641,1.0,1.0,1.0
3160.722973,1321,3812.561566,0.944486500126167,0.08945243502397174,0.1361180202588227,0.9984859954579863,1.0,0.9984859954579863
3129.029356,1321,3825.609088,0.9216502649507948,0.08276558163007822,0.14111964240654626,1.0,1.0,1.0
3138.964745,1321,3838.769486,0.9386197325258643,0.08207166288165531,0.13102447640676254,1.0,1.0,1.0
3119.10188,1321,3851.953827,0.9265707797123391,0.07371309613928842,0.13162827583720843,1.0,1.0,1.0
3118.000529,1321,3865.143675,0.9286525359576079,0.0778072167549836,0.12517032551097654,1.0,1.0,1.0
3144.36594,1321,3878.414028,0.9377365632096897,0.07881655311632602,0.1183843408673083,1.0,1.0,1.0
3144.52351,1321,3891.627893,0.9433509967196567,0.094776684330053,0.13222666810857575,1.0,1.0,1.0
3120.518463,1321,3904.971881,0.9365379762805954,0.0750063083522584,0.11667928337118344,1.0,1.0,1.0
3090.842985,1321,3918.262971,0.9359071410547565,0.08191395407519557,0.1306748134530118,1.0,1.0,1.0
3150.340755,1321,3931.865453,0.9390613171839516,0.0853204642947262,0.13266645038030353,1.0,1.0,1.0
3164.846809,1321,3945.045553,0.9461266717133486,0.0727668433005299,0.122932362447881,1.0,1.0,1.0
3148.590398,1321,3958.22024,0.93111279333838,0.07204138279081503,0.1268627663025846,1.0,1.0,1.0
3184.049314,1321,3971.375083,0.9529396921524097,0.09210194297249558,0.1301154728861012,1.0,1.0,1.0
3171.302757,1321,3984.498932,0.9476406762553621,0.08711834468836739,0.123773476082333,1.0,1.0,1.0
3138.526234,1321,3997.455857,0.9287156194801918,0.07387080494574817,0.12577052016870335,1.0,1.0,1.0
3163.780731,1321,4010.340476,0.9509841029523088,0.09153419126924046,0.13075952561191018,0.9992429977289932,1.0,0.9992429977289932
3121.893083,1321,4023.341583,0.9385566490032803,0.08011607368155438,0.12782704300493852,0.9992429977289932,1.0,0.9992429977289932
3138.163474,1321,4036.504419,0.9326267978803936,0.08888468332071663,0.14501099455679317,1.0,1.0,1.0
3157.413589,1321,4049.404991,0.9483976785263688,0.08954706030784758,0.13373947105968303,1.0,1.0,1.0
3132.681259,1321,4062.380723,0.9284632853898561,0.07046429472621751,0.13109837424750367,1.0,1.0,1.0
3153.124872,1321,4075.747902,0.9236689376734796,0.07583991204354565,0.14364778967352773,1.0,1.0,1.0
3158.25121,1321,4088.696299,0.9319959626545545,0.10339389351501387,0.15527017771529505,1.0,1.0,1.0
3147.701906,1321,4101.564681,0.943918748422912,0.08730759525611911,0.13617149105415569,1.0,1.0,1.0
3100.656344,1321,4114.593027,0.9375473126419379,0.08043149129447388,0.13987239104574456,1.0,1.0,1.0
3115.265659,1321,4127.945514,0.9351501387837498,0.08103078475902095,0.12926594811530465,0.9984859954579863,1.0,0.9984859954579863
3114.086943,1321,4141.148247,0.9372318950290184,0.08219782992682312,0.13444901048988858,1.0,1.0,1.0
3127.623096,1321,4154.449016,0.9340146353772396,0.08601438304314912,0.1351705658291578,0.9992429977289932,1.0,0.9992429977289932
3129.845463,1321,4167.258533,0.9372949785516022,0.07862730254857432,0.12806075243622556,0.9992429977289932,1.0,0.9992429977289932
3136.062679,1321,4180.132976,0.9483976785263688,0.07655185465556395,0.12194465472285307,0.9984859954579863,1.0,0.9984859954579863
3130.308652,1321,4192.933586,0.9381781478677771,0.07559929346454705,0.1270081588022542,0.9992429977289932,1.0,0.9992429977289932
3097.392399,1321,4205.76973,0.9242997728993188,0.054724955841534195,0.1205820506350408,0.9984859954579863,1.0,0.9984859954579863
3136.169698,1321,4218.580638,0.9456220035326771,0.08383800151400454,0.12585943789577403,1.0,1.0,1.0
3129.800587,1321,4231.361717,0.9441079989906636,0.06377744133232399,0.11306369633394613,1.0,1.0,1.0
3129.799407,1321,4244.231272,0.9379258137774413,0.0872445117335352,0.13078836379366282,0.9992429977289932,1.0,0.9992429977289932
3165.846322,1321,4257.060067,0.9543275296492555,0.093111279333838,0.13589993150931834,0.9992429977289932,1.0,0.9992429977289932
3156.265511,1321,4269.893786,0.9434771637648246,0.08560434014635378,0.12633646948559893,1.0,1.0,1.0
3159.660958,1321,4282.763996,0.9407645722937169,0.0897993943981832,0.13444120014899727,0.9984859954579863,1.0,0.9984859954579863
3138.169822,1321,4295.627283,0.944486500126167,0.07134746404239212,0.11957752063732381,1.0,1.0,1.0
3165.137308,1321,4308.755579,0.9365379762805954,0.09762175119858692,0.14495211660238153,0.9992429977289932,1.0,0.9992429977289932
3168.444406,1321,4322.133757,0.9501009336361342,0.10045420136260408,0.13732381673335495,1.0,1.0,1.0
3181.435779,1321,4335.137463,0.9509841029523088,0.10625968782668253,0.14295086694783893,0.9992429977289932,1.0,0.9992429977289932
3179.317105,1321,4348.019222,0.9573555387332829,0.10464925561443351,0.1346154308304195,1.0,1.0,1.0
3148.838275,1321,4361.026231,0.9415846580873075,0.08964168559172343,0.13328286651526622,0.9992429977289932,1.0,0.9992429977289932
3183.931738,1321,4374.509103,0.9588695432752964,0.09304819581125409,0.12238203381276812,1.0,1.0,1.0
3164.360402,1321,4387.774946,0.9433509967196567,0.0963600807469089,0.1404119053627002,1.0,1.0,1.0
3178.651301,1321,4401.038668,0.9603835478173101,0.09484607620489527,0.12884058493445322,0.9992429977289932,1.0,0.9992429977289932
3168.545713,1321,4414.197337,0.9424678274034822,0.09677012364370427,0.13558992105547743,1.0,1.0,1.0
3175.774156,1321,4427.363314,0.9427201614938178,0.09853646227605349,0.14496233012508564,1.0,1.0,1.0
3171.977574,1321,4440.502685,0.9437294978551601,0.09534443603330811,0.13292959878879637,1.0,1.0,1.0
3175.825167,1321,4453.53045,0.9408276558163009,0.09793086045924805,0.14118272592913017,1.0,1.0,1.0
3180.031627,1321,4466.634466,0.9370426444612666,0.11257254605097147,0.16094469077058024,1.0,1.0,1.0
3135.045867,1321,4479.780191,0.93111279333838,0.09627897336072959,0.14520630769684517,0.9992429977289932,1.0,0.9992429977289932
3168.493628,1321,4493.058084,0.941836992177643,0.09502901842038859,0.13664131309854247,1.0,1.0,1.0
3172.258574,1321,4506.323669,0.9409538228614686,0.10486373959121878,0.14705009432488617,1.0,1.0,1.0
3155.212986,1321,4519.302648,0.9447388342165026,0.10888215997981328,0.15242060488086226,1.0,1.0,1.0
3133.397752,1321,4532.487071,0.9430986626293212,0.10575952561191018,0.14497915239777465,1.0,1.0,1.0
3140.47051,1321,4545.692314,0.9443603330809992,0.09900958869543275,0.14461326796678803,1.0,1.0,1.0
3168.803358,1321,4558.849127,0.933636134241736,0.09515518546555639,0.15075880465736632,0.9977289931869796,1.0,0.9977289931869796
3182.539108,1321,4571.88651,0.9404491546807974,0.10307847590209439,0.1507570022710068,1.0,1.0,1.0
3182.035838,1321,4584.812036,0.9478930103456976,0.10844057532172596,0.1520745466998306,0.9984859954579863,1.0,0.9984859954579863
3169.570542,1321,4597.814715,0.9458743376230129,0.10178526368912438,0.14459584489864583,0.9992429977289932,1.0,0.9992429977289932
3185.449273,1321,4611.175924,0.9511733535200606,0.11235175372192782,0.1573933888468332,0.9984859954579863,1.0,0.9984859954579863
3197.513183,1321,4624.845603,0.9524350239717385,0.12423668937673478,0.15407399396801363,0.9992429977289932,1.0,0.9992429977289932
3200.299485,1321,4638.189001,0.9462528387585163,0.11730381024476405,0.1601011739543155,1.0,1.0,1.0
3222.265429,1321,4651.520925,0.9581125410042898,0.12572546050971486,0.16101438304314913,1.0,1.0,1.0
3194.661482,1321,4664.815755,0.9432879131970728,0.1085982841281857,0.16009396440887735,1.0,1.0,1.0
3198.097956,1321,4678.023968,0.9442341660358314,0.10736184708554126,0.15058096920322506,1.0,1.0,1.0
3213.064352,1321,4691.292159,0.9403229876356295,0.10667423668937673,0.15519267510183482,1.0,1.0,1.0
3210.711793,1321,4704.447612,0.9375473126419379,0.09711708301791572,0.14897984932050032,1.0,1.0,1.0
3197.627504,1321,4717.829509,0.9408276558163007,0.09576078728236184,0.14298691467502972,1.0,1.0,1.0
3198.785007,1321,4731.025426,0.9419631592228109,0.10191143073429221,0.14725376398351417,0.9992429977289932,1.0,0.9992429977289932
3199.102306,1321,4744.17995,0.9386828160484482,0.10014509210194296,0.14306501808394315,0.9984859954579863,1.0,0.9984859954579863
3154.480263,1321,4757.319645,0.9356548069644209,0.09645470603078476,0.14384845535488988,1.0,1.0,1.0
3157.644639,1321,4770.532622,0.935591723441837,0.0962339137017411,0.14418790478593657,1.0,1.0,1.0
3195.945292,1321,4783.706562,0.9564092858945242,0.11465430229624023,0.15028177306754142,0.9992429977289932,1.0,0.9992429977289932
3188.725393,1321,4796.848343,0.9244259399444864,0.09774791824375473,0.15905398747942273,0.9977289931869796,1.0,0.9977289931869796
3220.71807,1321,4810.048188,0.9494070148877112,0.10374085288922533,0.13656561287144178,0.9984859954579863,1.0,0.9984859954579863
3208.320272,1321,4823.010896,0.9338884683320715,0.09562200353267726,0.16036191918099563,1.0,1.0,1.0
3189.930009,1321,4836.037301,0.926696946757507,0.08204012112036337,0.14573975944150053,1.0,1.0,1.0
3232.1476,1321,4849.328719,0.9581125410042896,0.09900328034317434,0.14016077286327097,1.0,1.0,1.0
3214.93607,1321,4862.388071,0.9356548069644209,0.10584784254352762,0.15456123908054265,1.0,1.0,1.0
3210.514263,1321,4875.561933,0.9345193035579107,0.10020817562452687,0.15428667555843936,1.0,1.0,1.0
3235.320523,1321,4888.71295,0.9504163512490538,0.11869164774160991,0.16742607211948618,1.0,1.0,1.0
3214.077896,1321,4901.817975,0.9393136512742871,0.10585415089578602,0.1590221453204042,1.0,1.0,1.0
3224.989354,1321,4914.91723,0.927958617209185,0.10468710572798384,0.16552034894199918,1.0,1.0,1.0
3228.687955,1321,4928.098711,0.9377365632096897,0.10105980317940953,0.14760883409634357,1.0,1.0,1.0
3248.489305,1321,4941.19449,0.9447388342165026,0.10903986878627302,0.16185069031397567,0.9992429977289932,1.0,0.9992429977289932
3236.453009,1321,4954.195215,0.9379258137774413,0.12398435528639921,0.17830167141295072,1.0,1.0,1.0
3234.281416,1321,4967.18084,0.9560938682816048,0.10358314408276559,0.14330773944702785,1.0,1.0,1.0
3205.225837,1321,4980.174264,0.9388089830936158,0.11553747161241484,0.15448133328526967,1.0,1.0,1.0
3225.751264,1321,4993.167803,0.9475145092101942,0.10301539237951046,0.14566165603258713,0.9992429977289932,1.0,0.9992429977289932
3225.809948,1321,5006.269128,0.9447388342165026,0.10591723441836993,0.1475343354601492,1.0,1.0,1.0
3248.236196,1321,5019.584961,0.9516780217007317,0.1161998485995458,0.15570275044158466,0.9984859954579863,1.0,0.9984859954579863
3230.765996,1321,5032.877633,0.9487761796618722,0.11112162503154177,0.15764091657354337,1.0,1.0,1.0
3203.491091,1321,5046.232444,0.9309866262932124,0.0927958617209185,0.15103456977037596,1.0,1.0,1.0
3228.791848,1321,5059.454143,0.9464420893262679,0.11399192530910925,0.1508855724979873,1.0,1.0,1.0
3209.08265,1321,5072.657992,0.9366641433257632,0.08879726758227893,0.14707172296120063,0.9992429977289932,1.0,0.9992429977289932
3216.570853,1321,5085.963049,0.9379258137774413,0.09582387080494574,0.1477175780733691,1.0,1.0,1.0
3241.648186,1321,5099.219111,0.9544536966944234,0.10111657834973505,0.1450584573975944,1.0,1.0,1.0
3244.015176,1321,5112.405835,0.9492808478425435,0.11067373202119606,0.16123427417901298,1.0,1.0,1.0
3276.236532,1321,5125.531796,0.9562200353267726,0.12127807216754985,0.1599233931179427,0.9992429977289932,1.0,0.9992429977289932
3237.657115,1321,5138.481099,0.938808983093616,0.10150138783749685,0.15084652079353061,0.9992429977289932,1.0,0.9992429977289932
3263.829187,1321,5151.582048,0.9509210194297248,0.10960762048952813,0.15510495896567053,0.9984859954579863,1.0,0.9984859954579863
3240.157156,1321,5164.956442,0.9443603330809992,0.10150138783749683,0.14655323648510624,0.9992429977289932,1.0,0.9992429977289932
3252.461189,1321,5178.527692,0.9502901842038861,0.09282740348221044,0.1434687526284801,0.9984859954579863,1.0,0.9984859954579863
3303.568593,1321,5191.676179,0.9637900580368408,0.12507029306802206,0.1631886617882076,0.9992429977289932,1.0,0.9992429977289932
3248.948427,1321,5204.871511,0.9345823870804946,0.09882033812768104,0.15972267281881208,0.9984859954579863,1.0,0.9984859954579863
3259.860784,1321,5218.224425,0.9452435023971737,0.11294473883421649,0.15623926078127442,1.0,1.0,1.0
3260.13704,1321,5231.315017,0.9453065859197578,0.11569518041887458,0.15652463862153493,0.9984859954579863,1.0,0.9984859954579863
3249.725656,1321,5244.42942,0.9284632853898561,0.11945585955805486,0.18001393845451377,0.9992429977289932,1.0,0.9992429977289932
3239.175068,1321,5257.542565,0.9299772899318698,0.11213096139288418,0.16641853814450333,0.9984859954579863,1.0,0.9984859954579863
3241.065488,1321,5270.56647,0.9321221296997225,0.10810713384521105,0.16100657270225777,1.0,1.0,1.0
3241.40534,1321,5283.936781,0.9362856421902599,0.10369669442341661,0.1574865121420761,0.9984859954579863,1.0,0.9984859954579863
3252.868606,1321,5297.290849,0.9491546807973759,0.10996178940917774,0.157045528279442,0.9992429977289932,1.0,0.9992429977289932
3276.772836,1321,5310.596571,0.9531920262427452,0.1228236184708554,0.17080254256635788,0.9992429977289932,1.0,0.9992429977289932
3245.371831,1321,5324.123732,0.9333207166288167,0.10919757759273278,0.1612661709558,0.9992429977289932,1.0,0.9992429977289932
3247.697597,1321,5337.097323,0.9473883421650265,0.11630168342885981,0.15941266236497123,0.9992429977289932,1.0,0.9992429977289932
3238.735136,1321,5350.19515,0.948397678526369,0.11766428751667206,0.15794371748194605,0.9984859954579863,1.0,0.9984859954579863
3265.762053,1321,5363.560067,0.9645470603078476,0.12354907898057026,0.14968458238708052,0.9992429977289932,1.0,0.9992429977289932
3231.555535,1321,5376.925756,0.9249936916477415,0.11365848383259437,0.18015993174963654,0.9992429977289932,1.0,0.9992429977289932
3266.256765,1321,5390.251789,0.9429724955841533,0.11907014887711331,0.1618904520494225,0.9992429977289932,1.0,0.9992429977289932
3282.54663,1321,5403.195365,0.9415846580873077,0.12526585198803217,0.18398339401367408,0.9992429977289932,1.0,0.9992429977289932
3246.967182,1321,5416.135269,0.9323113802674743,0.11645218268988139,0.17162382995085493,0.9984859954579863,1.0,0.9984859954579863
3254.305442,1321,5428.984371,0.9390613171839516,0.11777062831188492,0.16383271451401654,0.9992429977289932,1.0,0.9992429977289932
3252.203293,1321,5441.799114,0.9333838001514004,0.12792707544789303,0.1719013974502241,0.9984859954579863,1.0,0.9984859954579863
3281.512925,1321,5454.662653,0.9554630330557657,0.12975649760282615,0.16861564711678262,0.9977289931869796,1.0,0.9977289931869796
3255.772814,1321,5468.03485,0.9454958364875095,0.11853393893515013,0.160116193840645,1.0,1.0,1.0
3249.444271,1321,5481.469238,0.9232273530153923,0.11993529432969251,0.1838512190139745,1.0,1.0,1.0
3280.438869,1321,5495.024553,0.9492177643199595,0.11534822104466314,0.16584357689581003,0.9992429977289932,1.0,0.9992429977289932
3265.301309,1321,5508.141072,0.9457481705778452,0.12250189250567751,0.1654867043966211,0.9992429977289932,1.0,0.9992429977289932
3272.214249,1321,5521.011188,0.9399444865001261,0.1244259399444865,0.17426432596758107,0.9992429977289932,1.0,0.9992429977289932
3263.979461,1321,5533.963573,0.9439818319454958,0.1136386575826394,0.16565372553260516,0.9992429977289932,1.0,0.9992429977289932
3249.811442,1321,5547.068769,0.9326772646984607,0.1157519555892001,0.17173497710969324,0.9984859954579863,1.0,0.9984859954579863
3262.475599,1321,5560.342947,0.93628564219026,0.1334216502649508,0.18225130072215615,0.9992429977289932,1.0,0.9992429977289932
3273.897265,1321,5573.537275,0.9312389603835477,0.1270439061317184,0.18801413070905879,0.9992429977289932,1.0,0.9992429977289932
3263.994615,1321,5586.529351,0.9385566490032803,0.10835315958328828,0.1679487641637528,1.0,1.0,1.0
3278.482951,1321,5599.36563,0.9430986626293213,0.13282235680040372,0.18582122730495174,1.0,1.0,1.0
3277.79269,1321,5612.155081,0.9327529649255614,0.11985238455715366,0.17689581005250954,1.0,1.0,1.0
3263.119142,1321,5625.046412,0.944549583648751,0.12370047943477161,0.17132523461062446,1.0,1.0,1.0
3263.179021,1321,5637.841899,0.9444865001261671,0.11023845571536714,0.16141331122406066,1.0,1.0,1.0
3259.003285,1321,5650.709526,0.9412061569518043,0.11762643740312173,0.17219698881318868,1.0,1.0,1.0
3297.646653,1321,5663.457669,0.9515518546555639,0.12408528892253343,0.16728308280162935,0.9992429977289932,1.0,0.9992429977289932
3288.461561,1321,5676.681883,0.9386828160484482,0.128557910673732,0.18476683128462082,0.9977289931869796,1.0,0.9977289931869796
3262.325357,1321,5689.901008,0.9437294978551601,0.11701993439313652,0.1704096223399781,1.0,1.0,1.0
3219.182361,1321,5703.137335,0.9106737320211961,0.10743123896038356,0.1870516563930644,1.0,1.0,1.0
3240.459087,1321,5716.514255,0.9288417865253595,0.11984066904581667,0.18395936219554687,1.0,1.0,1.0
3247.659653,1321,5729.63547,0.9325637143578098,0.11272394650517285,0.17560770460089156,0.9984859954579863,1.0,0.9984859954579863
3249.409567,1321,5742.918147,0.9321221296997224,0.11061064849861217,0.1631940689472862,0.9992429977289932,1.0,0.9992429977289932
3293.148326,1321,5756.155775,0.934393136512743,0.1253091092606611,0.18129964072431898,1.0,1.0,1.0
3288.170871,1321,5769.363583,0.9492177643199595,0.11531667928337117,0.14909580284296406,0.9984859954579863,1.0,0.9984859954579863
3292.566606,1321,5782.446884,0.9383673984355286,0.1339200100933636,0.17967148504620117,1.0,1.0,1.0
3280.352316,1321,5795.954355,0.9290941206156953,0.11814912944738834,0.1804393016353652,1.0,1.0,1.0
3274.953244,1321,5809.114011,0.9433509967196567,0.11770754478930104,0.16037874145368466,0.9992429977289932,1.0,0.9992429977289932
3273.437334,1321,5822.520591,0.9447388342165026,0.11194171082513248,0.1547637071482643,1.0,1.0,1.0
3286.494844,1321,5835.946695,0.9462528387585163,0.12288039364118092,0.17205820506350408,1.0,1.0,1.0
3287.507998,1321,5849.306978,0.9509210194297248,0.12187105727983852,0.1632084880381625,1.0,1.0,1.0
3286.743275,1321,5862.588299,0.9388089830936158,0.1265329295987888,0.18059490765773883,1.0,1.0,1.0
3261.912977,1321,5875.819372,0.9439818319454958,0.10720413827908151,0.1537784026050491,1.0,1.0,1.0
3273.103833,1321,5889.109367,0.9361594751450921,0.11622508200857935,0.16395227280919938,1.0,1.0,1.0
3299.772063,1321,5902.352837,0.9512995205652283,0.13190133737067877,0.1788712255025654,1.0,1.0,1.0
3296.638639,1321,5915.617814,0.9512995205652283,0.13761039616452184,0.18675486343919348,0.9992429977289932,1.0,0.9992429977289932
3280.784897,1321,5928.854142,0.9456220035326771,0.13112631123607654,0.17350191653749564,1.0,1.0,1.0
3263.252241,1321,5942.043372,0.9340146353772394,0.11581503911178398,0.16770303882340218,0.9992429977289932,1.0,0.9992429977289932
3281.513197,1321,5955.1906,0.9428463285389856,0.12483147687538301,0.17912175720654144,0.9992429977289932,1.0,0.9992429977289932
3273.389164,1321,5968.405272,0.9425939944486499,0.12858945243502398,0.1734039868786273,0.9992429977289932,1.0,0.9992429977289932
3249.778866,1321,5981.62853,0.9309866262932122,0.11439565985364623,0.1663338806033734,0.9977289931869796,1.0,0.9977289931869796
3266.136446,1321,5994.638286,0.9477668433005298,0.12329043653797629,0.16522235439722188,1.0,1.0,1.0
3281.399178,1321,6007.780917,0.9526242745394904,0.12496214988644964,0.1645398507624094,1.0,1.0,1.0
3270.765825,1321,6021.193447,0.941836992177643,0.11813110558379293,0.1751769342609615,1.0,1.0,1.0
3295.804942,1321,6034.630883,0.9609512995205651,0.1240474388089831,0.16274587553921394,1.0,1.0,1.0
3277.551888,1321,6048.026194,0.9313651274287156,0.12710698965430228,0.18864616752580413,1.0,1.0,1.0
3274.987846,1321,6061.327864,0.9320590461771385,0.11459842831909446,0.17855700948055225,0.9992429977289932,1.0,0.9992429977289932
3287.336461,1321,6074.671052,0.9425939944486499,0.12581377744133235,0.17399877437727554,0.9969719909159728,1.0,0.9969719909159728
3294.976293,1321,6088.063094,0.9365379762805955,0.1162566237698713,0.17575610107782705,1.0,1.0,1.0
3301.93964,1321,6101.350603,0.946379005803684,0.12130330557658338,0.1757903464186583,0.9977289931869796,1.0,0.9977289931869796
3291.89304,1321,6114.493098,0.9461266717133486,0.13893515013878374,0.1928703603571128,0.9969719909159728,1.0,0.9969719909159728
3281.985714,1321,6127.553258,0.9313651274287157,0.1213600807469089,0.19150114751931557,1.0,1.0,1.0
3276.444156,1321,6140.526768,0.937484229119354,0.10411304567247037,0.16635785780373213,1.0,1.0,1.0
3285.259715,1321,6153.503805,0.9447514509210196,0.12382664647993943,0.17187015608665873,1.0,1.0,1.0
3324.97605,1321,6166.880615,0.9569770375977793,0.13574943224829675,0.18041166504451897,0.9992429977289932,1.0,0.9992429977289932
3291.412914,1321,6180.244258,0.9441079989906636,0.1277828845391298,0.1804783533398219,1.0,1.0,1.0
3305.48503,1321,6193.330333,0.9422154933131465,0.14080963195270538,0.19481874001177554,1.0,1.0,1.0
3319.911395,1321,6206.719586,0.9307342922028766,0.11903229876356296,0.18178268026867572,1.0,1.0,1.0
3279.538057,1321,6220.120351,0.9286525359576079,0.11631970729245521,0.17524542494262402,1.0,1.0,1.0
3331.925397,1321,6233.504221,0.9466313398940197,0.1403365055333261,0.18859449911683066,1.0,1.0,1.0
3303.42574,1321,6246.914782,0.9356548069644209,0.1306081251577088,0.1861564711678262,1.0,1.0,1.0
3306.221009,1321,6260.286592,0.9502901842038859,0.13011697487473414,0.18769871309613928,0.9992429977289932,1.0,0.9992429977289932
3298.771216,1321,6273.573755,0.9468836739843552,0.13786273025485743,0.18485995457986373,0.9992429977289932,1.0,0.9992429977289932
3295.747551,1321,6286.790158,0.9447388342165026,0.13789427201614937,0.18210951299520564,1.0,1.0,1.0
3311.317038,1321,6299.782008,0.9505425182942214,0.1430355791067373,0.1891292070701609,1.0,1.0,1.0
3270.719941,1321,6313.080433,0.9316174615190511,0.12496935943188782,0.17929598788796366,1.0,1.0,1.0
3300.682472,1321,6326.433452,0.944612667171335,0.13546555639666918,0.1864154140081468,1.0,1.0,1.0
3333.052552,1321,6339.801515,0.9557784506686853,0.14095382286146857,0.187063672302128,0.9992429977289932,1.0,0.9992429977289932
3311.041648,1321,6353.191483,0.9313651274287156,0.1307613279982697,0.19520084591999806,1.0,1.0,1.0
3315.835339,1321,6366.647376,0.9302296240222053,0.13164900328034318,0.19488542830707858,1.0,1.0,1.0
3295.49529,1321,6379.994735,0.9436033308099925,0.11247161241483723,0.162165507131442,1.0,1.0,1.0
3317.568795,1321,6393.059971,0.9425939944486501,0.1371688115064345,0.18616368071326436,1.0,1.0,1.0
3321.167912,1321,6405.955951,0.9395659853646228,0.1254983598284128,0.18372324958244715,0.9992429977289932,1.0,0.9992429977289932
3324.808978,1321,6418.915415,0.9343426696946759,0.12743592516491836,0.18867800968482268,1.0,1.0,1.0
3322.5717,1321,6431.792266,0.9356548069644209,0.1293464547060308,0.19114727899739253,0.9984859954579863,1.0,0.9984859954579863
3330.00804,1321,6445.404204,0.9342669694675751,0.12896344760462852,0.18881499104814772,0.9992429977289932,1.0,0.9992429977289932
3311.876327,1321,6458.762784,0.9355286399192531,0.12162503154176128,0.18445441764896722,0.9992429977289932,1.0,0.9992429977289932
3310.251587,1321,6472.103763,0.944486500126167,0.1280532424930608,0.18757795321005008,1.0,1.0,1.0
3335.88966,1321,6485.349309,0.9409538228614686,0.14631592228110016,0.20566009396440887,1.0,1.0,1.0
3325.697052,1321,6498.526142,0.9430986626293213,0.1367092029847518,0.18606454946348966,0.9992429977289932,1.0,0.9992429977289932
3303.097392,1321,6511.904442,0.9319959626545545,0.122817310118597,0.18109416867933142,1.0,1.0,1.0
3284.080285,1321,6525.320755,0.9245521069896544,0.11278703002775675,0.18742775434675507,1.0,1.0,1.0
3328.768512,1321,6538.514895,0.9553368660105981,0.14212086802927076,0.19279766410727803,1.0,1.0,1.0
3314.182359,1321,6551.789523,0.9447388342165026,0.12597148624779209,0.18124436754262643,1.0,1.0,1.0
3339.137716,1321,6564.877332,0.9610143830431491,0.14467575069391875,0.18931665525155303,1.0,1.0,1.0
3346.864267,1321,6578.067133,0.95666161998486,0.14357178904870047,0.19779748386864207,1.0,1.0,1.0
3318.916561,1321,6591.446586,0.9350239717385818,0.1281226343679031,0.18246999026711366,0.9992429977289932,1.0,0.9992429977289932
3315.761441,1321,6604.942257,0.9452435023971737,0.1297249558415342,0.17162082597358902,1.0,1.0,1.0
3302.946508,1321,6618.176199,0.9395659853646228,0.1307973757254605,0.19054708433966575,0.9984859954579863,1.0,0.9984859954579863
3328.189243,1321,6631.359122,0.9414584910421396,0.12500720954543817,0.17508080698845271,0.9984859954579863,1.0,0.9984859954579863
3343.473053,1321,6644.422592,0.9523719404491547,0.13923254388810785,0.18592696730471145,1.0,1.0,1.0
3328.672321,1321,6657.44634,0.9495331819328791,0.15505299015897048,0.20574961248693271,0.9992429977289932,1.0,0.9992429977289932
3305.901626,1321,6670.587474,0.9385566490032803,0.1434456220035327,0.194679956262091,1.0,1.0,1.0
3266.308314,1321,6683.876381,0.941836992177643,0.13426696946757508,0.17706403277939992,1.0,1.0,1.0
3279.751846,1321,6697.115095,0.9516780217007317,0.13092354277062832,0.16964841450079907,1.0,1.0,1.0
3285.979056,1321,6710.44628,0.944486500126167,0.1277828845391298,0.17995806447736803,0.9984859954579863,1.0,0.9984859954579863
3304.554841,1321,6723.617279,0.9393136512742872,0.1133863234923038,0.17317688619732524,0.9992429977289932,1.0,0.9992429977289932
3348.979665,1321,6736.687856,0.9529396921524099,0.13634872571284382,0.18201879288177544,1.0,1.0,1.0
3350.462544,1321,6749.811309,0.9558415341912692,0.14268861973252586,0.18936952525143289,0.9992429977289932,1.0,0.9992429977289932
3344.556124,1321,6763.278241,0.9471360080746909,0.14161619984859955,0.1904605697944078,1.0,1.0,1.0
3330.859855,1321,6776.334186,0.9425939944486499,0.1321536714610144,0.1894199920695,1.0,1.0,1.0
3345.565381,1321,6789.411721,0.9444234166035831,0.1328475902094373,0.187407327301347,0.9977289931869796,1.0,0.9977289931869796
3337.538321,1321,6802.426368,0.9502901842038859,0.13643704264446127,0.1749396200569554,1.0,1.0,1.0
3345.959374,1321,6815.325724,0.9543275296492555,0.13631718395155185,0.1772989438015933,1.0,1.0,1.0
3322.738495,1321,6828.25686,0.9573555387332827,0.13029270754478928,0.17453479315704903,0.9984859954579863,1.0,0.9984859954579863
3367.093259,1321,6841.203732,0.9607620489528136,0.15240348221044664,0.1931317063792461,0.9992429977289932,1.0,0.9992429977289932
3343.181767,1321,6854.167566,0.957860206913954,0.14817688619732527,0.1923542770628312,1.0,1.0,1.0
3331.04817,1321,6867.055765,0.9343931365127428,0.14489654302296237,0.20812816168607237,0.9992429977289932,1.0,0.9992429977289932
3326.204549,1321,6880.403136,0.9366641433257634,0.1313020439061317,0.19062398615767273,1.0,1.0,1.0
3326.428141,1321,6893.768478,0.932374463790058,0.13603330809992428,0.20061521454405631,0.9984859954579863,1.0,0.9984859954579863
3341.633044,1321,6907.095146,0.9428463285389856,0.1299592660682744,0.18677288730278888,0.9992429977289932,1.0,0.9992429977289932
3381.701144,1321,6920.186,0.9603835478173102,0.15098410295230885,0.19054948752147843,0.9984859954579863,1.0,0.9984859954579863
3352.254563,1321,6933.115699,0.9409538228614686,0.1485869290941206,0.20437559328551003,0.9977289931869796,1.0,0.9977289931869796
3381.576715,1321,6946.184534,0.9645470603078476,0.15714826430193576,0.1976311727636481,0.9992429977289932,1.0,0.9992429977289932
3345.306841,1321,6959.680684,0.9488392631844563,0.1313020439061317,0.18557490116914796,0.9984859954579863,1.0,0.9984859954579863
3374.70522,1321,6972.679231,0.95407519555892,0.14342759813993727,0.18633911298559291,1.0,1.0,1.0
3360.27683,1321,6985.789385,0.9475145092101942,0.13636224361054036,0.18766627014166756,0.9977289931869796,1.0,0.9977289931869796
3346.606615,1321,6998.785225,0.9439818319454958,0.12620579647453228,0.18679331434819701,0.9992429977289932,1.0,0.9992429977289932
3367.179259,1321,7011.680872,0.9550845319202623,0.13945333621715153,0.19039759550736082,1.0,1.0,1.0
3362.204997,1321,7024.750058,0.945117335352006,0.14620327313362894,0.19606178580440506,0.9992429977289932,1.0,0.9992429977289932
3368.008177,1321,7038.094909,0.9481453444360333,0.14612667171334848,0.2009702846568857,0.9992429977289932,1.0,0.9992429977289932
3369.671346,1321,7051.499571,0.9531163260156447,0.14019682059046176,0.18762661764175767,1.0,1.0,1.0
3348.629228,1321,7064.783194,0.9511733535200606,0.13063966691900075,0.1802530550448794,0.9992429977289932,1.0,0.9992429977289932
3348.793233,1321,7077.701783,0.9386828160484482,0.1327214231642695,0.19360283925007618,0.9962149886449659,1.0,0.9962149886449659
3331.775601,1321,7090.813553,0.9504163512490538,0.14819040409502182,0.19711197625656365,0.9977289931869796,1.0,0.9977289931869796
3309.662513,1321,7103.807196,0.9530658591975776,0.1339830936159475,0.182260913449407,0.9931869795609387,1.0,0.9931869795609387
3307.665152,1321,7116.800304,0.945117335352006,0.13120741862225585,0.186829962870841,0.9984859954579863,1.0,0.9984859954579863
3337.504323,1321,7129.731947,0.9470098410295231,0.14016527882916982,0.19494610864784975,0.9992429977289932,1.0,0.9992429977289932
3342.672219,1321,7142.5685,0.9421524097905627,0.12698082260913449,0.1882700695721135,0.9984859954579863,1.0,0.9984859954579863
3339.451751,1321,7155.605782,0.9362856421902599,0.13984986121625032,0.19296288285690252,0.9977289931869796,1.0,0.9977289931869796
3361.83789,1321,7168.899287,0.9440449154680799,0.13931365127428716,0.2008200857935907,0.9992429977289932,1.0,0.9992429977289932
3386.790593,1321,7181.797536,0.9625283875851628,0.15786020691395408,0.20509354385206013,0.9992429977289932,1.0,0.9992429977289932
3368.290204,1321,7194.863478,0.9468205904617714,0.1511418117587686,0.20598517892234772,0.9992429977289932,1.0,0.9992429977289932
3380.351508,1321,7208.198244,0.9449911683068382,0.15704012112036336,0.2175852829145789,0.9992429977289932,1.0,0.9992429977289932
3364.638156,1321,7221.69154,0.9465051728488518,0.14357178904870047,0.19436754262643738,1.0,1.0,1.0
3340.22565,1321,7234.986639,0.9441079989906636,0.1328475902094373,0.1888997032070461,0.9984859954579863,1.0,0.9984859954579863
3358.464053,1321,7248.381194,0.9333838001514004,0.14962780721675498,0.2100525095226079,1.0,1.0,1.0
3356.185642,1321,7261.680922,0.9313020439061317,0.14363487257128438,0.20957187316006395,1.0,1.0,1.0
3365.190042,1321,7274.942994,0.9398183194549584,0.1506371435780974,0.20815279429965272,0.9992429977289932,1.0,0.9992429977289932
3367.524272,1321,7288.061909,0.9449911683068384,0.14591939728200137,0.19784734989125602,1.0,1.0,1.0
3357.603117,1321,7301.092252,0.9299772899318698,0.1476406762553621,0.2165230765533566,1.0,1.0,1.0
3356.959808,1321,7314.326099,0.9357809740095886,0.13688493565480694,0.19728320296071997,0.9984859954579863,1.0,0.9984859954579863
3383.224445,1321,7327.617188,0.9504794347716378,0.15580999242997728,0.20093904329332038,0.9992429977289932,1.0,0.9992429977289932
3363.01057,1321,7340.813694,0.9328791319707291,0.14921776431995964,0.22126515506530645,1.0,1.0,1.0
3348.047303,1321,7354.10429,0.9337623012869039,0.1357178904870048,0.2036720618098362,1.0,1.0,1.0
3368.178454,1321,7367.401093,0.9577340398687864,0.14117461519051225,0.18030051788568063,1.0,1.0,1.0
3358.857332,1321,7380.690462,0.9471360080746909,0.1309866262932122,0.18751306730110665,0.9992429977289932,1.0,0.9992429977289932
3376.711835,1321,7394.04712,0.9461897552359323,0.1435717890487005,0.196385614553669,1.0,1.0,1.0
3364.709869,1321,7407.330826,0.944549583648751,0.14111153166792834,0.19435072035374834,1.0,1.0,1.0
3381.357693,1321,7420.577131,0.9500378501135504,0.15442215493313144,0.2031086249102903,0.9992429977289932,1.0,0.9992429977289932
3377.833758,1321,7433.824453,0.9589957103204644,0.14931238960383547,0.19474424137558127,1.0,1.0,1.0
3362.005539,1321,7447.261148,0.9438556649003281,0.14467575069391875,0.19288538024344232,1.0,1.0,1.0
3361.573031,1321,7460.355968,0.9543275296492557,0.14410799899066365,0.18862574048039607,1.0,1.0,1.0
3385.633197,1321,7473.670815,0.9463159222811003,0.1535074438556649,0.2130360597430999,1.0,1.0,1.0
3375.709322,1321,7486.948239,0.9507948523845572,0.14757759273277818,0.1917805174050443,1.0,1.0,1.0
3389.960929,1321,7500.173607,0.9558415341912692,0.15394902851375222,0.19785516023214736,1.0,1.0,1.0
3386.608824,1321,7513.442182,0.9538228614685844,0.1433645146173534,0.18448025185345399,0.9984859954579863,1.0,0.9984859954579863
3381.468184,1321,7526.529544,0.9425939944486501,0.14972243250063083,0.20658242422057713,1.0,1.0,1.0
3373.584853,1321,7539.544602,0.9471360080746909,0.14117461519051225,0.18874120244294354,0.9992429977289932,1.0,0.9992429977289932
3375.386001,1321,7552.477392,0.9347085541256623,0.13393352799106015,0.19540162083689716,1.0,1.0,1.0
3363.201157,1321,7565.617644,0.9376734796871056,0.1301034569770376,0.19232543888107856,1.0,1.0,1.0
3396.716402,1321,7579.148359,0.956724703507444,0.15995548105691937,0.20527618566982683,1.0,1.0,1.0
3385.389631,1321,7592.619268,0.9574817057784506,0.14464420893262678,0.18961705297814307,1.0,1.0,1.0
3358.8415,1321,7606.035333,0.9275801160736816,0.13253217259651778,0.2109452915660334,0.9992429977289932,1.0,0.9992429977289932
3379.046796,1321,7619.385609,0.9370426444612666,0.14612667171334848,0.21203873929082104,0.9992429977289932,1.0,0.9992429977289932
3394.317435,1321,7632.739944,0.9482084279586172,0.15057406005551346,0.20110185886113216,1.0,1.0,1.0
3399.234453,1321,7645.947505,0.9535705273782487,0.15092101942972497,0.20307847590209435,0.9992429977289932,1.0,0.9992429977289932
3376.758967,1321,7659.307367,0.9374211455967703,0.14196315922281097,0.2080488566862526,1.0,1.0,1.0
3386.065861,1321,7672.646182,0.9446126671713347,0.14514887711329802,0.20105379522487776,0.9984859954579863,1.0,0.9984859954579863
3386.593121,1321,7685.763552,0.9404491546807975,0.15334973504920513,0.21850990711702295,0.9969719909159728,1.0,0.9969719909159728
3390.55875,1321,7699.331258,0.9476406762553621,0.15451678021700732,0.21305168042488254,0.9962149886449659,1.0,0.9962149886449659
3361.678318,1321,7712.856586,0.9388089830936158,0.14979182437547311,0.2137828484914026,0.9954579863739591,1.0,0.9954579863739591
3384.349152,1321,7726.053068,0.9505425182942214,0.14796240222053997,0.20236352931281015,0.9977289931869796,1.0,0.9977289931869796
3415.198121,1321,7739.286135,0.9524350239717385,0.1570716628816553,0.2056126311236077,0.9977289931869796,1.0,0.9977289931869796
3409.6655,1321,7752.600228,0.9573555387332829,0.1501955589200101,0.19762625716448576,1.0,1.0,1.0
3398.179625,1321,7765.841074,0.9506686853393893,0.1448334595003785,0.1963028140166672,1.0,1.0,1.0
3410.654466,1321,7779.176424,0.9492808478425435,0.16533560434014635,0.21724523268807902,1.0,1.0,1.0
3394.774429,1321,7792.401128,0.9449911683068382,0.1623075952561191,0.221880970404816,1.0,1.0,1.0
3411.067993,1321,7805.67217,0.956724703507444,0.16207418622255865,0.20686589043894116,1.0,1.0,1.0
3422.469975,1321,7818.921921,0.96555639666919,0.15741862225586678,0.20364387904130524,0.9992429977289932,1.0,0.9992429977289932
3380.487097,1321,7832.175009,0.941836992177643,0.14723063335856676,0.20099491727046606,0.9992429977289932,1.0,0.9992429977289932
3387.394777,1321,7845.447474,0.9371688115064345,0.1569454958364875,0.2125205772442714,0.9992429977289932,1.0,0.9992429977289932
3405.542166,1321,7858.723881,0.9441710825132476,0.1688051980822609,0.22474561774334673,1.0,1.0,1.0
3408.352577,1321,7872.008793,0.9505425182942214,0.1621814282109513,0.20650300998522042,0.9992429977289932,1.0,0.9992429977289932
3412.573357,1321,7884.914598,0.9524350239717385,0.15738708049457484,0.21533049757879433,1.0,1.0,1.0
3395.444852,1321,7898.152676,0.9344562200353267,0.16558793843048197,0.23399240594547177,0.9992429977289932,1.0,0.9992429977289932
3412.692452,1321,7911.621652,0.9491546807973756,0.16722811001766336,0.22537039039688547,1.0,1.0,1.0
3398.271397,1321,7924.792032,0.9393767347968711,0.16148750946252838,0.22018071927231656,0.9992429977289932,1.0,0.9992429977289932
3399.865266,1321,7937.729435,0.9526242745394904,0.1517726469846076,0.2048604352162263,0.9984859954579863,1.0,0.9984859954579863
3403.164034,1321,7950.622955,0.9366010598031794,0.16353772394650518,0.23157901061004768,1.0,1.0,1.0
3407.421994,1321,7963.466724,0.9525611910169065,0.15568382538480946,0.20950158009204184,1.0,1.0,1.0
3387.913238,1321,7976.325232,0.9360333080999244,0.15908582963844128,0.21753121132379272,0.9992429977289932,1.0,0.9992429977289932
3409.350467,1321,7989.232375,0.9433509967196567,0.1652409790562705,0.22218256972231235,1.0,1.0,1.0
3402.107938,1321,8002.11641,0.9383043149129447,0.15814408276558162,0.2249125842615623,1.0,1.0,1.0
3394.110901,1321,8015.006052,0.9395029018420388,0.1604916909988825,0.21841017507179505,0.9992429977289932,1.0,0.9992429977289932
3406.398775,1321,8028.066416,0.9553368660105981,0.15603078475902096,0.20481837953450366,0.9992429977289932,1.0,0.9992429977289932
3414.007853,1321,8040.967972,0.9504920514761543,0.1647363108755993,0.22058625620321307,1.0,1.0,1.0
3388.722512,1321,8053.832839,0.9419631592228109,0.15388594499116828,0.214965923974251,1.0,1.0,1.0
3391.823416,1321,8066.820537,0.9397552359323745,0.15620201146317725,0.21274407315285437,0.9992429977289932,1.0,0.9992429977289932
3412.033334,1321,8079.79889,0.9521196063588191,0.1650517284885188,0.2150096728067962,1.0,1.0,1.0
3416.046382,1321,8093.011832,0.9540751955589202,0.16741736058541506,0.22201074222270284,1.0,1.0,1.0
3394.319902,1321,8106.096285,0.9345193035579107,0.1564858873148048,0.2197829926823114,0.9992429977289932,1.0,0.9992429977289932
3405.995343,1321,8118.9748,0.9494070148877114,0.16410547564976027,0.2184829259393983,1.0,1.0,1.0
3411.643629,1321,8131.841094,0.9563462023719406,0.1554630330557658,0.2113754611105103,0.9992429977289932,1.0,0.9992429977289932
3406.425537,1321,8145.269584,0.9449911683068382,0.15637774413323238,0.21311055837929418,1.0,1.0,1.0
3402.649157,1321,8158.351314,0.9460005046681805,0.1507633106232652,0.2098212032731336,1.0,1.0,1.0
3427.323716,1321,8171.640495,0.9526873580620742,0.16444792905807287,0.22076949881643296,1.0,1.0,1.0
3419.56637,1321,8185.078399,0.9569770375977793,0.16401085036588442,0.21355875178736644,0.9992429977289932,1.0,0.9992429977289932
3407.456875,1321,8198.396547,0.9408276558163009,0.1694495512057965,0.2357569421914615,0.9992429977289932,1.0,0.9992429977289932
3384.46142,1321,8211.712155,0.9316174615190512,0.1659799574636819,0.23570407219158163,1.0,1.0,1.0
3405.549447,1321,8224.973901,0.9488392631844563,0.1629384304819581,0.2201759129086911,0.9992429977289932,1.0,0.9992429977289932
3397.436702,1321,8238.199683,0.9298385061821852,0.16502018672722682,0.24139000036047725,1.0,1.0,1.0
3393.1545,1321,8251.442222,0.9364118092354277,0.1619921776431996,0.2213030051788568,0.9992429977289932,1.0,0.9992429977289932
3417.316352,1321,8264.607325,0.9542013626040878,0.1756813020439061,0.2324856109488963,0.9984859954579863,1.0,0.9984859954579863
3404.7129,1321,8277.917285,0.9323113802674741,0.16457860206913955,0.23735686048327984,0.9992429977289932,1.0,0.9992429977289932
3410.274783,1321,8291.175039,0.9461266717133484,0.17911935402472876,0.23724991889261382,0.9984859954579863,1.0,0.9984859954579863
3417.565103,1321,8304.529186,0.9519303557910673,0.1782677264698461,0.22645903175804766,1.0,1.0,1.0
3420.962678,1321,8317.911395,0.9512995205652283,0.17703759777946002,0.2311404299292263,0.9977289931869796,1.0,0.9977289931869796
3421.975717,1321,8331.034507,0.9432248296744891,0.16943603330809992,0.22444887940724428,1.0,1.0,1.0
3421.571761,1321,8344.246008,0.9564723694171082,0.17596517789553368,0.23230356992658277,0.9992429977289932,1.0,0.9992429977289932
3410.515153,1321,8357.476417,0.9544536966944234,0.15543149129447387,0.20734412361967244,0.9992429977289932,1.0,0.9992429977289932
3434.286629,1321,8370.845388,0.9589957103204644,0.1718647489275801,0.22743652596037156,0.9992429977289932,1.0,0.9992429977289932
3402.615156,1321,8384.435663,0.9443603330809992,0.16612414837244513,0.21933179529697316,0.9992429977289932,1.0,0.9992429977289932
3397.228619,1321,8397.657241,0.9357809740095886,0.15814408276558162,0.2178201939367723,0.9984859954579863,1.0,0.9984859954579863
3422.827051,1321,8410.809539,0.9531920262427455,0.16934140802422407,0.22659852553872237,1.0,1.0,1.0
3414.743605,1321,8424.204001,0.9536966944234165,0.16694423416603582,0.21962197950085915,0.9992429977289932,1.0,0.9992429977289932
3425.300006,1321,8437.564338,0.9433509967196568,0.17047691143073432,0.23016233493144928,0.9992429977289932,1.0,0.9992429977289932
3397.05411,1321,8450.917522,0.927832450164017,0.16435780974009587,0.22948944402388763,0.9992429977289932,1.0,0.9992429977289932
3397.64993,1321,8464.303753,0.9351501387837498,0.17038228614685844,0.23156158754190545,1.0,1.0,1.0
3413.015254,1321,8477.659921,0.9501640171587182,0.16691269240474388,0.22385398267305912,1.0,1.0,1.0
3428.358819,1321,8490.929631,0.9480191773908656,0.17697000829097723,0.23267436995673182,1.0,1.0,1.0
3420.905071,1321,8504.066158,0.948334595003785,0.1686790310370931,0.22123151051992837,1.0,1.0,1.0
3413.847054,1321,8517.274054,0.9487257128438051,0.1652229551926751,0.22341359960587817,0.9992429977289932,1.0,0.9992429977289932
3416.924952,1321,8530.506444,0.9485869290941206,0.16145596770123644,0.21620946132679664,1.0,1.0,1.0
3413.412341,1321,8543.754453,0.9442341660358315,0.1610909844634296,0.21350648258293978,1.0,1.0,1.0
3418.827803,1321,8557.041257,0.9572293716881151,0.16429472621751198,0.21014983838602308,1.0,1.0,1.0
3422.89563,1321,8570.416389,0.9524981074943225,0.1694810929670884,0.2302680749312089,1.0,1.0,1.0
3395.432189,1321,8583.643416,0.9500378501135504,0.16621877365632096,0.21180743304134675,1.0,1.0,1.0
3413.404967,1321,8596.834198,0.9576078728236185,0.16643956598536463,0.21482582939812309,1.0,1.0,1.0
3413.03618,1321,8610.101584,0.9449911683068384,0.17356800403734543,0.23322218617449503,1.0,1.0,1.0
3395.21858,1321,8623.449397,0.9448650012616705,0.1573870804945748,0.2116109729281569,0.9992429977289932,1.0,0.9992429977289932
3439.685154,1321,8636.932178,0.9620237194044915,0.17987004794347716,0.22708986698388664,1.0,1.0,1.0
3438.493041,1321,8650.284958,0.9590587938430483,0.17997098157961142,0.2334276582194826,1.0,1.0,1.0
3427.771362,1321,8663.514744,0.9531289427201616,0.16233913701741107,0.2125716448577917,0.9992429977289932,1.0,0.9992429977289932
3415.577705,1321,8676.875042,0.9466944234166037,0.15798637395912188,0.22408649051343976,0.9992429977289932,1.0,0.9992429977289932
3415.93197,1321,8690.146139,0.9444865001261671,0.16653419126924046,0.2307018492484049,0.9992429977289932,1.0,0.9992429977289932
3434.483283,1321,8703.381248,0.9593111279333838,0.17101312137269742,0.21942333467693043,1.0,1.0,1.0
3423.798338,1321,8716.680228,0.9520565228362351,0.167480444107999,0.22378669358230296,0.9992429977289932,1.0,0.9992429977289932
3420.992233,1321,8729.900835,0.9489654302296241,0.16246530406257884,0.22021796859041368,0.9992429977289932,1.0,0.9992429977289932
3422.399006,1321,8742.98187,0.9486500126167046,0.17363108755992934,0.22742270766494835,0.9984859954579863,1.0,0.9984859954579863
3405.737417,1321,8756.103952,0.9339515518546556,0.1704769114307343,0.2355977313963688,1.0,1.0,1.0
3434.366107,1321,8769.208168,0.9552106989654303,0.16965682563714357,0.2232520948645097,1.0,1.0,1.0
3422.115554,1321,8782.28757,0.9591218773656321,0.17973216538697234,0.22544128426036067,1.0,1.0,1.0
3440.506575,1321,8795.593403,0.9543275296492557,0.17451425687610395,0.23354961969647814,1.0,1.0,1.0
3455.766043,1321,8808.978626,0.9594372949785517,0.1794032298763563,0.22676975224287868,1.0,1.0,1.0
3423.973448,1321,8822.30812,0.948334595003785,0.17533434266969466,0.2252588062958994,1.0,1.0,1.0
3432.82254,1321,8835.633542,0.950971486247792,0.17590209437294976,0.23239259688919037,1.0,1.0,1.0
3431.140833,1321,8848.769417,0.9466944234166037,0.16836361342417358,0.22869295310627633,1.0,1.0,1.0
3446.12671,1321,8862.216649,0.9626040878122634,0.18028639919253092,0.22550376698749144,1.0,1.0,1.0
3433.736851,1321,8875.419591,0.952813525107242,0.17057153671461014,0.2230038571068094,0.9992429977289932,1.0,0.9992429977289932
3449.275607,1321,8888.623509,0.9524350239717385,0.1803765185105079,0.23841546207178302,1.0,1.0,1.0
3429.730522,1321,8901.942616,0.946379005803684,0.1836929094120616,0.2417636951323552,0.9992429977289932,1.0,0.9992429977289932
3434.339217,1321,8915.219456,0.9475145092101943,0.18267906708482026,0.24459224012592673,0.9984859954579863,1.0,0.9984859954579863
3440.206272,1321,8928.435253,0.9525611910169065,0.17161241483724451,0.22556810671875016,1.0,1.0,1.0
3427.006905,1321,8941.652546,0.9420262427453948,0.17426192278576835,0.22950992568706421,1.0,1.0,1.0
3444.095524,1321,8954.928673,0.9588695432752965,0.17344183699217763,0.2247533734664696,1.0,1.0,1.0
3426.825363,1321,8968.217302,0.9429094120615696,0.17952939692152411,0.2402496905903416,1.0,1.0,1.0
3418.094563,1321,8981.559966,0.95666161998486,0.1596896290688872,0.21008074690890738,1.0,1.0,1.0
3431.196496,1321,8994.819328,0.9453696694423418,0.17847049493529432,0.23345048844670346,1.0,1.0,1.0
3428.849709,1321,9008.081731,0.9499116830683825,0.16640802422407266,0.22466145176213306,0.9992429977289932,1.0,0.9992429977289932
3400.889315,1321,9021.329029,0.9383673984355286,0.15552611657834972,0.21778545703602475,1.0,1.0,1.0
3414.400992,1321,9034.559292,0.951614938178148,0.16520943729497853,0.2193131706379246,1.0,1.0,1.0
3431.147017,1321,9047.782122,0.9579863739591219,0.1677327781983346,0.22076409165735433,1.0,1.0,1.0
3418.857488,1321,9061.050175,0.9511733535200606,0.16956220035326774,0.2237740768777862,1.0,1.0,1.0
3426.334781,1321,9074.323363,0.9475145092101943,0.16643956598536463,0.21784062098218038,1.0,1.0,1.0
3421.158286,1321,9087.54566,0.9447388342165026,0.16404239212717636,0.22768104970981579,0.9984859954579863,1.0,0.9984859954579863
3428.633845,1321,9100.975737,0.9345823870804946,0.17003532677264696,0.24316715331098374,1.0,1.0,1.0
3410.660982,1321,9114.362466,0.9355286399192531,0.1619921776431996,0.22473114403470193,1.0,1.0,1.0
3426.508153,1321,9127.495452,0.9531289427201616,0.17555513499873832,0.23391670571837112,1.0,1.0,1.0
3430.623902,1321,9140.742337,0.952750441584658,0.1778576835730507,0.22965766675077803,0.9992429977289932,1.0,0.9992429977289932
3447.653045,1321,9154.119692,0.9523088569265707,0.17795230885692656,0.23035060237936844,1.0,1.0,1.0
3445.137923,1321,9167.591713,0.9440449154680797,0.1706030784759021,0.2297273590233469,1.0,1.0,1.0
3416.929388,1321,9180.870771,0.940701488771133,0.16259147110774663,0.22813645266332624,1.0,1.0,1.0
3419.874814,1321,9194.076305,0.9352763058289175,0.16577718899823365,0.23965430229624024,0.9992429977289932,1.0,0.9992429977289932
3432.16809,1321,9207.280317,0.9331314660610649,0.17965556396669188,0.24625343955396942,1.0,1.0,1.0
3435.45747,1321,9220.53057,0.9483219782992682,0.1729687105727984,0.23133028129243116,0.9992429977289932,1.0,0.9992429977289932
3454.198795,1321,9233.763252,0.9471360080746909,0.17233787534695935,0.2364472561671653,1.0,1.0,1.0
3427.438202,1321,9247.058032,0.9326898814029775,0.1794663133989402,0.2512075988608918,1.0,1.0,1.0
3438.978902,1321,9260.338984,0.9555892001009337,0.1806018168054504,0.23634992730375018,1.0,1.0,1.0
3437.311067,1321,9273.690298,0.9468836739843554,0.17101942972495585,0.23243634572173555,1.0,1.0,1.0
3425.566624,1321,9286.916185,0.9478930103456977,0.17306333585667422,0.23089891015704792,0.9992429977289932,1.0,0.9992429977289932
3436.438468,1321,9300.015136,0.9412061569518043,0.18678400201867273,0.2506656813621234,1.0,1.0,1.0
3415.838476,1321,9313.471608,0.9348978046934141,0.1671334847337875,0.2325318721987912,1.0,1.0,1.0
3429.576788,1321,9326.851841,0.9385566490032803,0.1774160989149634,0.24977770568232335,0.9992429977289932,1.0,0.9992429977289932
3425.767934,1321,9340.369024,0.9321221296997225,0.1862162503154176,0.25375196760510915,1.0,1.0,1.0
3433.504208,1321,9353.741419,0.9507317688619733,0.17404113045672467,0.2346322531031085,1.0,1.0,1.0
3456.27743,1321,9367.076771,0.9587433762301287,0.18583774917991422,0.24031348414391562,0.9992429977289932,1.0,0.9992429977289932
3420.138374,1321,9380.269022,0.9383043149129447,0.17552359323744637,0.24629609603114522,0.9992429977289932,1.0,0.9992429977289932
3447.130684,1321,9393.550764,0.9497350492051475,0.18644335099671966,0.23876604932623102,1.0,1.0,1.0
3445.571067,1321,9406.911387,0.9510471864748928,0.1800340651021953,0.2401674908487929,1.0,1.0,1.0
3442.841296,1321,9420.195978,0.9402599041130456,0.1792770628311885,0.24485178376170044,1.0,1.0,1.0
3445.690124,1321,9433.377108,0.9454958364875095,0.18195811254100427,0.244079160808911,0.9992429977289932,1.0,0.9992429977289932
3453.228651,1321,9446.662312,0.9515518546555639,0.18019177390865504,0.23725772923350513,1.0,1.0,1.0
3450.403301,1321,9460.078845,0.9501009336361342,0.18309361594751453,0.24125181740624588,0.9984859954579863,1.0,0.9984859954579863
3446.690981,1321,9473.302781,0.945117335352006,0.18580620741862228,0.24508429160208117,1.0,1.0,1.0
3440.816581,1321,9486.545954,0.9511733535200606,0.16896290688872065,0.23039424197637673,1.0,1.0,1.0
3452.753767,1321,9499.701537,0.9572293716881151,0.1741672975018925,0.22775795152782283,0.9992429977289932,1.0,0.9992429977289932
3444.520513,1321,9512.787375,0.950227100681302,0.1723063335856674,0.2296017927736323,1.0,1.0,1.0
3443.981367,1321,9526.047878,0.940638405248549,0.1772899318697956,0.24117551638369203,1.0,1.0,1.0
3453.670103,1321,9539.509145,0.95407519555892,0.17798385061821853,0.2286477295939824,1.0,1.0,1.0
3468.52797,1321,9552.89786,0.9642947262175121,0.18444991168306835,0.23483969138776103,1.0,1.0,1.0
3454.736265,1321,9566.15264,0.9562200353267726,0.18151652788291697,0.23551859024985444,0.9992429977289932,1.0,0.9992429977289932
3444.911607,1321,9579.581569,0.9461266717133484,0.17899318697956093,0.24178472297321654,1.0,1.0,1.0
3425.315197,1321,9592.978903,0.934847337875347,0.17757380772142314,0.24928084784254353,1.0,1.0,1.0
3449.322506,1321,9606.334213,0.9582387080494574,0.16741736058541506,0.21078864780605883,1.0,1.0,1.0
3454.501589,1321,9619.698675,0.9501009336361343,0.17542896795357052,0.23156579311007774,0.9984859954579863,1.0,0.9984859954579863
3457.010468,1321,9632.946292,0.9548321978299269,0.17694297249558416,0.2389304530106953,0.9984859954579863,1.0,0.9984859954579863
3433.351828,1321,9645.93709,0.9366641433257634,0.1726911430734292,0.2406468163848936,0.9984859954579863,1.0,0.9984859954579863
3441.419406,1321,9659.154332,0.9478930103456976,0.17088695432752962,0.23434927844466072,0.9992429977289932,1.0,0.9992429977289932
3461.135144,1321,9672.437766,0.9582387080494575,0.1823996971990916,0.23111699890655227,0.9992429977289932,1.0,0.9992429977289932
3459.766786,1321,9685.661573,0.9616452182689881,0.18287282361847085,0.23413239128606275,1.0,1.0,1.0
3444.929464,1321,9698.842089,0.9428463285389856,0.178961645218269,0.24405993535440923,1.0,1.0,1.0
3446.588239,1321,9712.181198,0.9506686853393894,0.18568004037345442,0.2364869086670752,0.9992429977289932,1.0,0.9992429977289932
3457.913221,1321,9725.431316,0.9551476154428463,0.17687988897300025,0.23192206481381347,1.0,1.0,1.0
3443.311693,1321,9738.739993,0.9540751955589202,0.17558667676003029,0.22653953834877377,1.0,1.0,1.0
3445.639684,1321,9752.118512,0.954882664647994,0.1797186474892758,0.2286909868666114,1.0,1.0,1.0
3435.429547,1321,9765.388761,0.9535705273782487,0.1700416351249054,0.23052521538516996,0.9992429977289932,1.0,0.9992429977289932
3448.419259,1321,9778.459373,0.9458112541004289,0.17520817562452687,0.22784927243670616,1.0,1.0,1.0
3444.544155,1321,9791.735129,0.9468836739843552,0.17571284380519808,0.2350618218521322,0.9992429977289932,1.0,0.9992429977289932
3455.212432,1321,9804.965132,0.9535705273782487,0.18167423668937674,0.23225610708578157,0.9992429977289932,1.0,0.9992429977289932
3461.986042,1321,9818.425236,0.9575447893010345,0.1785831440827656,0.23428799730843636,1.0,1.0,1.0
3465.645124,1321,9831.526171,0.9612667171334847,0.18681554377996468,0.23282265719813033,1.0,1.0,1.0
3470.666568,1321,9844.581376,0.9656825637143577,0.18741483724451174,0.23081731121095242,0.9977289931869796,1.0,0.9977289931869796
3477.677742,1321,9857.827054,0.9659348978046934,0.18444991168306835,0.23467070401211204,1.0,1.0,1.0
3461.531383,1321,9871.000443,0.957860206913954,0.17956093868281603,0.23095178015692774,0.9992429977289932,1.0,0.9992429977289932
3458.272412,1321,9884.145549,0.9511102699974767,0.18567373202119608,0.2427652211528063,0.9992429977289932,1.0,0.9992429977289932
3439.177669,1321,9897.271954,0.9428463285389856,0.16252838758516275,0.2187743663519591,0.9992429977289932,1.0,0.9992429977289932
3471.219622,1321,9910.352892,0.9539490285137521,0.1874779207670956,0.24080001922545452,1.0,1.0,1.0
3456.982759,1321,9923.375475,0.9469341408024224,0.18924425939944486,0.24494731023875604,0.9984859954579863,1.0,0.9984859954579863
3446.600573,1321,9936.398829,0.938115064345193,0.16864748927580117,0.23774497434603417,1.0,1.0,1.0
3444.923504,1321,9949.749176,0.9473883421650265,0.170035326772647,0.22934230375562698,0.9984859954579863,1.0,0.9984859954579863
3462.319134,1321,9963.14402,0.953444360333081,0.18400832702498107,0.2387386900255939,1.0,1.0,1.0
