time/episodes,train/n_updates,time/total_timesteps,train/ent_coef,rollout/ep_rew_mean,time/time_elapsed,time/fps,train/actor_loss,rollout/ep_len_mean,train/critic_loss
4,998,600,0.865210235118866,32.998695749999996,16,37,-103.49313354492188,150.0,1.9939219951629639
8,2198,1200,0.7348694205284119,29.31267325,22,53,-221.7255401611328,150.0,0.3866574168205261
12,3398,1800,0.6297049522399902,38.5793495,28,63,-321.27850341796875,150.0,0.28143152594566345
16,4598,2400,0.5430514216423035,46.77071825,34,69,-402.23834228515625,150.0,0.2508498430252075
20,5798,3000,0.4704779386520386,57.0136772,40,74,-466.7106628417969,150.0,0.2085350602865219
24,6998,3600,0.40892133116722107,66.48561995833333,46,77,-516.9444580078125,150.0,0.15157563984394073
28,8198,4200,0.356241375207901,78.7145340357143,52,80,-555.8623046875,150.0,0.09509124606847763
32,9398,4800,0.3108508586883545,87.2822053125,58,82,-584.6527709960938,150.0,0.07619637250900269
36,10598,5400,0.2715345025062561,97.99104783333333,64,83,-605.2113037109375,150.0,0.061285946518182755
40,11798,6000,0.23736776411533356,106.87857187499999,70,85,-618.7100219726562,150.0,0.05536783114075661
44,12998,6600,0.20761379599571228,116.7389894090909,76,86,-626.2850341796875,150.0,0.04537583887577057
48,14198,7200,0.18166673183441162,125.799409875,82,87,-629.2255859375,150.0,0.04761255159974098
52,15398,7800,0.159014031291008,135.21204765384616,88,87,-628.3645629882812,150.0,0.04571140557527542
56,16598,8400,0.13923853635787964,143.89774653571428,94,88,-624.4373168945312,150.0,0.04249335825443268
60,17798,9000,0.12197176367044449,152.51068834999995,100,89,-617.972900390625,150.0,0.039163313806056976
64,18998,9600,0.10688191652297974,160.789844828125,106,89,-609.7896118164062,150.0,0.03799509257078171
68,20198,10200,0.0936894416809082,168.38317279411768,112,90,-600.2218017578125,150.0,0.04064364358782768
72,21398,10800,0.082149937748909,175.586796375,118,90,-589.267822265625,150.0,0.036514826118946075
76,22598,11400,0.072060227394104,183.0023684605263,124,91,-577.4920654296875,150.0,0.04259690269827843
80,23798,12000,0.06324291229248047,189.734054125,130,91,-565.223388671875,150.0,0.041501086205244064
84,24998,12600,0.05552922934293747,196.16239445238097,137,91,-552.6856689453125,150.0,0.03932483121752739
88,26198,13200,0.04877959191799164,202.12331551136364,143,92,-539.6630859375,150.0,0.052582867443561554
92,27398,13800,0.042880214750766754,208.2618007717391,149,92,-526.9853515625,150.0,0.04908011481165886
96,28598,14400,0.03771603852510452,213.88542349999997,154,92,-514.268310546875,150.0,0.048004116863012314
100,29798,15000,0.03320040926337242,219.58004368,160,93,-501.7848815917969,150.0,0.04869018495082855
104,30998,15600,0.029246438294649124,232.65164238,167,93,-489.6717529296875,150.0,0.04914494976401329
108,32198,16200,0.025780120864510536,246.48314173999995,173,93,-477.9842834472656,150.0,0.049278486520051956
112,33398,16800,0.02276633493602276,259.15426079,178,93,-466.63055419921875,150.0,0.05285860225558281
116,34598,17400,0.020137401297688484,271.59882532,184,94,-456.0477294921875,150.0,0.047051750123500824
120,35798,18000,0.017827725037932396,282.93880949000004,190,94,-445.97320556640625,150.0,0.053247325122356415
124,36998,18600,0.015792425721883774,293.8251713,196,94,-436.4175720214844,150.0,0.04870465025305748
128,38198,19200,0.01402324065566063,303.31784913,202,94,-427.5641784667969,150.0,0.05486925691366196
132,39398,19800,0.012462600134313107,313.2340079899999,208,94,-419.63616943359375,150.0,0.054722946137189865
136,40598,20400,0.011089752428233624,321.39611281,214,95,-411.9402770996094,150.0,0.05080628767609596
140,41798,21000,0.009880423545837402,329.70655639000006,220,95,-404.79412841796875,150.0,0.04809708893299103
144,42998,21600,0.008822654373943806,337.12740880999996,226,95,-398.29205322265625,150.0,0.04964390769600868
148,44198,22200,0.007890954613685608,344.33407788999995,232,95,-392.658447265625,150.0,0.045771218836307526
152,45398,22800,0.007069056387990713,350.48918756,238,95,-387.01971435546875,150.0,0.044997502118349075
156,46598,23400,0.006350581534206867,356.74050135,244,95,-382.2115478515625,150.0,0.04175961762666702
160,47798,24000,0.005708074662834406,362.2470163,250,95,-377.359619140625,150.0,0.04247437044978142
164,48998,24600,0.005136297084391117,367.86038642999983,257,95,-373.1322021484375,150.0,0.04675730690360069
168,50198,25200,0.004646450746804476,373.25816249999997,263,95,-369.45489501953125,150.0,0.04626397788524628
172,51398,25800,0.004211476072669029,378.31993056000005,269,95,-365.8495178222656,150.0,0.0406770184636116
176,52598,26400,0.0038356222212314606,382.51132830999995,275,95,-362.7818908691406,150.0,0.0381317064166069
180,53798,27000,0.003516332246363163,387.09457785,281,95,-359.5230712890625,150.0,0.04210514575242996
184,54998,27600,0.0032176077365875244,391.45535033,287,95,-356.571044921875,150.0,0.03820152208209038
188,56198,28200,0.0029854639433324337,394.97634486999993,293,95,-353.927978515625,150.0,0.044099073857069016
192,57398,28800,0.0028052700217813253,398.56456455,299,96,-351.56195068359375,150.0,0.04852161556482315
196,58598,29400,0.0027035993989557028,402.17768257000006,305,96,-349.6231384277344,150.0,0.04864025115966797
200,59798,30000,0.0026064212433993816,405.37935099000003,312,96,-347.7357177734375,150.0,0.04825081303715706
204,60998,30600,0.002532803686335683,408.14979291,318,96,-345.9114990234375,150.0,0.042659662663936615
208,62198,31200,0.002512894570827484,411.02263421,324,96,-344.22662353515625,150.0,0.04173760116100311
212,63398,31800,0.0025459453463554382,413.31348764,330,96,-342.84661865234375,150.0,0.045738428831100464
216,64598,32400,0.002557208063080907,415.62407830999996,336,96,-341.419189453125,150.0,0.04785006493330002
220,65798,33000,0.002599806757643819,418.00131242,342,96,-340.3079528808594,150.0,0.05263660103082657
224,66998,33600,0.0025281354319304228,420.2281626199999,348,96,-339.581298828125,150.0,0.04174557328224182
228,68198,34200,0.0025124642997980118,422.49195660999993,354,96,-338.10791015625,150.0,0.046966858208179474
232,69398,34800,0.002552880672737956,424.6632925999999,359,96,-337.1566162109375,150.0,0.050205934792757034
236,70598,35400,0.0025753446388989687,427.46426848000004,365,96,-336.30609130859375,150.0,0.04454617202281952
240,71798,36000,0.0026652526576071978,429.76382483000015,371,96,-335.36248779296875,150.0,0.04785316810011864
244,72998,36600,0.002687659580260515,431.6529555600001,377,96,-334.8904724121094,150.0,0.044911593198776245
248,74198,37200,0.002714262343943119,433.3393838699999,383,97,-334.44512939453125,150.0,0.050039712339639664
252,75398,37800,0.0028108377009630203,435.45230061000007,389,97,-334.00531005859375,150.0,0.04635585844516754
256,76598,38400,0.0027203692588955164,437.11609821999997,394,97,-333.8234558105469,150.0,0.04961766302585602
260,77798,39000,0.00271902559325099,438.4524296,400,97,-333.32696533203125,150.0,0.048217352479696274
264,78998,39600,0.002688660519197583,439.44720829000005,407,97,-332.59814453125,150.0,0.048473868519067764
268,80198,40200,0.0027036741375923157,440.10877564,413,97,-332.41497802734375,150.0,0.05485447868704796
272,81398,40800,0.00272790202870965,440.68883754,419,97,-332.10894775390625,150.0,0.05474031716585159
276,82598,41400,0.0026624593883752823,441.18604784,425,97,-332.0492858886719,150.0,0.05905891954898834
280,83798,42000,0.002608246635645628,441.85602021000005,431,97,-331.9217529296875,150.0,0.05707582086324692
284,84998,42600,0.0026395844761282206,442.58724923999995,437,97,-331.59722900390625,150.0,0.05686371028423309
288,86198,43200,0.002712442073971033,444.2902664899999,443,97,-331.44873046875,150.0,0.0652032196521759
292,87398,43800,0.002828638069331646,444.9305465299999,449,97,-331.2170104980469,150.0,0.0618424154818058
296,88598,44400,0.002788431476801634,444.9628611599998,455,97,-331.405517578125,150.0,0.062132809311151505
300,89798,45000,0.002648669993504882,445.8649475700001,461,97,-331.37835693359375,150.0,0.05626784637570381
304,90998,45600,0.0026761905755847692,446.83375178,467,97,-331.9449462890625,150.0,0.053654707968235016
308,92198,46200,0.0026413395535200834,447.1395155899999,473,97,-331.8072509765625,150.0,0.05688451603055
312,93398,46800,0.002723437501117587,447.92403277000005,479,97,-332.2109375,150.0,0.05997225642204285
316,94598,47400,0.0026734359562397003,448.0981996100001,485,97,-331.697265625,150.0,0.05645667761564255
320,95798,48000,0.0026969360187649727,448.6816681799999,491,97,-332.00018310546875,150.0,0.05530897527933121
324,96998,48600,0.0027520896401256323,449.10547039,497,97,-332.5921630859375,150.0,0.05610156059265137
328,98198,49200,0.002760456409305334,449.55657619000004,503,97,-332.37554931640625,150.0,0.055614132434129715
332,99398,49800,0.0027472723741084337,449.9835425499999,509,97,-332.3771667480469,150.0,0.06083758920431137
336,100598,50400,0.002615890232846141,449.7394583900001,515,97,-332.2748107910156,150.0,0.059030842036008835
340,101798,51000,0.0027407773304730654,449.4923240400001,521,97,-332.3285827636719,150.0,0.06087552383542061
344,102998,51600,0.0027852568309754133,449.42853670000005,527,97,-332.7030029296875,150.0,0.054062310606241226
348,104198,52200,0.002730504609644413,449.52364313,534,97,-332.42340087890625,150.0,0.05604281276464462
352,105398,52800,0.0027135971467942,449.70977401000005,540,97,-332.2349853515625,150.0,0.05687444284558296
356,106598,53400,0.00273323617875576,449.83688405999993,546,97,-332.5693359375,150.0,0.05147267505526543
360,107798,54000,0.002696248237043619,450.83985472,552,97,-332.1680908203125,150.0,0.05623885616660118
364,108998,54600,0.0026920409873127937,451.21773877,558,97,-332.4845886230469,150.0,0.05845289304852486
368,110198,55200,0.00261789676733315,451.82621542999993,564,97,-332.2837829589844,150.0,0.052040573209524155
372,111398,55800,0.002574356272816658,452.79322895999996,571,97,-332.327880859375,150.0,0.050049763172864914
376,112598,56400,0.002643491607159376,453.9773043799999,577,97,-332.15484619140625,150.0,0.05466506630182266
380,113798,57000,0.0026209643110632896,454.67858103000003,583,97,-332.4748229980469,150.0,0.05909256637096405
384,114998,57600,0.002590272342786193,455.35759383,589,97,-332.1448059082031,150.0,0.051276132464408875
388,116198,58200,0.0025433439295738935,455.64848173999997,595,97,-331.9882507324219,150.0,0.05234038084745407
392,117398,58800,0.0025581680238246918,456.1333476,601,97,-332.0242004394531,150.0,0.04833871126174927
396,118598,59400,0.0025997150223702192,457.4845576900001,607,97,-332.12103271484375,150.0,0.056449826806783676
400,119798,60000,0.0025506806559860706,457.94561338000005,613,97,-331.6659851074219,150.0,0.051444195210933685
404,120998,60600,0.002535755978897214,458.17860827,619,97,-332.2803649902344,150.0,0.05597468465566635
408,122198,61200,0.0025903750211000443,458.68642444,625,97,-331.89898681640625,150.0,0.04881349951028824
412,123398,61800,0.002611421048641205,459.1184551900001,631,97,-332.1849365234375,150.0,0.048448532819747925
416,124598,62400,0.0025890683755278587,459.7981011299999,637,97,-332.04345703125,150.0,0.05028984323143959
420,125798,63000,0.002611045027151704,460.32874510999994,643,97,-332.0888671875,150.0,0.05080906301736832
424,126998,63600,0.0026321790646761656,460.62816088000005,649,97,-332.3398132324219,150.0,0.04728316143155098
428,128198,64200,0.002569973934441805,461.0906953900001,655,97,-331.7893981933594,150.0,0.04791005700826645
432,129398,64800,0.0026266896165907383,461.36239102,661,97,-332.2943115234375,150.0,0.04567780718207359
436,130598,65400,0.002622188301756978,462.05490596,667,97,-332.4498291015625,150.0,0.04941257834434509
440,131798,66000,0.002636530203744769,462.7923696,673,97,-331.5992126464844,150.0,0.05709629878401756
444,132998,66600,0.002560296095907688,463.7535912199999,679,98,-331.79058837890625,150.0,0.048730865120887756
448,134198,67200,0.0025964181404560804,464.20997301999995,685,98,-332.4631652832031,150.0,0.04896093159914017
452,135398,67800,0.002531438134610653,464.27573519,691,98,-332.12396240234375,150.0,0.04862343892455101
456,136598,68400,0.002528570592403412,464.69330207999997,697,98,-332.1624755859375,150.0,0.056458089500665665
460,137798,69000,0.0025421218015253544,464.74057606,703,98,-332.1502685546875,150.0,0.05444104224443436
464,138998,69600,0.0025874862913042307,465.1500758600001,709,98,-332.6973571777344,150.0,0.053621310740709305
468,140198,70200,0.00268286420032382,465.5034430900001,715,98,-332.4850769042969,150.0,0.07894577085971832
472,141398,70800,0.0025899389293044806,465.79652529,721,98,-332.5999755859375,150.0,0.055377982556819916
476,142598,71400,0.0026003955863416195,465.83197485,727,98,-332.1715393066406,150.0,0.052824050188064575
480,143798,72000,0.0024883304722607136,466.00134587,733,98,-332.4163513183594,150.0,0.05072980746626854
484,144998,72600,0.0025349038187414408,465.9458539300001,739,98,-332.5647888183594,150.0,0.05689274147152901
488,146198,73200,0.0025323727168142796,466.3782848300001,745,98,-332.4681701660156,150.0,0.04569614678621292
492,147398,73800,0.002527497708797455,466.93141751,751,98,-332.3338623046875,150.0,0.04746001586318016
496,148598,74400,0.002569129690527916,466.5664088699999,757,98,-332.68463134765625,150.0,0.047592733055353165
500,149798,75000,0.0025100766215473413,466.5596655300001,763,98,-332.4388732910156,150.0,0.04793054983019829
504,150998,75600,0.002491289982572198,467.05503502000005,769,98,-332.6914978027344,150.0,0.04966726899147034
508,152198,76200,0.002493456704542041,467.37141606999995,775,98,-333.1370849609375,150.0,0.04766849800944328
512,153398,76800,0.0025181579403579235,467.49537533999995,781,98,-332.42498779296875,150.0,0.05310330539941788
516,154598,77400,0.0024934150278568268,467.65378402000005,787,98,-332.6767272949219,150.0,0.05229482054710388
520,155798,78000,0.002466304460540414,467.65800803999997,793,98,-332.37164306640625,150.0,0.04947404935956001
524,156998,78600,0.0024759643711149693,468.1471278000001,799,98,-332.3688049316406,150.0,0.05418134853243828
528,158198,79200,0.002488307887688279,468.41014456,805,98,-332.5413818359375,150.0,0.05301513895392418
532,159398,79800,0.002507089637219906,468.65307679,811,98,-332.7594299316406,150.0,0.048421792685985565
536,160598,80400,0.0024607540108263493,468.94473582,817,98,-333.10980224609375,150.0,0.050791047513484955
540,161798,81000,0.0024924972094595432,469.29251657000003,823,98,-332.9730224609375,150.0,0.04972929134964943
544,162998,81600,0.0025510175619274378,469.04552529000006,829,98,-332.43634033203125,150.0,0.05062790587544441
548,164198,82200,0.002548562828451395,469.4847331100001,835,98,-332.3575744628906,150.0,0.06645617634057999
552,165398,82800,0.0025506040547043085,469.8154646400001,841,98,-333.0596008300781,150.0,0.053726453334093094
556,166598,83400,0.002469870261847973,469.64248165000004,847,98,-333.08013916015625,150.0,0.05386731028556824
560,167798,84000,0.0024606247898191214,469.80559531,853,98,-332.90411376953125,150.0,0.05123326927423477
564,168998,84600,0.002556677907705307,469.97612784000006,859,98,-333.2366638183594,150.0,0.04955824092030525
568,170198,85200,0.0024981803726404905,470.2727709,865,98,-332.87347412109375,150.0,0.049577146768569946
572,171398,85800,0.0025388605426996946,470.00467901999997,871,98,-333.0452575683594,150.0,0.05212104320526123
576,172598,86400,0.002422208432108164,470.52681807,877,98,-333.50421142578125,150.0,0.046041831374168396
580,173798,87000,0.002384088234975934,470.8462666000001,882,98,-333.6123046875,150.0,0.05121111869812012
584,174998,87600,0.002404511673375964,470.92767693999997,888,98,-333.526123046875,150.0,0.049038417637348175
588,176198,88200,0.002355678007006645,470.84773152,894,98,-333.44720458984375,150.0,0.0469822958111763
592,177398,88800,0.002328057074919343,470.6170750200001,900,98,-332.769775390625,150.0,0.04599470645189285
596,178598,89400,0.0023427330888807774,470.9985903499999,906,98,-333.01287841796875,150.0,0.0505581758916378
600,179798,90000,0.00235352898016572,471.00037881,912,98,-333.4122314453125,150.0,0.04748867079615593
604,180998,90600,0.0024245555978268385,470.87663942,918,98,-333.115478515625,150.0,0.05246317386627197
608,182198,91200,0.002475809771567583,470.75943208999996,924,98,-333.37188720703125,150.0,0.04954227805137634
612,183398,91800,0.0024056495167315006,471.1791240600001,930,98,-333.02435302734375,150.0,0.05117817968130112
616,184598,92400,0.0023678112775087357,471.58774293000005,936,98,-333.6884460449219,150.0,0.04552873224020004
620,185798,93000,0.0023518349044024944,471.69791122999993,942,98,-333.23291015625,150.0,0.04877062514424324
624,186998,93600,0.0024581141769886017,471.40960374,948,98,-333.261962890625,150.0,0.05346425622701645
628,188198,94200,0.002264958107843995,471.45028227,954,98,-333.0184631347656,150.0,0.04748273268342018
632,189398,94800,0.00228453753516078,471.39938218000003,960,98,-333.1770935058594,150.0,0.05006526783108711
636,190598,95400,0.002258588559925556,471.09829524,966,98,-332.6601867675781,150.0,0.047066882252693176
640,191798,96000,0.0023093486670404673,471.36412962999987,972,98,-333.62860107421875,150.0,0.04477996379137039
644,192998,96600,0.0023139130789786577,471.98142357999996,978,98,-332.99676513671875,150.0,0.04542979970574379
648,194198,97200,0.002269703196361661,472.02380795,984,98,-333.0113525390625,150.0,0.06308574974536896
652,195398,97800,0.002253368031233549,472.3000934,990,98,-332.69158935546875,150.0,0.04547964036464691
656,196598,98400,0.0022049779072403908,472.79349259,995,98,-332.7782287597656,150.0,0.044561684131622314
660,197798,99000,0.0022129875142127275,473.17960711000006,1001,98,-332.887939453125,150.0,0.043947722762823105
664,198998,99600,0.0023357225582003593,473.3401026399999,1007,98,-333.3925476074219,150.0,0.05443548411130905
668,200198,100200,0.0023882207460701466,472.59614087,1014,98,-333.07696533203125,150.0,0.051121607422828674
672,201398,100800,0.002463624347001314,472.61223949,1020,98,-333.00799560546875,150.0,0.06220206990838051
676,202598,101400,0.0023291974794119596,472.36702704,1026,98,-333.03924560546875,150.0,0.06348726153373718
680,203798,102000,0.002273827325552702,472.1034742400001,1032,98,-333.0517883300781,150.0,0.04701029881834984
684,204998,102600,0.0022139097563922405,472.10814455,1038,98,-332.7376708984375,150.0,0.0523783378303051
688,206198,103200,0.0022049096878618,472.2380815499999,1044,98,-332.9786071777344,150.0,0.04077254235744476
692,207398,103800,0.002189852762967348,472.77329676,1051,98,-333.1597900390625,150.0,0.051306258887052536
696,208598,104400,0.0022528222762048244,473.51736927999997,1057,98,-332.9302673339844,150.0,0.04874406382441521
700,209798,105000,0.002224692376330495,473.88040443,1063,98,-332.9730529785156,150.0,0.04614223912358284
704,210998,105600,0.0021610299590975046,474.2358348200001,1069,98,-332.683349609375,150.0,0.04766620695590973
708,212198,106200,0.0022068850230425596,474.39660438000004,1075,98,-333.2837219238281,150.0,0.046730998903512955
712,213398,106800,0.002263659378513694,474.45575109000004,1081,98,-333.36431884765625,150.0,0.052903324365615845
716,214598,107400,0.002198050497099757,474.46522559,1088,98,-333.264892578125,150.0,0.05024493858218193
720,215798,108000,0.0021990390960127115,474.8935151200001,1094,98,-333.158203125,150.0,0.04455409198999405
724,216998,108600,0.002160110045224428,475.56535541000005,1100,98,-333.6648864746094,150.0,0.04085853323340416
728,218198,109200,0.0021801996044814587,475.82091452000003,1106,98,-333.2987060546875,150.0,0.04926304891705513
732,219398,109800,0.0021455567330121994,476.23811007999996,1112,98,-333.54681396484375,150.0,0.04545429348945618
736,220598,110400,0.002198439324274659,476.6645522500001,1118,98,-333.33319091796875,150.0,0.04778816178441048
740,221798,111000,0.0021419574040919542,476.67926083,1124,98,-333.4569091796875,150.0,0.046743813902139664
744,222998,111600,0.0020858249627053738,476.65330242000005,1130,98,-333.4049377441406,150.0,0.04421033337712288
748,224198,112200,0.0021046760957688093,476.7755319800001,1136,98,-333.228759765625,150.0,0.04909364879131317
752,225398,112800,0.002088080160319805,476.68716216000007,1142,98,-333.1451416015625,150.0,0.04914296790957451
756,226598,113400,0.002116784919053316,476.6395195,1148,98,-333.4878234863281,150.0,0.04903244227170944
760,227798,114000,0.0023596195969730616,476.12556781000006,1154,98,-333.143798828125,150.0,0.05798886716365814
764,228998,114600,0.0021665459498763084,475.67632665,1160,98,-333.178466796875,150.0,0.04640275612473488
768,230198,115200,0.0020860061049461365,476.82131617999994,1166,98,-333.43206787109375,150.0,0.04826156795024872
772,231398,115800,0.0020885958801954985,477.4476281899999,1172,98,-333.2157287597656,150.0,0.0434051975607872
776,232598,116400,0.0020838805940002203,477.75045668999996,1178,98,-333.3222961425781,150.0,0.04912353679537773
780,233798,117000,0.0020817811600863934,477.82063716000005,1184,98,-333.33441162109375,150.0,0.05110301077365875
784,234998,117600,0.0021117469295859337,478.37848187,1190,98,-333.6510009765625,150.0,0.04617400839924812
788,236198,118200,0.002170014660805464,478.7544515099999,1197,98,-333.7376708984375,150.0,0.05506857484579086
792,237398,118800,0.0021478147245943546,478.49980813999997,1203,98,-333.609130859375,150.0,0.048013411462306976
796,238598,119400,0.0021086852066218853,477.92773256999993,1209,98,-333.4861755371094,150.0,0.04462623968720436
800,239798,120000,0.002031720010563731,478.01412597999996,1215,98,-333.6301574707031,150.0,0.0451558455824852
804,240998,120600,0.0019808649085462093,478.23992341999997,1221,98,-333.876220703125,150.0,0.041195061057806015
808,242198,121200,0.0019852817058563232,478.8370134,1227,98,-333.84063720703125,150.0,0.042624544352293015
812,243398,121800,0.0020249176304787397,478.97961523999993,1233,98,-333.45721435546875,150.0,0.04817425459623337
816,244598,122400,0.001998782390728593,479.34146347999996,1239,98,-333.70257568359375,150.0,0.037641119211912155
820,245798,123000,0.0019907362293452024,479.40875649999987,1246,98,-334.0590515136719,150.0,0.03892415761947632
824,246998,123600,0.00198475643992424,479.81373113999996,1252,98,-333.67926025390625,150.0,0.040304429829120636
828,248198,124200,0.0020018690265715122,480.14963126000004,1258,98,-333.7360534667969,150.0,0.043940410017967224
832,249398,124800,0.0020490752067416906,480.2212429300001,1264,98,-333.289306640625,150.0,0.04748859256505966
836,250598,125400,0.0020089547615498304,480.47970461000006,1270,98,-333.74603271484375,150.0,0.04495498165488243
840,251798,126000,0.002025224966928363,480.55057591,1276,98,-333.84063720703125,150.0,0.04022064805030823
844,252998,126600,0.0019416975555941463,480.76815611999996,1282,98,-333.48175048828125,150.0,0.04153446853160858
848,254198,127200,0.001975517487153411,481.18667390999997,1288,98,-334.0060729980469,150.0,0.0350656658411026
852,255398,127800,0.001993244979530573,481.45798959,1294,98,-334.0145263671875,150.0,0.03909697383642197
856,256598,128400,0.001974618062376976,481.8274689099999,1300,98,-334.2086486816406,150.0,0.04082591086626053
860,257798,129000,0.002010294469073415,482.34962505,1306,98,-333.8800048828125,150.0,0.0413767546415329
864,258998,129600,0.002029168652370572,483.01615775,1312,98,-333.9647216796875,150.0,0.042926039546728134
868,260198,130200,0.002076165284961462,483.01593294000014,1318,98,-334.2109375,150.0,0.04499375447630882
872,261398,130800,0.0020584443118423223,483.05304535000005,1324,98,-334.0564880371094,150.0,0.053742386400699615
876,262598,131400,0.002117700641974807,483.15207304,1330,98,-333.7636413574219,150.0,0.0660921037197113
880,263798,132000,0.0021454687230288982,483.42636548,1336,98,-334.24658203125,150.0,0.04373953863978386
884,264998,132600,0.002105274237692356,483.0160427900001,1342,98,-333.86688232421875,150.0,0.043373242020606995
888,266198,133200,0.00197335216216743,482.4510352499999,1348,98,-334.23211669921875,150.0,0.03875106945633888
892,267398,133800,0.0019157700007781386,482.49170203999995,1354,98,-334.18939208984375,150.0,0.03794713690876961
896,268598,134400,0.001921095885336399,482.87002751000006,1360,98,-334.358154296875,150.0,0.04112052544951439
900,269798,135000,0.0019452673150226474,482.9389710000001,1366,98,-333.9916076660156,150.0,0.043740514665842056
904,270998,135600,0.00197800574824214,482.88414844,1372,98,-334.58929443359375,150.0,0.03523538261651993
908,272198,136200,0.0019575387705117464,482.68938497999994,1378,98,-334.4892578125,150.0,0.035340890288352966
912,273398,136800,0.0019649220630526543,482.9067224000001,1384,98,-334.35675048828125,150.0,0.04195984825491905
916,274598,137400,0.001967413118109107,483.0127772799999,1390,98,-334.524169921875,150.0,0.04086829721927643
920,275798,138000,0.0019472219282761216,483.0571587,1396,98,-334.8822021484375,150.0,0.03650561720132828
924,276998,138600,0.0019033447606489062,482.70469097000006,1402,98,-334.8125915527344,150.0,0.04113536328077316
928,278198,139200,0.0020485094282776117,482.38408473999993,1409,98,-334.89947509765625,150.0,0.05876806005835533
932,279398,139800,0.00206280080601573,482.1742200400001,1415,98,-334.5753173828125,150.0,0.048643726855516434
936,280598,140400,0.0019854665733873844,482.10350384000003,1421,98,-334.6004333496094,150.0,0.039631813764572144
940,281798,141000,0.00193177186883986,482.10286148000006,1427,98,-334.54949951171875,150.0,0.045577120035886765
944,282998,141600,0.0018797696102410555,482.07039847,1433,98,-335.21319580078125,150.0,0.0356483981013298
948,284198,142200,0.0018543603364378214,482.02956755999986,1439,98,-334.7544250488281,150.0,0.03773411363363266
952,285398,142800,0.0018123674672096968,482.35825659999995,1445,98,-335.2532958984375,150.0,0.04098769649863243
956,286598,143400,0.0018239771015942097,482.49814334,1451,98,-335.4476013183594,150.0,0.035020843148231506
960,287798,144000,0.0018486129119992256,482.44177168000004,1457,98,-335.1574401855469,150.0,0.03340430185198784
964,288998,144600,0.001822903286665678,482.57537462000005,1463,98,-335.26953125,150.0,0.03319982811808586
968,290198,145200,0.001822025515139103,482.7932546399999,1469,98,-335.10076904296875,150.0,0.03451583907008171
972,291398,145800,0.0018023101147264242,483.05249620999996,1475,98,-334.6658935546875,150.0,0.036563411355018616
976,292598,146400,0.0018080705776810646,483.47897483,1481,98,-335.1014709472656,150.0,0.04019400104880333
980,293798,147000,0.0017995527014136314,483.84831079,1487,98,-335.0644836425781,150.0,0.04383834823966026
984,294998,147600,0.0018066209740936756,484.33148252,1493,98,-335.15753173828125,150.0,0.03858019784092903
988,296198,148200,0.0017808948177844286,484.88277136000005,1500,98,-335.29461669921875,150.0,0.03970504179596901
992,297398,148800,0.0018063737079501152,485.42636649,1506,98,-334.9734802246094,150.0,0.03862594813108444
996,298598,149400,0.001829576212912798,485.82160911000005,1512,98,-335.59619140625,150.0,0.037967078387737274
1000,299798,150000,0.0018253274029120803,486.02448195000005,1518,98,-335.4801025390625,150.0,0.03453560546040535
1004,300998,150600,0.0018028182676061988,486.31507033,1524,98,-335.941650390625,150.0,0.03655814751982689
1008,302198,151200,0.0017934321658685803,486.6281343,1530,98,-335.3572998046875,150.0,0.045267052948474884
1012,303398,151800,0.0018080876907333732,486.8215864200001,1536,98,-335.5875244140625,150.0,0.03725246712565422
1016,304598,152400,0.001794016221538186,486.75435109000006,1542,98,-335.35955810546875,150.0,0.04242117330431938
1020,305798,153000,0.0017804609378799796,486.78262737999995,1548,98,-335.600341796875,150.0,0.0390501394867897
1024,306998,153600,0.001806807005777955,487.02610416000005,1554,98,-335.5391540527344,150.0,0.04258382320404053
1028,308198,154200,0.0017962469719350338,487.39467003,1560,98,-335.5848693847656,150.0,0.03926684334874153
1032,309398,154800,0.001816797535866499,487.65050465,1566,98,-335.5112609863281,150.0,0.04638059064745903
1036,310598,155400,0.001804595929570496,487.7537985799999,1572,98,-335.8274841308594,150.0,0.036347970366477966
1040,311798,156000,0.001806911313906312,488.1846603999999,1578,98,-335.7386474609375,150.0,0.041020236909389496
1044,312998,156600,0.0017964327707886696,488.49615165999995,1585,98,-335.863525390625,150.0,0.038167428225278854
1048,314198,157200,0.0017946211155503988,488.0833948599999,1591,98,-336.15179443359375,150.0,0.03727836534380913
1052,315398,157800,0.0017788680270314217,487.64919252,1597,98,-335.69482421875,150.0,0.041673868894577026
1056,316598,158400,0.0017867988208308816,487.62968220000005,1603,98,-335.8780517578125,150.0,0.03920421749353409
1060,317798,159000,0.0017804880626499653,487.94723603000006,1610,98,-336.41729736328125,150.0,0.04256416857242584
1064,318998,159600,0.0017723647179082036,488.04054892,1616,98,-336.2897644042969,150.0,0.03471047058701515
1068,320198,160200,0.001779888872988522,488.1295594400001,1622,98,-336.19744873046875,150.0,0.03573909401893616
1072,321398,160800,0.001745131448842585,488.30723582999997,1628,98,-335.6306457519531,150.0,0.038418419659137726
1076,322598,161400,0.0017300568288192153,488.23634742,1634,98,-336.53033447265625,150.0,0.03536763787269592
1080,323798,162000,0.0016927521210163832,488.33964717999993,1640,98,-336.4681701660156,150.0,0.034613680094480515
1084,324998,162600,0.001689862459897995,488.75793821,1646,98,-336.5882568359375,150.0,0.02989795245230198
1088,326198,163200,0.0016751663060858846,488.94032688000016,1652,98,-335.91119384765625,150.0,0.03600000962615013
1092,327398,163800,0.0017255411949008703,488.95355604,1658,98,-336.1781005859375,150.0,0.03590806946158409
1096,328598,164400,0.0017928063170984387,488.73581542,1664,98,-336.505615234375,150.0,0.03910618647933006
1100,329798,165000,0.001734038582071662,488.81466138999997,1670,98,-336.71142578125,150.0,0.03428461030125618
1104,330998,165600,0.001690411358140409,488.76690671999995,1676,98,-336.6492004394531,150.0,0.035195492208004
1108,332198,166200,0.0016754571115598083,488.7106293999999,1682,98,-336.462158203125,150.0,0.030253365635871887
1112,333398,166800,0.0016647372394800186,488.81855282,1688,98,-336.18902587890625,150.0,0.030502114444971085
1116,334598,167400,0.001666866010054946,489.102306,1694,98,-336.2922058105469,150.0,0.03208573907613754
1120,335798,168000,0.001663742819800973,489.33701728,1700,98,-336.2231750488281,150.0,0.03337157517671585
1124,336998,168600,0.0016554937465116382,489.61740613,1706,98,-336.164794921875,150.0,0.03322465345263481
1128,338198,169200,0.0016597951762378216,489.6628799799999,1712,98,-336.1242370605469,150.0,0.03916008770465851
1132,339398,169800,0.0016755466349422932,489.79476691,1718,98,-336.354736328125,150.0,0.035920027643442154
1136,340598,170400,0.0016372890677303076,489.96761469999996,1724,98,-336.1504211425781,150.0,0.03424929454922676
1140,341798,171000,0.0016261233249679208,490.00759812,1730,98,-335.93438720703125,150.0,0.03581975772976875
1144,342998,171600,0.0016405831556767225,489.8799485,1736,98,-336.0851745605469,150.0,0.03647635504603386
1148,344198,172200,0.0016485073138028383,490.32463966999995,1742,98,-335.92742919921875,150.0,0.03380007669329643
1152,345398,172800,0.001711332588456571,490.83560858000004,1748,98,-335.81219482421875,150.0,0.06949328631162643
1156,346598,173400,0.0017623630119487643,490.68042491000017,1754,98,-336.1461181640625,150.0,0.05561744421720505
1160,347798,174000,0.0017240212764590979,490.42703060000014,1760,98,-335.99072265625,150.0,0.03636309877038002
1164,348998,174600,0.001655971398577094,490.39382289,1765,98,-335.6625671386719,150.0,0.03348271921277046
1168,350198,175200,0.0016009812243282795,490.51325636000007,1771,98,-336.244140625,150.0,0.03686201944947243
1172,351398,175800,0.0015868287300691009,490.6552973500001,1777,98,-335.90643310546875,150.0,0.03318779915571213
1176,352598,176400,0.0015857962425798178,490.79999827,1783,98,-336.1024169921875,150.0,0.03303765505552292
1180,353798,177000,0.0015976631548255682,490.87286605,1789,98,-335.8307800292969,150.0,0.04144301265478134
1184,354998,177600,0.0016296333633363247,490.50102217000006,1795,98,-336.5675354003906,150.0,0.03183497488498688
1188,356198,178200,0.0016116118058562279,490.46726882999997,1801,98,-336.28424072265625,150.0,0.03200651705265045
1192,357398,178800,0.001623811200261116,490.42657018,1807,98,-336.1348876953125,150.0,0.03169902041554451
1196,358598,179400,0.0017016242491081357,490.6632173399999,1813,98,-335.88775634765625,150.0,0.04227263852953911
1200,359798,180000,0.0016720769926905632,490.48340658,1819,98,-336.2785339355469,150.0,0.03963590785861015
1204,360998,180600,0.0016168204601854086,490.64453550999997,1825,98,-335.73858642578125,150.0,0.03747062012553215
1208,362198,181200,0.0016434245044365525,490.59915713999993,1831,98,-336.07025146484375,150.0,0.03698413074016571
1212,363398,181800,0.0016774924006313086,490.65510887000005,1836,98,-335.97021484375,150.0,0.035239312797784805
1216,364598,182400,0.0016367115313187242,490.68900257999996,1842,98,-336.201904296875,150.0,0.02988552674651146
1220,365798,183000,0.0015925024636089802,490.84780659999996,1848,98,-336.05804443359375,150.0,0.027692602947354317
1224,366998,183600,0.001555749448016286,490.86434183,1854,98,-336.0679931640625,150.0,0.028522541746497154
1228,368198,184200,0.0015817491803318262,490.87387669000003,1860,98,-336.2916259765625,150.0,0.03487706184387207
1232,369398,184800,0.0018658483168110251,490.63061191,1866,98,-336.10369873046875,150.0,0.07946913689374924
1236,370598,185400,0.0018823931459337473,490.4612642299999,1872,98,-336.2707824707031,150.0,0.06293170154094696
1240,371798,186000,0.0017755250446498394,490.0897953599999,1878,98,-336.66070556640625,150.0,0.04912163317203522
1244,372998,186600,0.001737551181577146,489.9093217400001,1884,99,-336.4395751953125,150.0,0.048271432518959045
1248,374198,187200,0.0016935747116804123,489.85885540000004,1890,99,-336.4237976074219,150.0,0.04124997928738594
1252,375398,187800,0.00173470180016011,489.75605283000004,1896,99,-336.39093017578125,150.0,0.04359405115246773
1256,376598,188400,0.0016240394907072186,489.85151764999995,1902,99,-336.2933349609375,150.0,0.03410792723298073
1260,377798,189000,0.0015873321099206805,489.9105672799999,1908,99,-336.30816650390625,150.0,0.03743162751197815
1264,378998,189600,0.0015564409550279379,489.79626824,1914,99,-336.33770751953125,150.0,0.03764217346906662
1268,380198,190200,0.0016693867510184646,489.6945250500001,1920,99,-336.087158203125,150.0,0.12014712393283844
1272,381398,190800,0.0016981055960059166,489.21084765,1926,99,-336.40313720703125,150.0,0.051211997866630554
1276,382598,191400,0.001566654653288424,489.32163619999994,1932,99,-336.149658203125,150.0,0.0329723060131073
1280,383798,192000,0.001532670808956027,489.40261229,1938,99,-336.1303405761719,150.0,0.03268349543213844
1284,384998,192600,0.001532941940240562,489.67392088,1944,99,-336.4302062988281,150.0,0.029198801144957542
1288,386198,193200,0.0015286995330825448,489.8319626,1950,99,-336.24310302734375,150.0,0.03208370879292488
1292,387398,193800,0.0015057866694405675,490.05260688000004,1955,99,-336.31024169921875,150.0,0.030930189415812492
1296,388598,194400,0.0014894960913807154,490.20901193,1961,99,-336.39398193359375,150.0,0.03136373683810234
1300,389798,195000,0.001499515725299716,490.56607257000013,1967,99,-336.83160400390625,150.0,0.030211055651307106
1304,390998,195600,0.0015086407074704766,490.77105011,1974,99,-336.93829345703125,150.0,0.02719850093126297
1308,392198,196200,0.0014878315851092339,491.10214796,1980,99,-336.92431640625,150.0,0.031012315303087234
1312,393398,196800,0.0014840386575087905,491.11391363999996,1986,99,-336.87518310546875,150.0,0.02664783224463463
1316,394598,197400,0.001495796488597989,491.2155237700001,1992,99,-336.90899658203125,150.0,0.035431232303380966
1320,395798,198000,0.0015151904663071036,491.21015511999997,1998,99,-337.0173034667969,150.0,0.03435438126325607
1324,396998,198600,0.0014932872727513313,491.11200761,2004,99,-336.44757080078125,150.0,0.0370979867875576
1328,398198,199200,0.0014981614658609033,491.14149290999995,2010,99,-336.80010986328125,150.0,0.03278457745909691
1332,399398,199800,0.001564183970913291,491.56279948999986,2016,99,-336.7795104980469,150.0,0.03243006765842438
1336,400598,200400,0.0015040264697745442,491.68135880999995,2022,99,-336.83966064453125,150.0,0.034645043313503265
1340,401798,201000,0.0014727573143318295,492.08130146999997,2029,99,-336.713623046875,150.0,0.03164450824260712
1344,402998,201600,0.001477584126405418,492.56664433,2035,99,-336.9330749511719,150.0,0.027715519070625305
1348,404198,202200,0.0014546645106747746,492.9411143599999,2041,99,-336.8387451171875,150.0,0.030637890100479126
1352,405398,202800,0.001445240224711597,493.1842342500001,2047,99,-336.6778564453125,150.0,0.027851074934005737
1356,406598,203400,0.0014364303788170218,493.51555319,2053,99,-336.71923828125,150.0,0.0325782336294651
1360,407798,204000,0.0014491991605609655,493.78107243,2059,99,-336.7892150878906,150.0,0.02658762037754059
1364,408998,204600,0.0014265594072639942,494.2492522000001,2065,99,-336.87835693359375,150.0,0.03744220361113548
1368,410198,205200,0.0014228182844817638,494.55928479999994,2071,99,-336.726806640625,150.0,0.027421392500400543
1372,411398,205800,0.0014415106270462275,495.1908221999999,2078,99,-336.9618225097656,150.0,0.02853252924978733
1376,412598,206400,0.0014328997349366546,495.28600330999996,2084,99,-337.03131103515625,150.0,0.02780633047223091
1380,413798,207000,0.001411079429090023,495.32900801000005,2090,99,-336.81658935546875,150.0,0.02411586046218872
1384,414998,207600,0.0014205343322828412,495.51801426000003,2096,99,-336.87677001953125,150.0,0.031107168644666672
1388,416198,208200,0.0014201997546479106,495.6476077,2102,99,-336.825927734375,150.0,0.03202364221215248
1392,417398,208800,0.0014351417776197195,495.6827957500001,2108,99,-336.924560546875,150.0,0.026594046503305435
1396,418598,209400,0.0014183163875713944,495.71671823,2114,99,-336.89788818359375,150.0,0.028550170361995697
1400,419798,210000,0.0014040423557162285,495.90200148,2120,99,-336.63739013671875,150.0,0.030193641781806946
1404,420998,210600,0.001382940448820591,496.01248046999996,2126,99,-336.84539794921875,150.0,0.02624131739139557
1408,422198,211200,0.0014055274659767747,496.10096403999995,2132,99,-336.7952880859375,150.0,0.0316786915063858
1412,423398,211800,0.0013885166263207793,496.23367819999993,2138,99,-336.81536865234375,150.0,0.025692256167531013
1416,424598,212400,0.0013823562767356634,496.36151562,2144,99,-336.6648254394531,150.0,0.028956154361367226
1420,425798,213000,0.0013909845147281885,496.46329383000005,2150,99,-336.6285400390625,150.0,0.03330177068710327
1424,426998,213600,0.0014858725480735302,496.3971442,2156,99,-336.6418151855469,150.0,0.0454244464635849
1428,428198,214200,0.001519240322522819,496.36347712,2161,99,-336.9163818359375,150.0,0.03358718380331993
1432,429398,214800,0.001425506197847426,496.51191224999997,2167,99,-336.49603271484375,150.0,0.03380410745739937
1436,430598,215400,0.0014161214930936694,496.71210401,2173,99,-336.6242980957031,150.0,0.031191185116767883
1440,431798,216000,0.0013979737414047122,496.73302364000006,2179,99,-336.64654541015625,150.0,0.028983095660805702
1444,432998,216600,0.001443623099476099,496.46116561,2185,99,-336.63494873046875,150.0,0.038962386548519135
1448,434198,217200,0.0014175638789311051,496.39342052000006,2191,99,-336.5565490722656,150.0,0.030913610011339188
1452,435398,217800,0.0013956432230770588,496.41515276000007,2197,99,-336.68011474609375,150.0,0.032327231019735336
1456,436598,218400,0.0013924763770774007,496.35447539000006,2203,99,-336.7144775390625,150.0,0.02443654276430607
1460,437798,219000,0.001381130889058113,496.43090361,2209,99,-336.781005859375,150.0,0.029484601691365242
1464,438998,219600,0.0014037865912541747,496.37257027999993,2215,99,-336.4989929199219,150.0,0.030255693942308426
1468,440198,220200,0.0014962024288251996,496.0549293999999,2221,99,-336.7198486328125,150.0,0.03195623680949211
1472,441398,220800,0.0014047193108126521,495.57996581999987,2227,99,-336.6676025390625,150.0,0.03034338355064392
1476,442598,221400,0.0013750864891335368,495.38453755,2233,99,-336.5885314941406,150.0,0.028340183198451996
1480,443798,222000,0.0015731861349195242,494.82648487,2239,99,-336.752197265625,150.0,0.0712905302643776
1484,444998,222600,0.001494317315518856,493.67206853999994,2245,99,-336.34759521484375,150.0,0.03542279824614525
1488,446198,223200,0.0013894544681534171,493.59747607,2251,99,-336.2987976074219,150.0,0.034707773476839066
1492,447398,223800,0.001355743152089417,493.6688211600001,2257,99,-336.65313720703125,150.0,0.029352620244026184
1496,448598,224400,0.0013656533556059003,493.76206305,2263,99,-336.5972900390625,150.0,0.0305788554251194
1500,449798,225000,0.0013548836577683687,493.70061918999994,2269,99,-336.64642333984375,150.0,0.026917072013020515
1504,450998,225600,0.0013655134243890643,493.54427174999995,2275,99,-336.6371154785156,150.0,0.029260391369462013
1508,452198,226200,0.0013673821231350303,493.41607395999995,2281,99,-336.4158935546875,150.0,0.02502715215086937
1512,453398,226800,0.0013604842824861407,493.34578770999985,2287,99,-336.73016357421875,150.0,0.02254261076450348
1516,454598,227400,0.0013616447104141116,493.25794195,2293,99,-336.88006591796875,150.0,0.027464188635349274
1520,455798,228000,0.0013748485362157226,493.24983226999996,2299,99,-336.52398681640625,150.0,0.023681556805968285
1524,456998,228600,0.001364028314128518,493.18330496000004,2305,99,-336.68109130859375,150.0,0.02762373723089695
1528,458198,229200,0.0013637773226946592,493.1907646100001,2311,99,-336.53521728515625,150.0,0.0248242300003767
1532,459398,229800,0.0013469893019646406,493.01314514999996,2317,99,-336.75030517578125,150.0,0.027541382238268852
1536,460598,230400,0.001337584457360208,493.01184581,2323,99,-337.0718994140625,150.0,0.02232605405151844
1540,461798,231000,0.0013256124220788479,493.1850099,2329,99,-336.5047607421875,150.0,0.02980366349220276
1544,462998,231600,0.0013129867147654295,493.49601748000003,2335,99,-336.5563659667969,150.0,0.026286182925105095
1548,464198,232200,0.0013292558724060655,493.70436723,2340,99,-336.78314208984375,150.0,0.026355363428592682
1552,465398,232800,0.0014911326579749584,493.42223844000006,2346,99,-336.38970947265625,150.0,0.04277152940630913
1556,466598,233400,0.0014001198578625917,493.54756177999997,2352,99,-336.5789794921875,150.0,0.02589571475982666
1560,467798,234000,0.0013587273424491286,493.68086287,2358,99,-336.34197998046875,150.0,0.028701068833470345
1564,468998,234600,0.0013427529484033585,493.79623169,2364,99,-336.86602783203125,150.0,0.02380518428981304
1568,470198,235200,0.001302334712818265,493.82309045999995,2370,99,-336.78375244140625,150.0,0.020217441022396088
1572,471398,235800,0.0013062722282484174,494.29341638000005,2376,99,-336.9937744140625,150.0,0.0243917778134346
1576,472598,236400,0.0012837137328460813,494.44352061000006,2382,99,-336.9239501953125,150.0,0.025861946865916252
1580,473798,237000,0.0013135283952578902,494.96482262000006,2388,99,-336.843505859375,150.0,0.03018464520573616
1584,474998,237600,0.001308975275605917,496.22033463,2394,99,-336.8805236816406,150.0,0.0235922671854496
1588,476198,238200,0.0013085260288789868,496.39099326999997,2400,99,-336.818359375,150.0,0.021852554753422737
1592,477398,238800,0.0012915396364405751,496.40104033000006,2406,99,-337.2857666015625,150.0,0.022098354995250702
1596,478598,239400,0.0013386275386437774,496.33577471000007,2412,99,-336.9932861328125,150.0,0.02480194717645645
1600,479798,240000,0.0013540447689592838,496.38839871000005,2417,99,-336.900390625,150.0,0.025229141116142273
1604,480998,240600,0.001323828473687172,496.4968946199999,2423,99,-337.21697998046875,150.0,0.025544894859194756
1608,482198,241200,0.0012963199988007545,496.48237301,2429,99,-336.78466796875,150.0,0.02526511624455452
1612,483398,241800,0.0012893674429506063,496.6456619699999,2435,99,-336.8370056152344,150.0,0.027020864188671112
1616,484598,242400,0.001293510664254427,496.65152914000004,2441,99,-337.1495361328125,150.0,0.023777004331350327
1620,485798,243000,0.0012819048715755343,496.6845035400001,2446,99,-337.0052185058594,150.0,0.027345405891537666
1624,486998,243600,0.0012726455461233854,496.93552637,2452,99,-337.27490234375,150.0,0.02517092227935791
1628,488198,244200,0.001276465249247849,497.1064190600001,2458,99,-337.08770751953125,150.0,0.02475370466709137
1632,489398,244800,0.001282838056795299,497.4012129700001,2464,99,-337.2641296386719,150.0,0.026378128677606583
1636,490598,245400,0.0012657764600589871,497.56087942000005,2470,99,-337.34234619140625,150.0,0.02368542179465294
1640,491798,246000,0.0012727384455502033,497.55986315,2476,99,-337.237060546875,150.0,0.02398005686700344
1644,492998,246600,0.001271071145310998,497.69352921999996,2482,99,-337.50567626953125,150.0,0.0247856006026268
1648,494198,247200,0.0012894953833892941,497.62696900000003,2488,99,-337.5448303222656,150.0,0.03174014389514923
1652,495398,247800,0.0012929155491292477,497.6603570299999,2494,99,-337.228515625,150.0,0.024045880883932114
1656,496598,248400,0.0012788467574864626,497.83438404000003,2500,99,-337.2641296386719,150.0,0.022988172248005867
1660,497798,249000,0.0012784755090251565,497.91369441,2506,99,-337.2158203125,150.0,0.02976924180984497
1664,498998,249600,0.0013099624775350094,497.97760078,2512,99,-337.40496826171875,150.0,0.026591727510094643
1668,500198,250200,0.001311226631514728,498.2470688000001,2518,99,-337.44989013671875,150.0,0.024579094722867012
1672,501398,250800,0.0013047135435044765,498.2145428100001,2524,99,-337.33233642578125,150.0,0.02743552066385746
1676,502598,251400,0.0013100699288770556,498.2521034900001,2530,99,-337.5919494628906,150.0,0.027184974402189255
1680,503798,252000,0.00128995964769274,498.40020563999997,2536,99,-337.53070068359375,150.0,0.02683533914387226
1684,504998,252600,0.001293265726417303,498.28875489999996,2542,99,-337.48968505859375,150.0,0.028690099716186523
1688,506198,253200,0.0012625557137653232,498.1875373399999,2548,99,-337.3399658203125,150.0,0.026521673426032066
1692,507398,253800,0.0012956933351233602,498.1032641000001,2554,99,-337.81768798828125,150.0,0.021938927471637726
1696,508598,254400,0.0012738119112327695,498.11335570999995,2560,99,-337.65570068359375,150.0,0.02249675802886486
1700,509798,255000,0.0013246525777503848,498.07097774999994,2566,99,-337.79595947265625,150.0,0.023485906422138214
1704,510998,255600,0.0013043471844866872,497.81522412000004,2572,99,-337.9862060546875,150.0,0.02439119853079319
1708,512198,256200,0.0012695895275101066,497.47143580000005,2578,99,-338.034912109375,150.0,0.02041173353791237
1712,513398,256800,0.0012603270588442683,497.0646432500001,2585,99,-338.1175537109375,150.0,0.028036296367645264
1716,514598,257400,0.00128158216830343,496.9390806,2591,99,-337.8336181640625,150.0,0.025947876274585724
1720,515798,258000,0.0012956940336152911,496.75571170999996,2597,99,-338.01690673828125,150.0,0.026375148445367813
1724,516998,258600,0.0013087643310427666,496.4432592399999,2604,99,-337.77703857421875,150.0,0.027222933247685432
1728,518198,259200,0.0012839953415095806,496.25643596000003,2612,99,-337.74627685546875,150.0,0.028931086882948875
1732,519398,259800,0.0012771794572472572,495.92086269,2618,99,-338.13299560546875,150.0,0.025636818259954453
1736,520598,260400,0.0012993152486160398,495.8277396599999,2624,99,-337.9139099121094,150.0,0.022162027657032013
1740,521798,261000,0.001283548423089087,495.61857039,2630,99,-338.16424560546875,150.0,0.026636818423867226
1744,522998,261600,0.001255083829164505,495.51102298999996,2636,99,-338.05865478515625,150.0,0.023541530594229698
1748,524198,262200,0.0012289099395275116,495.63737276999996,2642,99,-337.93408203125,150.0,0.024097878485918045
1752,525398,262800,0.0012210303684696555,496.10134726,2648,99,-338.084716796875,150.0,0.026312123984098434
1756,526598,263400,0.0012110875686630607,496.0941348100001,2654,99,-338.1260070800781,150.0,0.023408738896250725
1760,527798,264000,0.0012278889771550894,496.07971727000006,2660,99,-338.11431884765625,150.0,0.02773701399564743
1764,528998,264600,0.0012671956792473793,496.00005636000003,2666,99,-338.0321960449219,150.0,0.025066230446100235
1768,530198,265200,0.0012503665639087558,496.0147632300001,2672,99,-338.43621826171875,150.0,0.023507792502641678
1772,531398,265800,0.001244881423190236,496.0174780599999,2678,99,-338.0308837890625,150.0,0.02549174427986145
1776,532598,266400,0.0012336574727669358,496.0252615500001,2684,99,-337.94940185546875,150.0,0.024983873590826988
1780,533798,267000,0.0012313952902331948,495.99237162,2690,99,-338.00054931640625,150.0,0.025601809844374657
1784,534998,267600,0.0012277186615392566,495.99547705,2696,99,-337.9364013671875,150.0,0.03195766732096672
1788,536198,268200,0.0012316300999373198,495.73008497,2702,99,-337.88671875,150.0,0.025988616049289703
1792,537398,268800,0.0012142029590904713,495.55351694999996,2708,99,-337.8548889160156,150.0,0.021755250170826912
1796,538598,269400,0.0012221627403050661,494.85011891,2714,99,-337.8355407714844,150.0,0.02537212148308754
1800,539798,270000,0.001217879238538444,493.9524879600001,2720,99,-337.96221923828125,150.0,0.024304820224642754
1804,540998,270600,0.0011849923757836223,494.21044289,2726,99,-337.65887451171875,150.0,0.024273796007037163
1808,542198,271200,0.0011929420288652182,494.5723334599999,2732,99,-337.6419677734375,150.0,0.02976909466087818
1812,543398,271800,0.0013167611323297024,494.70954336999995,2738,99,-338.17974853515625,150.0,0.04180600121617317
1816,544598,272400,0.0013008569367229939,494.55412938999996,2745,99,-338.15374755859375,150.0,0.03820928558707237
1820,545798,273000,0.0012175150914117694,494.73210784,2751,99,-338.16058349609375,150.0,0.025652654469013214
1824,546998,273600,0.0011665861820802093,495.05031992,2757,99,-338.21392822265625,150.0,0.019871730357408524
1828,548198,274200,0.0011724361684173346,495.31338247,2763,99,-337.78759765625,150.0,0.021552277728915215
1832,549398,274800,0.0011432196479290724,495.71993533999995,2769,99,-338.019287109375,150.0,0.020046845078468323
1836,550598,275400,0.0011465076822787523,495.87510534,2775,99,-337.8980407714844,150.0,0.018528621643781662
1840,551798,276000,0.0011407975107431412,496.0253753800001,2781,99,-337.8905029296875,150.0,0.021774401888251305
1844,552998,276600,0.001133061945438385,496.05555565000003,2787,99,-337.75439453125,150.0,0.021423280239105225
1848,554198,277200,0.0011617999989539385,495.99013544,2793,99,-338.026611328125,150.0,0.022165613248944283
1852,555398,277800,0.0011623939499258995,495.91165455999993,2799,99,-338.03466796875,150.0,0.02238425798714161
1856,556598,278400,0.0011560074053704739,495.69519792,2805,99,-337.9345703125,150.0,0.02346666157245636
1860,557798,279000,0.0011249285889789462,495.58106526000006,2811,99,-338.0301513671875,150.0,0.02676558308303356
1864,558998,279600,0.0011425084667280316,495.50653836,2817,99,-337.920166015625,150.0,0.01965504139661789
1868,560198,280200,0.0011991453357040882,495.40001874000006,2823,99,-338.03131103515625,150.0,0.02966143749654293
1872,561398,280800,0.0013332415837794542,495.05177484,2829,99,-338.62005615234375,150.0,0.026591651141643524
1876,562598,281400,0.0013428465463221073,494.94985635999996,2835,99,-338.86151123046875,150.0,0.02725403942167759
1880,563798,282000,0.001326870871707797,494.97900519,2841,99,-338.57086181640625,150.0,0.023775143548846245
1884,564998,282600,0.0012986840447410941,495.13658975,2847,99,-339.2283630371094,150.0,0.024936765432357788
1888,566198,283200,0.0012593587161973119,495.54350723000005,2853,99,-339.3128356933594,150.0,0.023718295618891716
1892,567398,283800,0.0012609536061063409,495.91808222,2859,99,-339.1506652832031,150.0,0.024106761440634727
1896,568598,284400,0.0012907570926472545,496.6932972699999,2865,99,-339.38751220703125,150.0,0.0230935700237751
1900,569798,285000,0.001295585883781314,497.61213838,2871,99,-339.57403564453125,150.0,0.02181391231715679
1904,570998,285600,0.0012818952091038227,497.5862549699999,2877,99,-339.32440185546875,150.0,0.023906836286187172
1908,572198,286200,0.0012536088470369577,497.40215475,2884,99,-339.6654968261719,150.0,0.020423075184226036
1912,573398,286800,0.001266135019250214,497.65219656999994,2890,99,-339.7276916503906,150.0,0.025270886719226837
1916,574598,287400,0.0012439267011359334,497.98759528000005,2896,99,-339.84429931640625,150.0,0.023450985550880432
1920,575798,288000,0.0012110868701711297,498.0011164699999,2902,99,-339.88909912109375,150.0,0.023184102028608322
1924,576998,288600,0.0012006162432953715,498.0482505,2908,99,-339.89373779296875,150.0,0.018506862223148346
1928,578198,289200,0.0011766585521399975,497.92870597999996,2914,99,-339.9194030761719,150.0,0.022097153589129448
1932,579398,289800,0.0011507261078804731,497.84199947,2920,99,-339.53790283203125,150.0,0.02342684008181095
1936,580598,290400,0.0011444343253970146,497.8491058899999,2926,99,-339.68048095703125,150.0,0.022496186196804047
1940,581798,291000,0.0011300289770588279,497.98222676999995,2932,99,-339.4615783691406,150.0,0.0253240205347538
1944,582998,291600,0.0011367889819666743,498.02453676,2938,99,-339.78546142578125,150.0,0.018393978476524353
1948,584198,292200,0.0011563884327188134,498.00133944000004,2944,99,-339.72308349609375,150.0,0.02103291265666485
1952,585398,292800,0.0011578985722735524,497.7444317900001,2950,99,-339.6352844238281,150.0,0.023604383692145348
1956,586598,293400,0.0011836630292236805,497.83180243000004,2956,99,-339.7756652832031,150.0,0.020633479580283165
1960,587798,294000,0.0011722985655069351,497.96590299000013,2962,99,-339.5070495605469,150.0,0.02382800169289112
1964,588998,294600,0.0011619445867836475,498.08597819999994,2969,99,-339.48333740234375,150.0,0.020819447934627533
1968,590198,295200,0.0011348278494551778,498.2018712400001,2975,99,-339.54144287109375,150.0,0.02270323783159256
1972,591398,295800,0.0011240283492952585,498.4060032500001,2981,99,-339.4149475097656,150.0,0.022833842784166336
1976,592598,296400,0.001130173448473215,498.60152458,2987,99,-339.62164306640625,150.0,0.018441209569573402
1980,593798,297000,0.0011148354969918728,498.64029833,2994,99,-339.302490234375,150.0,0.0160886999219656
1984,594998,297600,0.0011214511469006538,498.62737938000004,3000,99,-339.302490234375,150.0,0.024260425940155983
1988,596198,298200,0.0011108609614893794,498.7005955000001,3006,99,-339.32696533203125,150.0,0.02381773293018341
1992,597398,298800,0.0011086405720561743,498.64348298,3012,99,-339.1546630859375,150.0,0.019451703876256943
1996,598598,299400,0.0011227240320295095,498.65732398999995,3018,99,-339.3031005859375,150.0,0.02157781645655632
2000,599798,300000,0.0011016392381861806,498.78011408,3024,99,-339.22705078125,150.0,0.01965850219130516
2004,600998,300600,0.0011198341380804777,498.70181543,3030,99,-339.09466552734375,150.0,0.020123686641454697
2008,602198,301200,0.0011084708385169506,499.08381161000005,3037,99,-339.2780456542969,150.0,0.02165733464062214
2012,603398,301800,0.0011096226517111063,499.01736195000007,3043,99,-339.1510009765625,150.0,0.020409628748893738
2016,604598,302400,0.0010954433819279075,499.03698876999994,3049,99,-339.22625732421875,150.0,0.018304014578461647
2020,605798,303000,0.0011130953207612038,499.11700647,3055,99,-338.9110412597656,150.0,0.021057434380054474
2024,606998,303600,0.001126306364312768,499.21941473,3061,99,-339.3382263183594,150.0,0.022822381928563118
2028,608198,304200,0.0011212147073820233,499.3789051400001,3067,99,-339.1866760253906,150.0,0.02235044166445732
2032,609398,304800,0.0011018577497452497,499.45089613999994,3073,99,-339.06494140625,150.0,0.018395671620965004
2036,610598,305400,0.0010961018269881606,499.48421698999994,3079,99,-339.1060791015625,150.0,0.018359346315264702
2040,611798,306000,0.0010911320568993688,499.48696060999987,3085,99,-339.1789855957031,150.0,0.021184667944908142
2044,612998,306600,0.0011009748559445143,499.59161208,3091,99,-338.91387939453125,150.0,0.02123553492128849
2048,614198,307200,0.0010818693554028869,499.6652109099999,3097,99,-339.25201416015625,150.0,0.01760072633624077
2052,615398,307800,0.0010793352266773582,500.04896038000004,3103,99,-339.08392333984375,150.0,0.018136024475097656
2056,616598,308400,0.0010738520650193095,500.23340716,3109,99,-339.316650390625,150.0,0.022477254271507263
2060,617798,309000,0.0010997046483680606,500.27091537,3115,99,-339.0234375,150.0,0.02021518163383007
2064,618998,309600,0.0011940505355596542,500.24014814000003,3121,99,-339.132568359375,150.0,0.0270889513194561
2068,620198,310200,0.001174186822026968,500.10164387,3127,99,-339.22686767578125,150.0,0.024676792323589325
2072,621398,310800,0.0011294111609458923,500.32904495,3133,99,-339.2933654785156,150.0,0.021897589787840843
2076,622598,311400,0.0010924935340881348,500.28166962999995,3139,99,-339.1591796875,150.0,0.02016466297209263
2080,623798,312000,0.0010746173793449998,500.24988535999995,3145,99,-339.31866455078125,150.0,0.01918882690370083
2084,624998,312600,0.001094677485525608,500.30291543,3151,99,-339.3973693847656,150.0,0.01908021792769432
2088,626198,313200,0.0010828112717717886,500.27131951,3157,99,-339.3211975097656,150.0,0.018957700580358505
2092,627398,313800,0.0010865693911910057,500.38859828999995,3163,99,-339.1044616699219,150.0,0.01836319826543331
2096,628598,314400,0.0010717951226979494,500.50835206999994,3169,99,-338.9556884765625,150.0,0.021717319265007973
2100,629798,315000,0.0010520615614950657,500.54850191,3175,99,-338.88116455078125,150.0,0.01797846332192421
2104,630998,315600,0.0010622343979775906,500.69022732999997,3181,99,-339.19940185546875,150.0,0.025297271087765694
2108,632198,316200,0.0012450863141566515,500.31731319000005,3187,99,-339.1004638671875,150.0,0.029927434399724007
2112,633398,316800,0.0011709315003827214,500.2291167000001,3193,99,-339.3535461425781,150.0,0.02013002522289753
2116,634598,317400,0.0011694311397150159,500.22078658000004,3200,99,-339.5145263671875,150.0,0.018114471808075905
2120,635798,318000,0.0011774228187277913,500.07649113,3206,99,-339.24615478515625,150.0,0.019009288400411606
2124,636998,318600,0.0010939625790342689,499.96590762,3212,99,-339.05511474609375,150.0,0.021726597100496292
2128,638198,319200,0.0010831757681444287,499.9836052000001,3218,99,-339.1709289550781,150.0,0.02536548674106598
2132,639398,319800,0.001163237844593823,499.73540732000004,3225,99,-339.4464416503906,150.0,0.026756659150123596
2136,640598,320400,0.001129886251874268,499.26148113999994,3231,99,-339.430908203125,150.0,0.026770150288939476
2140,641798,321000,0.0011376343900337815,498.96044487,3238,99,-339.3664245605469,150.0,0.031971368938684464
2144,642998,321600,0.0012318757362663746,498.50478992999996,3244,99,-339.4089660644531,150.0,0.057094674557447433
2148,644198,322200,0.0013531011063605547,497.91726416,3250,99,-339.64349365234375,150.0,0.0536588579416275
2152,645398,322800,0.001238177064806223,497.54309083,3257,99,-339.33087158203125,150.0,0.02849438227713108
2156,646598,323400,0.0012298168148845434,497.35381927,3263,99,-339.58355712890625,150.0,0.028386300429701805
2160,647798,324000,0.0012635590974241495,497.1536695499999,3269,99,-339.7054748535156,150.0,0.0314115509390831
2164,648998,324600,0.0012178292963653803,497.04690466000005,3275,99,-339.5462341308594,150.0,0.03136412799358368
2168,650198,325200,0.0011755900923162699,496.94969858999997,3282,99,-339.48583984375,150.0,0.029820669442415237
2172,651398,325800,0.0011557925026863813,496.81266370000003,3288,99,-339.85150146484375,150.0,0.025306526571512222
2176,652598,326400,0.0011798368068411946,496.62254931999996,3295,99,-339.70782470703125,150.0,0.029273098334670067
2180,653798,327000,0.0011297870660200715,496.63143873,3301,99,-339.5248107910156,150.0,0.034347712993621826
2184,654998,327600,0.0011435948545113206,496.31560871,3307,99,-339.650634765625,150.0,0.02474578283727169
2188,656198,328200,0.0011232756078243256,496.22288042,3314,99,-339.45684814453125,150.0,0.021561624482274055
2192,657398,328800,0.0011144618038088083,496.09688917,3320,99,-339.4134826660156,150.0,0.021457871422171593
2196,658598,329400,0.0010964620159938931,495.96634806000003,3326,99,-339.2713623046875,150.0,0.021593499928712845
2200,659798,330000,0.001107919728383422,495.92302585,3332,99,-339.244384765625,150.0,0.024839866906404495
2204,660998,330600,0.0011228423099964857,495.92401638999996,3339,99,-339.288330078125,150.0,0.021630268543958664
2208,662198,331200,0.0011308107059448957,496.31830836999984,3345,98,-339.22723388671875,150.0,0.02075551636517048
2212,663398,331800,0.0011104700388386846,496.49436033000006,3351,98,-339.20379638671875,150.0,0.02210910990834236
2216,664598,332400,0.0010691218776628375,496.56986199,3358,98,-339.15264892578125,150.0,0.019825881347060204
2220,665798,333000,0.0010640136897563934,496.78132167,3364,98,-339.006103515625,150.0,0.020169276744127274
2224,666998,333600,0.0010471362620592117,497.02693376999997,3370,98,-338.9839172363281,150.0,0.01534393522888422
2228,668198,334200,0.0010239402763545513,497.1045149099999,3377,98,-339.160888671875,150.0,0.01797095686197281
2232,669398,334800,0.001030223211273551,497.55099176000004,3383,98,-338.978271484375,150.0,0.016287053003907204
2236,670598,335400,0.0010225540027022362,498.15410442,3390,98,-338.998779296875,150.0,0.020499205216765404
2240,671798,336000,0.0010142525425180793,498.5951483299999,3396,98,-338.9720153808594,150.0,0.018248427659273148
2244,672998,336600,0.0010183552512899041,499.1662898299999,3402,98,-339.1498107910156,150.0,0.02153692953288555
2248,674198,337200,0.0010195442009717226,499.90618381,3409,98,-339.10064697265625,150.0,0.015588371083140373
2252,675398,337800,0.0010360373416915536,500.32550822999997,3415,98,-339.23431396484375,150.0,0.017020881175994873
2256,676598,338400,0.0010331971570849419,500.57694166999994,3421,98,-339.34521484375,150.0,0.020736416801810265
2260,677798,339000,0.0010530527215451002,500.7791569099999,3428,98,-339.4299621582031,150.0,0.019802212715148926
2264,678998,339600,0.0010394026758149266,501.03872622999995,3434,98,-339.3999938964844,150.0,0.017561735585331917
2268,680198,340200,0.001027674414217472,501.42898467,3441,98,-339.22845458984375,150.0,0.020764866843819618
2272,681398,340800,0.0010211172048002481,501.62605768000003,3447,98,-339.12103271484375,150.0,0.019708743318915367
2276,682598,341400,0.0010550064034759998,501.67057071000005,3453,98,-339.11077880859375,150.0,0.021045753732323647
2280,683798,342000,0.0010585286654531956,501.64178426,3460,98,-339.139892578125,150.0,0.018583891913294792
2284,684998,342600,0.001059392699971795,501.7402078,3466,98,-339.03179931640625,150.0,0.021293940022587776
2288,686198,343200,0.0010566703276708722,501.6558029099999,3473,98,-339.131591796875,150.0,0.02303185872733593
2292,687398,343800,0.0010487072868272662,501.57498262999997,3479,98,-339.23883056640625,150.0,0.0243533868342638
2296,688598,344400,0.0010478295153006911,501.61514917,3486,98,-339.3680419921875,150.0,0.026484739035367966
2300,689798,345000,0.0011549049522727728,500.82592088999996,3492,98,-339.266845703125,150.0,0.040287796407938004
2304,690998,345600,0.0010482942452654243,500.62164962,3498,98,-339.434814453125,150.0,0.030447939410805702
2308,692198,346200,0.0010483107762411237,500.52274740999997,3505,98,-339.4508056640625,150.0,0.02389296144247055
2312,693398,346800,0.0010399628663435578,500.48072383,3511,98,-339.29461669921875,150.0,0.02464107796549797
2316,694598,347400,0.0010232266504317522,500.49301801,3517,98,-339.267822265625,150.0,0.022433500736951828
2320,695798,348000,0.0010097397025674582,500.47068461000003,3524,98,-339.5295715332031,150.0,0.022524753585457802
2324,696998,348600,0.001017006696201861,500.38428772,3530,98,-339.6359558105469,150.0,0.016836905851960182
2328,698198,349200,0.0010240691481158137,500.39979016000007,3537,98,-339.4029846191406,150.0,0.0189815703779459
2332,699398,349800,0.0010196531657129526,500.28220972,3543,98,-339.477294921875,150.0,0.020460747182369232
2336,700598,350400,0.001013382337987423,500.23997091000007,3549,98,-339.5650634765625,150.0,0.016332346946001053
2340,701798,351000,0.0010133122559636831,500.17001947000006,3556,98,-339.3341064453125,150.0,0.017242981120944023
2344,702998,351600,0.0010229056933894753,500.0683681,3562,98,-339.64752197265625,150.0,0.0235394649207592
2348,704198,352200,0.0010079535422846675,500.09669121999997,3568,98,-339.7372741699219,150.0,0.020687812939286232
2352,705398,352800,0.0010038625914603472,500.09540104,3575,98,-339.692138671875,150.0,0.021881625056266785
2356,706598,353400,0.0010213333880528808,500.14134347,3581,98,-339.44268798828125,150.0,0.015752596780657768
2360,707798,354000,0.0010170775931328535,500.2281879099999,3587,98,-339.2818603515625,150.0,0.023619813844561577
2364,708998,354600,0.0010443901410326362,500.22959983999993,3594,98,-339.6040954589844,150.0,0.014277045615017414
2368,710198,355200,0.0010382103500887752,500.24072185,3600,98,-339.5421142578125,150.0,0.022308502346277237
2372,711398,355800,0.0010369789088144898,500.3098292699999,3607,98,-339.619140625,150.0,0.021717041730880737
2376,712598,356400,0.0010290700010955334,500.5637326799999,3613,98,-339.8636169433594,150.0,0.0181110929697752
2380,713798,357000,0.0010081977816298604,500.70451303999994,3619,98,-339.84979248046875,150.0,0.017304962500929832
2384,714998,357600,0.0010245498269796371,500.93603540000004,3626,98,-339.55340576171875,150.0,0.01889548823237419
2388,716198,358200,0.0010375452693551779,501.17334388,3632,98,-339.85504150390625,150.0,0.020920593291521072
2392,717398,358800,0.0010281542781740427,501.35910201,3638,98,-339.73748779296875,150.0,0.017865216359496117
2396,718598,359400,0.001024569384753704,501.16117617,3645,98,-339.63189697265625,150.0,0.024823741987347603
2400,719798,360000,0.0010332247475162148,501.6317539100001,3651,98,-339.5518798828125,150.0,0.02489573508501053
2404,720998,360600,0.0010409243404865265,501.7388854000001,3657,98,-339.6855163574219,150.0,0.02317154034972191
2408,722198,361200,0.0010278272675350308,501.89145566,3664,98,-339.6124267578125,150.0,0.02024233154952526
2412,723398,361800,0.0010154962074011564,501.87640329000004,3670,98,-339.4947204589844,150.0,0.02112514339387417
2416,724598,362400,0.0010176422074437141,501.88544817999997,3677,98,-339.4176330566406,150.0,0.020947180688381195
2420,725798,363000,0.0010331602534279227,501.6276791699999,3683,98,-339.79913330078125,150.0,0.02211703173816204
2424,726998,363600,0.0010360329179093242,501.51217857000006,3689,98,-339.5003967285156,150.0,0.01881612092256546
2428,728198,364200,0.0010228847386315465,501.4094582900001,3696,98,-339.6728515625,150.0,0.019446995109319687
2432,729398,364800,0.0009991148253902793,501.3535273,3702,98,-339.90777587890625,150.0,0.017461346462368965
2436,730598,365400,0.0009906124323606491,501.2784093100001,3708,98,-339.47900390625,150.0,0.017011992633342743
2440,731798,366000,0.0009759647655300796,501.37176575999996,3714,98,-339.89422607421875,150.0,0.019533658400177956
2444,732998,366600,0.0009589585824869573,501.4591797399999,3721,98,-339.6503601074219,150.0,0.019674085080623627
2448,734198,367200,0.0009558532619848847,501.47063833,3727,98,-339.8885498046875,150.0,0.013185335323214531
2452,735398,367800,0.000958843796979636,501.52876677,3734,98,-339.88116455078125,150.0,0.01608746312558651
2456,736598,368400,0.0009554190328344703,501.52112753,3740,98,-339.6202697753906,150.0,0.013751044869422913
2460,737798,369000,0.0009583355276845396,501.53383137,3746,98,-339.6824645996094,150.0,0.01705271564424038
2464,738998,369600,0.0009473427198827267,501.63644172000005,3753,98,-339.50213623046875,150.0,0.015884896740317345
2468,740198,370200,0.0009540232713334262,501.7015123200001,3759,98,-339.827880859375,150.0,0.014479313977062702
2472,741398,370800,0.0009509642841294408,501.69571741000004,3766,98,-339.765625,150.0,0.017946677282452583
2476,742598,371400,0.0009622611105442047,501.7815021400001,3772,98,-339.76318359375,150.0,0.01513285655528307
2480,743798,372000,0.0009659006609581411,501.77459125000007,3778,98,-339.58941650390625,150.0,0.024664796888828278
2484,744998,372600,0.0009948736988008022,501.70072541,3785,98,-339.67034912109375,150.0,0.025975801050662994
2488,746198,373200,0.0010004702489823103,501.64772054,3791,98,-339.73065185546875,150.0,0.018572503700852394
2492,747398,373800,0.0009985290234908462,501.72643017999985,3797,98,-339.9710693359375,150.0,0.016744079068303108
2496,748598,374400,0.0009794660145416856,501.98925942999995,3803,98,-339.83056640625,150.0,0.019098319113254547
2500,749798,375000,0.0009675094042904675,502.38728475999994,3809,98,-339.4549255371094,150.0,0.01760079525411129
2504,750998,375600,0.0009582399507053196,502.57377595,3816,98,-339.7527160644531,150.0,0.019441206008195877
2508,752198,376200,0.0009545455686748028,502.5762406699999,3822,98,-339.90570068359375,150.0,0.015675652772188187
2512,753398,376800,0.0009364245925098658,502.81646133000004,3828,98,-339.8973388671875,150.0,0.01630595326423645
2516,754598,377400,0.0009398646070621908,502.98927492,3834,98,-339.5843505859375,150.0,0.017411941662430763
2520,755798,378000,0.0009424532181583345,503.3744968399999,3841,98,-339.89471435546875,150.0,0.01830994337797165
2524,756998,378600,0.0009376421221531928,503.5967183499998,3847,98,-339.60906982421875,150.0,0.017953336238861084
2528,758198,379200,0.0009391764760948718,503.6922845499999,3854,98,-339.8792724609375,150.0,0.014502177014946938
2532,759398,379800,0.0009382861899212003,503.81772346,3860,98,-339.7410888671875,150.0,0.017499396577477455
2536,760598,380400,0.0009366162121295929,503.95440048999995,3866,98,-340.04803466796875,150.0,0.013586562126874924
2540,761798,381000,0.0009487729985266924,503.89893113000005,3872,98,-340.094482421875,150.0,0.01729905791580677
2544,762998,381600,0.0009467429481446743,503.83230641999995,3879,98,-339.6710205078125,150.0,0.016313889995217323
2548,764198,382200,0.0009475477272644639,503.8212841799999,3885,98,-340.095458984375,150.0,0.015043819323182106
2552,765398,382800,0.0009609745466150343,503.7209631399999,3891,98,-339.9715576171875,150.0,0.015370347537100315
2556,766598,383400,0.0009756702347658575,503.74355827999995,3897,98,-339.818115234375,150.0,0.01684298738837242
2560,767798,384000,0.0009607994579710066,503.73852809999994,3903,98,-339.9139404296875,150.0,0.016151150688529015
2564,768998,384600,0.0009475292754359543,503.65891759000004,3910,98,-340.05712890625,150.0,0.018573695793747902
2568,770198,385200,0.000953242473769933,503.5923616600001,3916,98,-340.1406555175781,150.0,0.01625800132751465
2572,771398,385800,0.0009468174539506435,503.59741784000005,3923,98,-340.0164794921875,150.0,0.015455328859388828
2576,772598,386400,0.000928256893530488,503.57627102999993,3929,98,-340.17205810546875,150.0,0.014142272062599659
2580,773798,387000,0.0009277143399231136,503.51481033000005,3935,98,-339.94561767578125,150.0,0.01803894340991974
2584,774998,387600,0.0009197353501804173,503.6322552600001,3942,98,-339.9713134765625,150.0,0.013093211688101292
2588,776198,388200,0.0009588858811184764,503.55044775999994,3948,98,-340.04949951171875,150.0,0.019755873829126358
2592,777398,388800,0.0009523964836262167,503.48634408000004,3955,98,-339.9820861816406,150.0,0.019374415278434753
2596,778598,389400,0.0009359237155877054,503.50042831999997,3961,98,-340.14508056640625,150.0,0.018808437511324883
2600,779798,390000,0.0009350186446681619,503.5252318,3967,98,-339.97491455078125,150.0,0.014729060232639313
2604,780998,390600,0.0009324406855739653,503.53441576999995,3973,98,-340.02276611328125,150.0,0.018146900460124016
2608,782198,391200,0.0010063821682706475,503.3484044599999,3980,98,-340.1991882324219,150.0,0.018999390304088593
2612,783398,391800,0.0009723443072289228,503.13516283999996,3986,98,-340.1698303222656,150.0,0.017321206629276276
2616,784598,392400,0.0009637705516070127,502.86377314,3992,98,-339.82476806640625,150.0,0.02988370880484581
2620,785798,393000,0.0009651925065554678,502.60467148000004,3998,98,-339.8482666015625,150.0,0.01971902884542942
2624,786998,393600,0.000960029661655426,502.26947033,4005,98,-339.9783935546875,150.0,0.01947951689362526
2628,788198,394200,0.0009749303571879864,502.0350434899999,4011,98,-339.750732421875,150.0,0.017769692465662956
2632,789398,394800,0.0009741329122334719,501.85526629,4017,98,-339.9976806640625,150.0,0.024006616324186325
2636,790598,395400,0.0009735250496305525,501.62782087999994,4023,98,-339.8424072265625,150.0,0.02227889746427536
2640,791798,396000,0.000969194748904556,501.5310008800001,4030,98,-339.9139099121094,150.0,0.01957661658525467
2644,792998,396600,0.0009594950824975967,501.38021535000007,4036,98,-339.84552001953125,150.0,0.021961543709039688
2648,794198,397200,0.0009493182878941298,501.21163669000003,4042,98,-339.76812744140625,150.0,0.022560933604836464
2652,795398,397800,0.0009448776254430413,501.2228550499999,4048,98,-339.71051025390625,150.0,0.018657783046364784
2656,796598,398400,0.000918232777621597,501.12628889,4055,98,-339.91998291015625,150.0,0.020296389237046242
2660,797798,399000,0.0009271514136344194,501.13252925,4061,98,-339.8932800292969,150.0,0.01863791048526764
2664,798998,399600,0.0009360116673633456,501.13924987000007,4067,98,-339.8482971191406,150.0,0.025047581642866135
