train/n_updates,train/ent_coef,train/actor_loss,time/fps,time/time_elapsed,train/critic_loss,rollout/ep_len_mean,time/episodes,time/total_timesteps,rollout/ep_rew_mean
998,0.865207314491272,-100.70065307617188,38,15,2.8274638652801514,150.0,4,600,34.305189
2198,0.734865665435791,-218.08343505859375,55,21,0.3851139545440674,150.0,8,1200,32.607971
3398,0.6296932101249695,-317.41705322265625,65,27,0.3245394825935364,150.0,12,1800,35.12996291666666
4598,0.5430238842964172,-398.2147216796875,71,33,0.2724495232105255,150.0,16,2400,42.41974168749999
5798,0.4704509675502777,-462.788818359375,76,39,0.22497150301933289,150.0,20,3000,53.75897379999999
6998,0.4089214503765106,-513.3031005859375,79,45,0.16394959390163422,150.0,24,3600,64.450355375
8198,0.35624784231185913,-552.589111328125,82,50,0.09722409397363663,150.0,28,4200,75.49251589285713
9398,0.31085214018821716,-581.5183715820312,84,56,0.07178789377212524,150.0,32,4800,86.256059625
10598,0.2715173661708832,-602.1068115234375,86,62,0.05980239436030388,150.0,36,5400,95.75993302777779
11798,0.2373276650905609,-615.783203125,87,68,0.052742037922143936,150.0,40,6000,105.56022415
12998,0.20754845440387726,-623.47802734375,88,74,0.04331471025943756,150.0,44,6600,114.43503872727274
14198,0.18158364295959473,-626.455078125,89,80,0.044335585087537766,150.0,48,7200,123.07223675
15398,0.15892545878887177,-625.6021728515625,90,86,0.04001462832093239,150.0,52,7800,132.41184046153847
16598,0.13915272057056427,-621.7376098632812,91,92,0.04052974656224251,150.0,56,8400,141.91170064285714
17798,0.12188559025526047,-615.6631469726562,91,97,0.03620632737874985,150.0,60,9000,151.16469294999996
18998,0.10681349784135818,-607.7597045898438,92,103,0.0403570681810379,150.0,64,9600,159.72762
20198,0.09363167732954025,-598.414794921875,92,109,0.03888076916337013,150.0,68,10200,167.24620789705884
21398,0.08210805803537369,-587.8679809570312,93,115,0.042879872024059296,150.0,72,10800,175.41065752777777
22598,0.07204382121562958,-576.4590454101562,93,121,0.05037158355116844,150.0,76,11400,182.57309415789473
23798,0.06323476880788803,-564.796630859375,94,127,0.044900428503751755,150.0,80,12000,189.75069691250002
24998,0.05553998053073883,-552.3734741210938,94,133,0.04771208018064499,150.0,84,12600,197.0853090595238
26198,0.04883702099323273,-540.1510009765625,95,138,0.05071616545319557,150.0,88,13200,203.82548
27398,0.0429595410823822,-527.6080322265625,95,144,0.053350504487752914,150.0,92,13800,209.98430425
28598,0.03781868517398834,-515.57958984375,95,150,0.05819955840706825,150.0,96,14400,216.18206837499997
29798,0.03331261873245239,-503.33056640625,95,156,0.052979499101638794,150.0,100,15000,222.45502822999998
30998,0.029363112524151802,-491.6916809082031,96,162,0.05532117187976837,150.0,104,15600,235.53547913
32198,0.025912422686815262,-480.34124755859375,96,168,0.05775481089949608,150.0,108,16200,249.06621929000002
33398,0.022902050986886024,-469.59918212890625,96,173,0.05970194935798645,150.0,112,16800,262.93132282000005
34598,0.020275859162211418,-459.2862243652344,96,179,0.06583050638437271,150.0,116,17400,275.27167959
35798,0.01797865889966488,-449.69134521484375,96,185,0.06943296641111374,150.0,120,18000,286.4125051
36998,0.015940044075250626,-440.3090515136719,97,191,0.06576765328645706,150.0,124,18600,296.71560861
38198,0.014145436696708202,-431.8277587890625,97,197,0.06544759124517441,150.0,128,19200,306.59263986
39398,0.01257132925093174,-423.79986572265625,97,202,0.06636479496955872,150.0,132,19800,315.44948869
40598,0.011203725822269917,-416.04571533203125,97,208,0.07590394467115402,150.0,136,20400,324.24078079000003
41798,0.009982205927371979,-409.0072021484375,97,214,0.06862384080886841,150.0,140,21000,332.16387670000006
42998,0.008905336260795593,-402.75323486328125,97,220,0.06091023609042168,150.0,144,21600,339.86555541000007
44198,0.0079609714448452,-396.54925537109375,97,226,0.06524006277322769,150.0,148,22200,346.78313206
45398,0.00714173773303628,-390.86248779296875,97,232,0.06203976273536682,150.0,152,22800,353.27971048000006
46598,0.00638970173895359,-385.54443359375,97,238,0.06311336159706116,150.0,156,23400,358.80416262
47798,0.005754574667662382,-380.7353210449219,98,244,0.059063948690891266,150.0,160,24000,363.97932820999995
48998,0.005201113410294056,-376.3145751953125,98,250,0.06609974801540375,150.0,164,24600,368.63124507
50198,0.004712261259555817,-372.139892578125,98,256,0.0583467036485672,150.0,168,25200,373.41697882
51398,0.004280070308595896,-368.359130859375,98,262,0.061382513493299484,150.0,172,25800,377.1936314299999
52598,0.003902292111888528,-364.9671936035156,98,268,0.06608707457780838,150.0,176,26400,380.8598137
53798,0.0035792100243270397,-361.8798828125,98,274,0.061273057013750076,150.0,180,27000,385.19297192
54998,0.003294512862339616,-358.93463134765625,98,280,0.06562071293592453,150.0,184,27600,388.12998008999995
56198,0.003048111917451024,-356.459716796875,98,286,0.06377638131380081,150.0,188,28200,391.17009438
57398,0.0028385433834046125,-354.3209533691406,98,292,0.06380350142717361,150.0,192,28800,394.03711335
58598,0.002645369153469801,-351.99560546875,98,298,0.061985284090042114,150.0,196,29400,396.57626995000004
59798,0.0025228799786418676,-349.7005920410156,98,304,0.05853690952062607,150.0,200,30000,398.43066646999995
60998,0.0023859329521656036,-347.62078857421875,98,310,0.05980898067355156,150.0,204,30600,400.585317
62198,0.002306731417775154,-345.53326416015625,98,316,0.053577616810798645,150.0,208,31200,403.0180941899999
63398,0.002353765768930316,-344.02764892578125,98,322,0.055955227464437485,150.0,212,31800,404.4127386100001
64598,0.002354638185352087,-342.25146484375,98,328,0.060136958956718445,150.0,216,32400,406.54900037
65798,0.0023724178317934275,-340.6280517578125,98,333,0.0637238547205925,150.0,220,33000,408.19890432
66998,0.0022811468224972486,-339.53973388671875,98,339,0.058303102850914,150.0,224,33600,410.1715595
68198,0.0022684892173856497,-338.01025390625,99,345,0.05638733133673668,150.0,228,34200,411.76942952999997
69398,0.0022448934614658356,-336.9429931640625,99,351,0.054548799991607666,150.0,232,34800,413.48385519999994
70598,0.0022920751944184303,-335.4740295410156,99,357,0.05277964472770691,150.0,236,35400,415.03565196000005
71798,0.0023796064779162407,-334.4236145019531,99,362,0.062272075563669205,150.0,240,36000,416.2671195499999
72998,0.002355295931920409,-333.46923828125,99,368,0.06597595661878586,150.0,244,36600,417.94290337999996
74198,0.002375155920162797,-332.29290771484375,99,374,0.06154681742191315,150.0,248,37200,419.1116499699999
75398,0.002318192506209016,-331.5848388671875,99,380,0.05909891054034233,150.0,252,37800,420.01816847999993
76598,0.00240530539304018,-330.59698486328125,99,386,0.06082657724618912,150.0,256,38400,420.99842380000007
77798,0.002317683072760701,-329.484375,99,391,0.059447966516017914,150.0,260,39000,421.85213045000006
78998,0.002391980728134513,-328.65093994140625,99,397,0.061372071504592896,150.0,264,39600,423.16243808
80198,0.0024398211389780045,-328.0524597167969,99,403,0.061581701040267944,150.0,268,40200,424.45994176
81398,0.0024737680796533823,-327.6436767578125,99,409,0.06557207554578781,150.0,272,40800,425.27624689000004
82598,0.0023362496867775917,-326.80401611328125,99,415,0.059939827769994736,150.0,276,41400,426.12762853
83798,0.002377390395849943,-326.263916015625,99,421,0.0636320561170578,150.0,280,42000,426.03180624
84998,0.0024160807952284813,-325.81829833984375,99,427,0.058988649398088455,150.0,284,42600,426.67864224000004
86198,0.002355904784053564,-325.17840576171875,99,433,0.05876567214727402,150.0,288,43200,427.40668483
87398,0.0024012885987758636,-324.7637939453125,99,439,0.06617724895477295,150.0,292,43800,428.0120221399999
88598,0.002382617676630616,-324.08447265625,99,445,0.0608907975256443,150.0,296,44400,428.76246828999996
89798,0.002345966175198555,-323.7817687988281,99,451,0.05835698917508125,150.0,300,45000,429.37024123
90998,0.002383539220318198,-323.4407958984375,99,457,0.05943789333105087,150.0,304,45600,429.82312697000003
92198,0.0024264496751129627,-322.8043518066406,99,463,0.0636250227689743,150.0,308,46200,430.46659956
93398,0.002434409223496914,-322.6911315917969,99,469,0.06357074528932571,150.0,312,46800,430.9245059700001
94598,0.0023761754855513573,-322.4375915527344,99,475,0.056394774466753006,150.0,316,47400,431.50026052
95798,0.0024607761297374964,-322.16290283203125,99,480,0.06546662747859955,150.0,320,48000,432.5557070400001
96998,0.002389969304203987,-321.8752746582031,99,486,0.06203233450651169,150.0,324,48600,433.40938596
98198,0.0023578177206218243,-321.91546630859375,99,492,0.05660080909729004,150.0,328,49200,433.52447134999994
99398,0.0023388543631881475,-321.5628356933594,99,498,0.06391497701406479,150.0,332,49800,434.10516915999995
100598,0.002405780367553234,-321.5058288574219,99,504,0.06131666153669357,150.0,336,50400,434.89442463
101798,0.0024290834553539753,-321.3583068847656,99,510,0.06031658872961998,150.0,340,51000,435.97277123999993
102998,0.0024678371846675873,-321.10125732421875,99,516,0.06233654171228409,150.0,344,51600,436.22269393999994
104198,0.0023785175289958715,-320.859375,99,522,0.0659283846616745,150.0,348,52200,437.15353052
105398,0.0024341121315956116,-320.62811279296875,99,528,0.06383693963289261,150.0,352,52800,437.66163760999996
106598,0.0024042699951678514,-320.5081787109375,99,534,0.060482870787382126,150.0,356,53400,438.33505567
107798,0.0023625297471880913,-320.383056640625,99,540,0.06043950840830803,150.0,360,54000,438.41971280000007
108998,0.002375807147473097,-320.7445068359375,99,546,0.0624898262321949,150.0,364,54600,438.52659862
110198,0.0024285970721393824,-319.94708251953125,99,552,0.06663256138563156,150.0,368,55200,438.70808426
111398,0.002372430171817541,-320.0972900390625,99,558,0.06558453291654587,150.0,372,55800,439.1860755300001
112598,0.0024014937225729227,-319.92578125,99,564,0.07292234897613525,150.0,376,56400,440.28718864
113798,0.00235388264991343,-320.1017150878906,99,570,0.06907439231872559,150.0,380,57000,441.09072719000005
114998,0.0023055197671055794,-320.0050048828125,99,576,0.0646255761384964,150.0,384,57600,441.67777540999987
116198,0.0022834420669823885,-319.9140930175781,99,582,0.06120751425623894,150.0,388,58200,441.6364525600001
117398,0.0022636873181909323,-319.868408203125,99,588,0.06064077839255333,150.0,392,58800,442.36787224
118598,0.002297681523486972,-319.9173583984375,99,594,0.0623629055917263,150.0,396,59400,442.77306840999995
119798,0.002362369792535901,-319.81512451171875,99,600,0.06042095273733139,150.0,400,60000,443.63385229
120998,0.0023472674656659365,-319.7520751953125,99,606,0.0636635273694992,150.0,404,60600,444.57778860999997
122198,0.0023420751094818115,-319.70208740234375,99,612,0.06415550410747528,150.0,408,61200,444.93492229
123398,0.002296649618074298,-319.8529052734375,99,618,0.05664188787341118,150.0,412,61800,445.61227472999997
124598,0.0023407500702887774,-320.0096740722656,99,624,0.06432661414146423,150.0,416,62400,445.8301728100001
125798,0.0023475773632526398,-319.9033203125,99,630,0.06781600415706635,150.0,420,63000,446.5220953
126998,0.0023394031450152397,-320.03240966796875,99,636,0.06294656544923782,150.0,424,63600,447.20224332000004
128198,0.0023368613328784704,-320.048583984375,99,642,0.06176094338297844,150.0,428,64200,448.27539807999995
129398,0.00239288411103189,-320.1148681640625,99,648,0.06253897398710251,150.0,432,64800,448.5562857000001
130598,0.0024239011108875275,-320.0926513671875,99,654,0.06529948115348816,150.0,436,65400,449.14416683
131798,0.0024132244288921356,-320.37066650390625,99,660,0.06374955922365189,150.0,440,66000,449.60311353
132998,0.002460464136675,-320.33111572265625,99,666,0.06455685943365097,150.0,444,66600,449.93660371000004
134198,0.0025443481281399727,-320.59124755859375,99,672,0.06597699970006943,150.0,448,67200,449.95283573
135398,0.0024958846624940634,-321.1562194824219,100,677,0.07160487025976181,150.0,452,67800,450.1977240100002
136598,0.0024390905164182186,-320.9787902832031,100,683,0.06176528334617615,150.0,456,68400,450.5250207400001
137798,0.0024329295847564936,-321.25604248046875,100,689,0.07198220491409302,150.0,460,69000,451.49313143
138998,0.002368301386013627,-321.4190673828125,100,695,0.06642380356788635,150.0,464,69600,452.12754294999996
140198,0.002371673472225666,-321.4832763671875,100,701,0.0583772175014019,150.0,468,70200,452.7732764699999
141398,0.0023678643628954887,-322.06988525390625,100,707,0.06399693340063095,150.0,472,70800,453.3686941200001
142598,0.0023479110095649958,-321.7514953613281,100,713,0.06806201487779617,150.0,476,71400,453.5734446100001
143798,0.002338975900784135,-322.06146240234375,100,719,0.05710927024483681,150.0,480,72000,453.39423966000004
144998,0.0023029299918562174,-322.048583984375,100,725,0.061213169246912,150.0,484,72600,453.7102879800001
146198,0.0023099256213754416,-321.9813232421875,100,731,0.0661499872803688,150.0,488,73200,454.62717537000003
147398,0.0023465666454285383,-321.97393798828125,100,737,0.06077636778354645,150.0,492,73800,454.95767269
148598,0.002369806170463562,-322.0982971191406,100,743,0.06132413074374199,150.0,496,74400,455.17718334000006
149798,0.0024644541554152966,-322.2765808105469,100,749,0.06200508400797844,150.0,500,75000,455.25633301999994
150998,0.002503053518012166,-322.3611145019531,100,755,0.06614325940608978,150.0,504,75600,455.70416353
152198,0.002481812844052911,-322.75079345703125,100,761,0.06574656069278717,150.0,508,76200,456.1594086999999
153398,0.002463736105710268,-322.860107421875,100,767,0.06628266721963882,150.0,512,76800,456.22801649999997
154598,0.002442788565531373,-323.44476318359375,100,773,0.07144106924533844,150.0,516,77400,456.70004747999997
155798,0.0025275747757405043,-323.71014404296875,100,779,0.07074757665395737,150.0,520,78000,456.68501404
156998,0.002512992825359106,-323.8926696777344,100,785,0.0709986537694931,150.0,524,78600,456.54835571999996
158198,0.0024343731347471476,-324.337890625,100,791,0.06677701324224472,150.0,528,79200,456.22511517000004
159398,0.002403624588623643,-324.76153564453125,100,797,0.07168121635913849,150.0,532,79800,456.5648491700001
160598,0.002347271889448166,-324.94000244140625,100,803,0.06827238947153091,150.0,536,80400,456.32655832999995
161798,0.002411917317658663,-325.09576416015625,100,809,0.06649130582809448,150.0,540,81000,455.85660515
162998,0.002378508448600769,-325.48333740234375,100,815,0.06760849058628082,150.0,544,81600,456.14446871
164198,0.002437739633023739,-325.78839111328125,100,821,0.06901245564222336,150.0,548,82200,456.63456019
165398,0.0024433396756649017,-325.840576171875,100,827,0.078538678586483,150.0,552,82800,457.0228671500001
166598,0.0023775515146553516,-326.21343994140625,100,833,0.06460049003362656,150.0,556,83400,457.43682668999986
167798,0.002366343978792429,-326.4448547363281,100,838,0.0716237723827362,150.0,560,84000,457.68564761
168998,0.0023657414130866528,-326.4468994140625,100,844,0.06145380437374115,150.0,564,84600,457.8999428700001
170198,0.002366064116358757,-326.94342041015625,100,850,0.07065726071596146,150.0,568,85200,458.00181157
171398,0.002356263343244791,-327.3244323730469,100,856,0.07531905919313431,150.0,572,85800,457.72304894
172598,0.0023615690879523754,-327.3485412597656,100,862,0.06779421120882034,150.0,576,86400,457.49989346
173798,0.0023983020801097155,-327.34368896484375,100,868,0.06462230533361435,150.0,580,87000,457.94888424000004
174998,0.0024379838723689318,-327.618896484375,100,874,0.0735551118850708,150.0,584,87600,458.18073825
176198,0.0024083477910608053,-327.96734619140625,100,880,0.06797078251838684,150.0,588,88200,458.2207531199999
177398,0.0023837187327444553,-327.84869384765625,100,886,0.07067888230085373,150.0,592,88800,458.52756393
178598,0.0023141978308558464,-328.5284118652344,100,892,0.06368988007307053,150.0,596,89400,458.6059826400001
179798,0.002275311155244708,-328.3292236328125,100,898,0.05841781198978424,150.0,600,90000,458.60507967999996
180998,0.0022653406485915184,-328.3853759765625,100,904,0.059838104993104935,150.0,604,90600,458.47843343
182198,0.0022553340531885624,-328.57110595703125,100,910,0.06149262934923172,150.0,608,91200,458.23929657
183398,0.002252706093713641,-328.21356201171875,100,916,0.07122146338224411,150.0,612,91800,458.53212796
184598,0.002196603687480092,-328.64501953125,100,922,0.05647924169898033,150.0,616,92400,457.73963449
185798,0.0022369229700416327,-328.41644287109375,100,928,0.07575604319572449,150.0,620,93000,457.21051716
186998,0.002300193766131997,-328.4052734375,100,933,0.06448499858379364,150.0,624,93600,457.36251345000005
188198,0.002257096581161022,-328.5861511230469,100,939,0.0664915144443512,150.0,628,94200,458.05548818000005
189398,0.002175216330215335,-328.70751953125,100,945,0.06570977717638016,150.0,632,94800,458.09964787000007
190598,0.0021587125957012177,-328.9695129394531,100,951,0.06110062450170517,150.0,636,95400,458.58508301
191798,0.002139681950211525,-328.5592041015625,100,957,0.05652784928679466,150.0,640,96000,459.66614796
192998,0.002157643437385559,-328.8323669433594,100,963,0.054074402898550034,150.0,644,96600,460.0764264399999
194198,0.0021627009846270084,-329.076171875,100,969,0.06853174418210983,150.0,648,97200,460.70651979
195398,0.002229423262178898,-328.75811767578125,100,975,0.062116801738739014,150.0,652,97800,460.77048951999996
196598,0.0022552653681486845,-328.7975769042969,100,981,0.062033943831920624,150.0,656,98400,461.06383177000004
197798,0.002276747953146696,-328.9886474609375,100,987,0.06449009478092194,150.0,660,99000,460.7702534399999
198998,0.002268267562612891,-329.1866760253906,100,993,0.0648074522614479,150.0,664,99600,460.45864921
200198,0.002265737159177661,-329.10101318359375,100,999,0.06823708117008209,150.0,668,100200,460.21616152999997
201398,0.002182835480198264,-328.8124084472656,100,1005,0.07079178094863892,150.0,672,100800,460.72339043
202598,0.0021857840474694967,-329.02947998046875,100,1011,0.07385088503360748,150.0,676,101400,461.49895962000005
203798,0.0021851954516023397,-329.27691650390625,100,1016,0.06948335468769073,150.0,680,102000,461.63942733999994
204998,0.0021402849815785885,-329.30194091796875,100,1022,0.06179578974843025,150.0,684,102600,461.38128192999994
206198,0.002115154406055808,-329.78790283203125,100,1028,0.06561846286058426,150.0,688,103200,461.63427010999993
207398,0.0021826254669576883,-329.68157958984375,100,1034,0.06417562067508698,150.0,692,103800,461.58719818
208598,0.0021820124238729477,-329.9259338378906,100,1039,0.06420305371284485,150.0,696,104400,461.87404924
209798,0.0021973568946123123,-330.11358642578125,100,1045,0.06961595267057419,150.0,700,105000,462.13378360999997
210998,0.0022311632055789232,-330.27386474609375,100,1051,0.06282296031713486,150.0,704,105600,462.3167971799999
212198,0.0022165749687701464,-330.09210205078125,100,1057,0.07313914597034454,150.0,708,106200,462.33040454
213398,0.0021902695298194885,-330.3839111328125,100,1063,0.06282268464565277,150.0,712,106800,462.9023640600001
214598,0.002278197556734085,-330.35015869140625,100,1069,0.06262809783220291,150.0,716,107400,464.2252748400001
215798,0.0023957155644893646,-330.40399169921875,100,1075,0.08744444698095322,150.0,720,108000,465.0778209500001
216998,0.002284146612510085,-330.7935791015625,100,1081,0.07615938037633896,150.0,724,108600,465.03725599999996
218198,0.0021835174411535263,-330.626953125,100,1087,0.06640876084566116,150.0,728,109200,464.66623023000005
219398,0.002150540705770254,-330.8211669921875,100,1093,0.06725906580686569,150.0,732,109800,464.87721664000003
220598,0.0021838860120624304,-331.25018310546875,100,1098,0.07959779351949692,150.0,736,110400,464.7731866100001
221798,0.0021217414177954197,-331.03253173828125,100,1104,0.07320154458284378,150.0,740,111000,464.33022013000004
222998,0.0021552734542638063,-331.2696533203125,100,1110,0.07765059918165207,150.0,744,111600,464.20624025000006
224198,0.0025356581900268793,-331.8924560546875,100,1116,0.1383979171514511,150.0,748,112200,463.8711961199999
225398,0.0023675179108977318,-332.4603271484375,100,1121,0.08358898013830185,150.0,752,112800,463.55388315
226598,0.0022623827680945396,-332.3840637207031,100,1127,0.06434448063373566,150.0,756,113400,463.12098805
227798,0.0022771020885556936,-332.54791259765625,100,1133,0.07468555122613907,150.0,760,114000,463.21849345999993
228998,0.0023698140867054462,-332.22515869140625,100,1139,0.09431195259094238,150.0,764,114600,463.2924092899999
230198,0.002217060187831521,-332.79071044921875,100,1145,0.07572705298662186,150.0,768,115200,462.7964859299999
231398,0.002149731619283557,-332.8052978515625,100,1150,0.07164224237203598,150.0,772,115800,462.83563534999996
232598,0.0021686325781047344,-332.6275634765625,100,1156,0.07081780582666397,150.0,776,116400,462.42448484
233798,0.0022256493102759123,-333.7479553222656,100,1162,0.07113929092884064,150.0,780,117000,462.48827694999994
234998,0.002164046047255397,-333.43450927734375,100,1168,0.06742863357067108,150.0,784,117600,462.97333994
236198,0.0020655086264014244,-333.3871154785156,100,1174,0.06489824503660202,150.0,788,118200,463.0288151099999
237398,0.0020288359373807907,-333.61358642578125,100,1180,0.05483825504779816,150.0,792,118800,463.4204227799999
238598,0.001993046374991536,-333.98736572265625,100,1185,0.05792545527219772,150.0,796,119400,463.70869001
239798,0.0020071363542228937,-333.91302490234375,100,1191,0.060121528804302216,150.0,800,120000,463.6478850500001
240998,0.0020504032727330923,-333.8241271972656,100,1197,0.06349248439073563,150.0,804,120600,463.93398852999997
242198,0.0021205127704888582,-334.1407775878906,100,1203,0.06391669064760208,150.0,808,121200,464.12002973
243398,0.002248125383630395,-334.0113220214844,100,1209,0.08728261291980743,150.0,812,121800,463.77667072
244598,0.0021602376364171505,-334.0061950683594,100,1215,0.07907857745885849,150.0,816,122400,463.12378406999994
245798,0.0021458175033330917,-333.7997741699219,100,1220,0.07330278307199478,150.0,820,123000,462.30474011999996
246998,0.002154942601919174,-333.7779846191406,100,1226,0.08150682598352432,150.0,824,123600,462.5458978599999
248198,0.0020231958478689194,-334.1817626953125,100,1232,0.06697515398263931,150.0,828,124200,463.11157328999997
249398,0.0021288860589265823,-334.1189270019531,100,1238,0.09190177917480469,150.0,832,124800,463.5078107500001
250598,0.0022358044516295195,-334.036865234375,100,1244,0.0860724002122879,150.0,836,125400,463.01435069
251798,0.0020810735877603292,-334.2231140136719,100,1250,0.06993494927883148,150.0,840,126000,462.73379045
252998,0.002036802936345339,-334.443359375,100,1256,0.06473227590322495,150.0,844,126600,462.88251904000003
254198,0.0020957719534635544,-334.42425537109375,100,1262,0.06494791805744171,150.0,848,127200,463.29547429999997
255398,0.002047836547717452,-334.4856262207031,100,1268,0.06576331704854965,150.0,852,127800,464.31268217
256598,0.0020151103381067514,-334.9046325683594,100,1274,0.06574337929487228,150.0,856,128400,464.60881238
257798,0.0019972019363194704,-334.91253662109375,100,1280,0.05942781642079353,150.0,860,129000,465.13663634000005
258998,0.0021579633466899395,-334.84869384765625,100,1286,0.0725211650133133,150.0,864,129600,465.68787449
260198,0.0020229972433298826,-334.919921875,100,1292,0.07015746831893921,150.0,868,130200,466.6196319
261398,0.0019407637882977724,-334.8424072265625,100,1298,0.05735625699162483,150.0,872,130800,467.38956946999997
262598,0.0019249885808676481,-335.1466064453125,100,1304,0.057383403182029724,150.0,876,131400,468.36136462
263798,0.0019111259607598186,-335.17578125,100,1310,0.05870458483695984,150.0,880,132000,468.86550987000004
264998,0.001910913735628128,-335.22216796875,100,1316,0.06569605320692062,150.0,884,132600,469.37708766
266198,0.0019376244163140655,-334.90289306640625,100,1322,0.05648401007056236,150.0,888,133200,469.41738281
267398,0.001944574760273099,-335.09381103515625,100,1327,0.06420369446277618,150.0,892,133800,469.12651184000003
268598,0.0019255852093920112,-335.1890869140625,100,1333,0.05823569372296333,150.0,896,134400,469.00124302000006
269798,0.0018754381453618407,-335.0081787109375,100,1339,0.05315903574228287,150.0,900,135000,469.57742138000003
270998,0.001952923834323883,-335.32525634765625,100,1345,0.05978652462363243,150.0,904,135600,470.0461880599999
272198,0.0019529826240614057,-335.26678466796875,100,1351,0.06708607077598572,150.0,908,136200,470.46295938999987
273398,0.0019238983513787389,-335.6193542480469,100,1357,0.05900182947516441,150.0,912,136800,470.87926433999996
274598,0.0018700363580137491,-335.89154052734375,100,1363,0.0577189065515995,150.0,916,137400,471.79099189
275798,0.0019494598964229226,-335.35235595703125,100,1369,0.06461135298013687,150.0,920,138000,472.69383898
276998,0.0019021353218704462,-335.8919677734375,100,1375,0.06054779142141342,150.0,924,138600,472.77756417999996
278198,0.0018846142338588834,-335.7153015136719,100,1381,0.056802380830049515,150.0,928,139200,472.43687460999996
279398,0.0018537996802479029,-335.32757568359375,100,1387,0.055928464978933334,150.0,932,139800,472.16465353000007
280598,0.0018195250304415822,-335.9493408203125,100,1393,0.05850372463464737,150.0,936,140400,472.96882028000005
281798,0.0018886219477280974,-335.745849609375,100,1399,0.05299315229058266,150.0,940,141000,473.48859021000004
282998,0.0018785159336403012,-335.61724853515625,100,1405,0.06250198185443878,150.0,944,141600,473.49144284
284198,0.0018754488555714488,-335.79443359375,100,1411,0.06015731394290924,150.0,948,142200,473.2771678400001
285398,0.0018289447762072086,-335.36004638671875,100,1417,0.057963378727436066,150.0,952,142800,472.90419541000006
286598,0.0017980423290282488,-335.58514404296875,100,1423,0.05301452428102493,150.0,956,143400,472.9484325799999
287798,0.0017744103679433465,-335.28375244140625,100,1428,0.05273238569498062,150.0,960,144000,472.90266257
288998,0.0018034398090094328,-335.363525390625,100,1434,0.0593656487762928,150.0,964,144600,473.3227543300001
290198,0.001774973003193736,-335.2327880859375,100,1440,0.06185043975710869,150.0,968,145200,473.54302106999995
291398,0.0017819515196606517,-335.0726318359375,100,1446,0.0512065552175045,150.0,972,145800,473.69709594
292598,0.0017749958205968142,-335.5434875488281,100,1452,0.05515724793076515,150.0,976,146400,473.70382017
293798,0.0018028568010777235,-335.4283447265625,100,1458,0.05054748058319092,150.0,980,147000,473.68508646000004
294998,0.0018085783813148737,-335.6876220703125,100,1464,0.05376339703798294,150.0,984,147600,473.49424216
296198,0.0018503908067941666,-335.30792236328125,100,1470,0.07353898882865906,150.0,988,148200,473.70520845
297398,0.0018752815667539835,-335.55767822265625,100,1476,0.06340614706277847,150.0,992,148800,474.22255277000005
298598,0.0019119973294436932,-335.26092529296875,100,1482,0.06931015849113464,150.0,996,149400,474.44201393
299798,0.001898056361824274,-335.6641540527344,100,1488,0.05502868443727493,150.0,1000,150000,474.4525262000001
300998,0.0018648583209142089,-334.9228515625,100,1494,0.05488722398877144,150.0,1004,150600,474.05034907000004
302198,0.0018962235189974308,-335.3021240234375,100,1499,0.06409067660570145,150.0,1008,151200,474.1777351199999
303398,0.0018702780362218618,-335.35809326171875,100,1505,0.0580328032374382,150.0,1012,151800,474.0528648900001
304598,0.0018706365954130888,-335.43609619140625,100,1511,0.06467461585998535,150.0,1016,152400,473.9149825900001
305798,0.0017845144029706717,-334.8189697265625,100,1517,0.057050399482250214,150.0,1020,153000,474.09154275000003
306998,0.0017845697002485394,-335.2734069824219,100,1523,0.05756191164255142,150.0,1024,153600,474.4210298
308198,0.0017547457246109843,-335.1448669433594,100,1529,0.051398567855358124,150.0,1028,154200,475.04510336
309398,0.0017296766163781285,-335.95648193359375,100,1535,0.04636551812291145,150.0,1032,154800,475.62050901
310598,0.0017199864378198981,-335.1784973144531,100,1541,0.04819532111287117,150.0,1036,155400,475.88671006
311798,0.0017368827247992158,-335.2755126953125,100,1547,0.05070844292640686,150.0,1040,156000,476.39596899000003
312998,0.0017352586146444082,-335.2879943847656,100,1553,0.054345112293958664,150.0,1044,156600,476.73611480999983
314198,0.0017190007492899895,-335.978271484375,100,1559,0.0501851812005043,150.0,1048,157200,477.30557325
315398,0.001704865600913763,-336.0762939453125,100,1565,0.049544401466846466,150.0,1052,157800,477.73413839
316598,0.0017153710359707475,-335.59912109375,100,1571,0.04890843853354454,150.0,1056,158400,478.25851098000004
317798,0.0017169421771541238,-335.20489501953125,100,1577,0.043361764401197433,150.0,1060,159000,478.74847305000003
318998,0.0016919838963076472,-335.11700439453125,100,1583,0.04682525619864464,150.0,1064,159600,478.76057088999994
320198,0.0017092651687562466,-335.6318664550781,100,1589,0.050714023411273956,150.0,1068,160200,479.2142053799999
321398,0.0017059253295883536,-335.9109802246094,100,1595,0.052028682082891464,150.0,1072,160800,479.17204238000005
322598,0.0016995709156617522,-335.485107421875,100,1600,0.05000104755163193,150.0,1076,161400,479.26624602000004
323798,0.0016959394561126828,-335.52685546875,100,1606,0.05249889940023422,150.0,1080,162000,479.65856420999995
324998,0.0016896763117983937,-335.7720947265625,100,1612,0.05198219045996666,150.0,1084,162600,480.07655253000013
326198,0.001671354053542018,-335.68170166015625,100,1618,0.055210765451192856,150.0,1088,163200,480.53708277
327398,0.001713455538265407,-335.2564697265625,100,1624,0.04857289791107178,150.0,1092,163800,480.7487500700001
328598,0.0019893262069672346,-335.48162841796875,100,1630,0.0719686821103096,150.0,1096,164400,480.8701390300001
329798,0.001755802775733173,-335.5671691894531,100,1636,0.06072428822517395,150.0,1100,165000,481.05419052999997
330998,0.001720533473417163,-335.39984130859375,100,1642,0.050930775701999664,150.0,1104,165600,481.40012873000006
332198,0.0016717023681849241,-335.8395080566406,100,1648,0.048634666949510574,150.0,1108,166200,481.61497393999997
333398,0.0016673144418746233,-335.245849609375,100,1654,0.054611656814813614,150.0,1112,166800,482.04877141
334598,0.001694026286713779,-335.6812744140625,100,1660,0.04503533989191055,150.0,1116,167400,482.45992828999994
335798,0.001675322069786489,-335.6016540527344,100,1666,0.05040981248021126,150.0,1120,168000,482.5717202799999
336998,0.0017998024122789502,-335.9888916015625,100,1672,0.05603950843214989,150.0,1124,168600,482.57407427
338198,0.001814459916204214,-336.087890625,100,1678,0.053757503628730774,150.0,1128,169200,482.5156940699999
339398,0.0017376564210280776,-336.70416259765625,100,1684,0.0545482411980629,150.0,1132,169800,482.6121053199999
340598,0.0018143337219953537,-336.3114929199219,100,1690,0.0651436299085617,150.0,1136,170400,482.7611158899999
341798,0.0017491902690380812,-335.87530517578125,100,1696,0.051144037395715714,150.0,1140,171000,482.97231114000004
342998,0.0016477778553962708,-336.53277587890625,100,1702,0.04006444662809372,150.0,1144,171600,483.47719412000004
344198,0.0016792675014585257,-336.5052795410156,100,1707,0.0460447333753109,150.0,1148,172200,483.62022032
345398,0.0018148337258026004,-336.6249694824219,100,1713,0.04937736317515373,150.0,1152,172800,483.66318541
346598,0.001734427991323173,-336.6949462890625,100,1719,0.05449826270341873,150.0,1156,173400,483.50128714000004
347798,0.0017219639848917723,-336.78662109375,100,1725,0.056066643446683884,150.0,1160,174000,483.47753197000014
348998,0.0016887757228687406,-336.693115234375,100,1731,0.05047357454895973,150.0,1164,174600,483.44553945
350198,0.0016700276173651218,-336.52239990234375,100,1737,0.05465992912650108,150.0,1168,175200,483.41644836000006
351398,0.0016142143867909908,-336.6435241699219,100,1743,0.05056343600153923,150.0,1172,175800,483.37121193
352598,0.0016248334432020783,-336.32952880859375,100,1748,0.0444912388920784,150.0,1176,176400,483.51955402000004
353798,0.0016807238571345806,-336.8975830078125,100,1754,0.04253753647208214,150.0,1180,177000,483.41074742999996
354998,0.001656071632169187,-336.2198181152344,100,1760,0.0498279333114624,150.0,1184,177600,483.42385974000007
356198,0.0016708392649888992,-336.18475341796875,100,1766,0.04979720339179039,150.0,1188,178200,483.35047521
357398,0.0016771836671978235,-336.3451232910156,100,1772,0.04213471710681915,150.0,1192,178800,483.15071967000006
358598,0.0016360186273232102,-336.47735595703125,100,1778,0.04460342228412628,150.0,1196,179400,483.33565557000003
359798,0.001605264376848936,-336.70831298828125,100,1783,0.042189668864011765,150.0,1200,180000,483.67112601
360998,0.0016041984781622887,-335.84912109375,100,1789,0.04790950194001198,150.0,1204,180600,484.05889327
362198,0.0016360997688025236,-336.64666748046875,100,1795,0.05130283534526825,150.0,1208,181200,483.97793676000003
363398,0.0016220250399783254,-336.2332763671875,100,1801,0.04569122567772865,150.0,1212,181800,483.93052382
364598,0.0016094230813905597,-336.4815673828125,100,1807,0.04640140384435654,150.0,1216,182400,483.9498600999999
365798,0.0016001493204385042,-335.84991455078125,100,1813,0.04883480444550514,150.0,1220,183000,484.01559440000005
366998,0.0015947289066389203,-335.77911376953125,100,1819,0.04711274057626724,150.0,1224,183600,484.09425299000003
368198,0.0016067507676780224,-336.403564453125,100,1825,0.041172660887241364,150.0,1228,184200,484.3862734500001
369398,0.0016000807518139482,-336.282958984375,100,1831,0.05219666287302971,150.0,1232,184800,484.69774091
370598,0.001577652059495449,-335.825927734375,100,1837,0.04784796014428139,150.0,1236,185400,484.7752765999999
371798,0.00157819758169353,-335.75775146484375,100,1843,0.0479152537882328,150.0,1240,186000,484.65688898
372998,0.001621043891645968,-336.0164489746094,100,1849,0.048980601131916046,150.0,1244,186600,484.39034526
374198,0.0016572463791817427,-336.2530517578125,100,1855,0.04616757109761238,150.0,1248,187200,484.33712341000006
375398,0.0016008346574380994,-335.6376953125,100,1861,0.04971037432551384,150.0,1252,187800,484.4384283899999
376598,0.001558906864374876,-336.2083435058594,100,1867,0.040698349475860596,150.0,1256,188400,484.7383357599999
377798,0.001579195843078196,-335.6966247558594,100,1873,0.039379458874464035,150.0,1260,189000,485.0029136899999
378998,0.001566302846185863,-335.7272644042969,100,1878,0.03758847340941429,150.0,1264,189600,485.3278278099999
380198,0.0015632854774594307,-335.88177490234375,100,1885,0.04595067352056503,150.0,1268,190200,485.40506671
381398,0.0015735372435301542,-335.811279296875,100,1890,0.041051000356674194,150.0,1272,190800,485.34717965999994
382598,0.0015942506724968553,-335.8008117675781,100,1896,0.04665016755461693,150.0,1276,191400,485.20053302
383798,0.0016022963682189584,-336.02618408203125,100,1902,0.045289572328329086,150.0,1280,192000,485.3545503699999
384998,0.0016442114720121026,-335.8924255371094,100,1908,0.05900106206536293,150.0,1284,192600,485.2684637800001
386198,0.0016552521847188473,-335.928466796875,100,1914,0.04475747421383858,150.0,1288,193200,484.77571976
387398,0.0015522823669016361,-335.6106872558594,100,1920,0.04252251237630844,150.0,1292,193800,484.74279472999996
388598,0.00153937260620296,-335.7833251953125,100,1926,0.041390277445316315,150.0,1296,194400,484.96837737999994
389798,0.001569209387525916,-335.8141784667969,100,1932,0.04254011809825897,150.0,1300,195000,484.90371996999994
390998,0.0015524303307756782,-335.6592712402344,100,1938,0.040075477212667465,150.0,1304,195600,484.84158569000004
392198,0.0016891930717974901,-335.86907958984375,100,1944,0.05966421589255333,150.0,1308,196200,484.21101794999987
393398,0.0016669121105223894,-335.3323974609375,100,1950,0.053084809333086014,150.0,1312,196800,483.86818716999994
394598,0.0016257355455309153,-335.66168212890625,100,1956,0.049243900924921036,150.0,1316,197400,483.67864524000004
395798,0.001597795751877129,-335.7109069824219,100,1962,0.04946832358837128,150.0,1320,198000,483.72197676999997
396998,0.0015828952891752124,-335.323486328125,100,1968,0.04449070990085602,150.0,1324,198600,483.7583091800001
398198,0.0015666652470827103,-335.4743347167969,100,1974,0.041695207357406616,150.0,1328,199200,483.76042119
399398,0.0015583636704832315,-335.3537292480469,100,1980,0.040589023381471634,150.0,1332,199800,483.7239374
400598,0.001537835574708879,-336.1546630859375,100,1985,0.04074767604470253,150.0,1336,200400,483.55701284
401798,0.001545737381093204,-336.0158996582031,100,1991,0.03971134498715401,150.0,1340,201000,483.35162429
402998,0.0015391077613458037,-335.6474609375,100,1997,0.039898309856653214,150.0,1344,201600,483.19686576
404198,0.0015418704133480787,-335.99932861328125,100,2003,0.044432032853364944,150.0,1348,202200,483.45566742000005
405398,0.001547170104458928,-335.8575439453125,100,2009,0.04155580326914787,150.0,1352,202800,483.57181008
406598,0.0015424498124048114,-335.9921569824219,100,2015,0.0385931059718132,150.0,1356,203400,483.50663535
407798,0.0018176198936998844,-336.89666748046875,100,2021,0.0583530068397522,150.0,1360,204000,482.95886743000005
408998,0.0017852804157882929,-336.310302734375,100,2027,0.05511893332004547,150.0,1364,204600,482.9814289
410198,0.0017292560078203678,-336.195068359375,100,2033,0.05380520597100258,150.0,1368,205200,483.0426391500001
411398,0.0017377452459186316,-336.6881103515625,100,2039,0.04956413060426712,150.0,1372,205800,482.95817305
412598,0.0016346470220014453,-337.1575927734375,100,2045,0.04708092659711838,150.0,1376,206400,483.03828821
413798,0.0015525835333392024,-336.7066650390625,100,2051,0.046970535069704056,150.0,1380,207000,483.19744369000006
414998,0.0015663806116208434,-336.7188720703125,100,2057,0.047663334757089615,150.0,1384,207600,483.3884842399999
416198,0.0015723073156550527,-336.7709655761719,100,2063,0.03748607635498047,150.0,1388,208200,483.95021877
417398,0.001568121020682156,-336.8208923339844,100,2068,0.04412692040205002,150.0,1392,208800,484.49094152000004
418598,0.001624789321795106,-336.7366638183594,100,2074,0.044427432119846344,150.0,1396,209400,484.47694687999996
419798,0.0015877506230026484,-337.04583740234375,100,2080,0.041408706456422806,150.0,1400,210000,484.5603091300001
420998,0.0015773528721183538,-336.5190734863281,100,2086,0.04302910342812538,150.0,1404,210600,484.58183206999996
422198,0.0015350485919043422,-336.7950744628906,100,2092,0.04563714191317558,150.0,1408,211200,485.66658557999995
423398,0.0016234851209446788,-336.842529296875,100,2097,0.048055633902549744,150.0,1412,211800,486.32985024000004
424598,0.0015520572196692228,-336.7496337890625,100,2103,0.04047062247991562,150.0,1416,212400,486.73943529999997
425798,0.0014753601280972362,-336.8143615722656,100,2109,0.041504867374897,150.0,1420,213000,487.25324355
426998,0.0014798721531406045,-336.4889831542969,100,2115,0.041069913655519485,150.0,1424,213600,487.8470203
428198,0.001474402961321175,-336.98101806640625,100,2121,0.037396140396595,150.0,1428,214200,488.21182633999996
429398,0.0014849086292088032,-336.7774353027344,100,2127,0.042471617460250854,150.0,1432,214800,488.51807758
430598,0.0015005528694018722,-336.57666015625,100,2133,0.03806319087743759,150.0,1436,215400,488.90459089
431798,0.0014716425212100148,-336.5606384277344,100,2139,0.038520291447639465,150.0,1440,216000,489.48144257000007
432998,0.0014677054714411497,-336.53582763671875,100,2145,0.043827638030052185,150.0,1444,216600,489.90479500000004
434198,0.0014794940361753106,-336.84002685546875,100,2151,0.03522597998380661,150.0,1448,217200,489.86103857999996
435398,0.0014499083627015352,-336.68499755859375,100,2157,0.036331191658973694,150.0,1452,217800,490.07843387
436598,0.0014526606537401676,-336.55712890625,100,2163,0.03656882420182228,150.0,1456,218400,490.3310601299999
437798,0.0014392804587259889,-336.4940185546875,100,2169,0.041793741285800934,150.0,1460,219000,490.8715581999999
438998,0.0014633538667112589,-336.5289001464844,100,2174,0.03687407076358795,150.0,1464,219600,490.92646711000003
440198,0.0014608955243602395,-336.8157653808594,100,2180,0.037983980029821396,150.0,1468,220200,491.06304225
441398,0.0014656542334705591,-336.80621337890625,100,2186,0.03743702545762062,150.0,1472,220800,491.48261135
442598,0.0014462060062214732,-336.7638244628906,100,2192,0.03809279203414917,150.0,1476,221400,491.56793879
443798,0.001434152014553547,-336.3638000488281,100,2198,0.041747625917196274,150.0,1480,222000,491.56797493000005
444998,0.0014525969745591283,-336.7060546875,100,2204,0.03749033808708191,150.0,1484,222600,491.63070475999996
446198,0.001465367036871612,-336.311279296875,100,2210,0.038471024483442307,150.0,1488,223200,491.5856484899999
447398,0.0014677949948236346,-336.62030029296875,100,2216,0.03971744701266289,150.0,1492,223800,491.1432804999999
448598,0.001458540908060968,-336.3455810546875,100,2222,0.04008178785443306,150.0,1496,224400,490.9245248099999
449798,0.0014560670824721456,-336.4583740234375,100,2228,0.04044397547841072,150.0,1500,225000,491.0490499099999
450998,0.001443598186597228,-336.33636474609375,100,2234,0.0383165068924427,150.0,1504,225600,491.19665351
452198,0.0014114556834101677,-336.41424560546875,100,2240,0.0381648875772953,150.0,1508,226200,491.19002854999997
453398,0.0014192283852025867,-336.4044189453125,100,2246,0.042390886694192886,150.0,1512,226800,491.26856397999995
454598,0.0014085794100537896,-336.5709533691406,100,2252,0.03681107237935066,150.0,1516,227400,491.14106357000003
455798,0.0014313898282125592,-336.4136047363281,100,2258,0.03809187561273575,150.0,1520,228000,490.89290288000007
456998,0.0014280765317380428,-336.63104248046875,100,2263,0.038563039153814316,150.0,1524,228600,490.7307305500001
458198,0.0014100954867899418,-336.4214172363281,100,2269,0.039003077894449234,150.0,1528,229200,490.73083519000005
459398,0.0014247252838686109,-336.6356506347656,100,2275,0.03553403913974762,150.0,1532,229800,490.5142829
460598,0.0014358427142724395,-336.6400451660156,100,2281,0.0393681526184082,150.0,1536,230400,490.41456875000006
461798,0.0014458495425060391,-336.59906005859375,100,2287,0.03603672608733177,150.0,1540,231000,490.2067278899999
462998,0.0014528726460412145,-336.1973571777344,100,2293,0.039556413888931274,150.0,1544,231600,489.9267217699999
464198,0.0014495904324576259,-336.424560546875,100,2299,0.03969290107488632,150.0,1548,232200,489.65799172000004
465398,0.0014308813260868192,-336.548583984375,100,2305,0.037565678358078,150.0,1552,232800,489.49079022000006
466598,0.001396226929500699,-336.01275634765625,100,2311,0.032840777188539505,150.0,1556,233400,489.4594384400001
467798,0.0013798853615298867,-336.28228759765625,100,2317,0.03205171227455139,150.0,1560,234000,489.65522984
468998,0.001401787158101797,-336.4208984375,100,2323,0.03578564152121544,150.0,1564,234600,489.92106701999995
470198,0.0014070032630115747,-336.5655517578125,100,2329,0.037367064505815506,150.0,1568,235200,489.97049847999995
471398,0.0014011891325935721,-336.46527099609375,100,2335,0.03289870545268059,150.0,1572,235800,490.09190266999997
472598,0.0014014530461281538,-336.7227783203125,100,2341,0.03576065972447395,150.0,1576,236400,489.84288522
473798,0.0013892126735299826,-336.26153564453125,100,2346,0.037215329706668854,150.0,1580,237000,489.89338411000006
474998,0.001389585668221116,-336.36492919921875,100,2352,0.04167100414633751,150.0,1584,237600,490.01823582000003
476198,0.001409239717759192,-336.21533203125,100,2358,0.03851005807518959,150.0,1588,238200,490.3945702900001
477398,0.0014213190879672766,-336.40936279296875,100,2364,0.0376117117702961,150.0,1592,238800,490.892335
478598,0.001438802806660533,-336.52996826171875,100,2370,0.03667248412966728,150.0,1596,239400,491.25512533
479798,0.001412023208104074,-336.9089660644531,100,2376,0.03564334288239479,150.0,1600,240000,491.08254914
480998,0.0014119417173787951,-336.2259826660156,100,2382,0.03927707299590111,150.0,1604,240600,491.2048404500001
482198,0.0014322740025818348,-336.6004638671875,100,2388,0.03188447654247284,150.0,1608,241200,491.1515863299999
483398,0.0014221894089132547,-336.8066711425781,100,2394,0.039550334215164185,150.0,1612,241800,491.12730928999997
484598,0.001414316357113421,-336.9196472167969,100,2400,0.039495885372161865,150.0,1616,242400,491.28846124000006
485798,0.0014360399218276143,-336.5321044921875,100,2405,0.04690661281347275,150.0,1620,243000,491.4239133600001
486998,0.001409377553500235,-336.74261474609375,101,2411,0.034378137439489365,150.0,1624,243600,491.36955588000006
488198,0.0013753068633377552,-336.4769287109375,101,2417,0.03204721957445145,150.0,1628,244200,491.22596174
489398,0.0013631226029247046,-336.9710388183594,101,2423,0.03441033512353897,150.0,1632,244800,491.1822991
490598,0.0013779628789052367,-336.8937072753906,101,2429,0.03533913195133209,150.0,1636,245400,491.37444236000005
491798,0.001372974249534309,-336.94500732421875,101,2435,0.032351695001125336,150.0,1640,246000,491.60133454000004
492998,0.0013677485985681415,-336.4481201171875,101,2441,0.03497349098324776,150.0,1644,246600,491.96084119999995
494198,0.0013589742593467236,-336.70672607421875,101,2447,0.03898712620139122,150.0,1648,247200,492.2530491600001
495398,0.001376852742396295,-336.491455078125,101,2453,0.0479762926697731,150.0,1652,247800,492.59962405000005
496598,0.0014226913917809725,-336.3917236328125,101,2458,0.05907006561756134,150.0,1656,248400,492.77151262
497798,0.0014288263628259301,-336.8481750488281,101,2464,0.04075050354003906,150.0,1660,249000,492.42902565
498998,0.0014363070949912071,-336.5669250488281,101,2470,0.037027958780527115,150.0,1664,249600,492.19615666
500198,0.001409386983141303,-336.76446533203125,101,2476,0.04332414269447327,150.0,1668,250200,491.96359471999995
501398,0.0014027426950633526,-337.11962890625,101,2482,0.036439646035432816,150.0,1672,250800,491.76757939000004
502598,0.001436871476471424,-336.6690979003906,101,2488,0.03629129379987717,150.0,1676,251400,492.04399419000003
503798,0.0014239958254620433,-336.5953674316406,101,2494,0.04300767928361893,150.0,1680,252000,491.81622517000005
504998,0.0013848580420017242,-336.771728515625,101,2500,0.04179086536169052,150.0,1684,252600,491.6368313800001
506198,0.0013648337917402387,-336.7589111328125,101,2506,0.03600209206342697,150.0,1688,253200,491.63611769999994
507398,0.0013611188624054193,-336.53411865234375,101,2512,0.03296177089214325,150.0,1692,253800,491.57799296999997
508598,0.0013749677455052733,-336.8603515625,101,2518,0.03614507243037224,150.0,1696,254400,491.69656396000005
509798,0.0013525915564969182,-336.6601257324219,101,2524,0.03528180345892906,150.0,1700,255000,491.85408135
510998,0.0013427132507786155,-336.79901123046875,101,2529,0.03597861900925636,150.0,1704,255600,491.90199883
512198,0.0013464961666613817,-336.7269287109375,101,2535,0.034388694912195206,150.0,1708,256200,492.07111354
513398,0.0013395349960774183,-336.57965087890625,101,2541,0.037940528243780136,150.0,1712,256800,492.1750734200001
514598,0.0013475309824571013,-337.01446533203125,101,2547,0.03159412369132042,150.0,1716,257400,492.35913963999997
515798,0.0013406021753326058,-336.81854248046875,101,2553,0.03687981516122818,150.0,1720,258000,492.52389762999996
516998,0.0013263863511383533,-336.9040832519531,101,2559,0.034146834164857864,150.0,1724,258600,492.72310101000005
518198,0.001331681851297617,-336.79144287109375,101,2565,0.0358961783349514,150.0,1728,259200,492.7710874999999
519398,0.001337399473413825,-336.9814453125,101,2571,0.03484581783413887,150.0,1732,259800,492.9123934
520598,0.0013238677056506276,-336.8701477050781,101,2577,0.03187859430909157,150.0,1736,260400,492.81505253999995
521798,0.0013562856474891305,-336.8979187011719,101,2582,0.0328054279088974,150.0,1740,261000,492.56188155999996
522998,0.0013463504146784544,-336.97113037109375,101,2588,0.03335355222225189,150.0,1744,261600,492.3284866600001
524198,0.0013126612175256014,-336.89837646484375,101,2594,0.03398837521672249,150.0,1748,262200,492.32591287
525398,0.001311878440901637,-336.64288330078125,101,2600,0.043595362454652786,150.0,1752,262800,492.21803534
526598,0.00134648522362113,-336.706787109375,101,2606,0.0335092693567276,150.0,1756,263400,492.25369745000006
527798,0.0013667921302840114,-336.8634033203125,101,2612,0.030327023938298225,150.0,1760,264000,492.58503181000015
528998,0.001338711939752102,-336.9544677734375,101,2618,0.03598820045590401,150.0,1764,264600,492.6880569300001
530198,0.001302562071941793,-336.9749755859375,101,2624,0.03952775523066521,150.0,1768,265200,492.9922311000001
531398,0.0012998332967981696,-337.112548828125,101,2630,0.03408459573984146,150.0,1772,265800,493.29065346999994
532598,0.0012989901006221771,-337.05645751953125,101,2636,0.028123697265982628,150.0,1776,266400,493.4320925
533798,0.001280346536077559,-337.040771484375,101,2642,0.03090393729507923,150.0,1780,267000,493.80828687999997
534998,0.001273040659725666,-337.19256591796875,101,2648,0.028919154778122902,150.0,1784,267600,494.08050558999986
536198,0.0012517571449279785,-336.9510498046875,101,2654,0.029652554541826248,150.0,1788,268200,493.98461455999995
537398,0.0012564497301355004,-337.11541748046875,101,2659,0.028299763798713684,150.0,1792,268800,494.08532532
538598,0.0012547486694529653,-336.8941345214844,101,2665,0.03293507173657417,150.0,1796,269400,494.24080237000004
539798,0.0012458321871235967,-336.8057556152344,101,2671,0.032968297600746155,150.0,1800,270000,494.36494832999995
540998,0.0013123488752171397,-337.2813720703125,101,2677,0.033232733607292175,150.0,1804,270600,493.88289125000006
542198,0.0013102747034281492,-336.9613037109375,101,2682,0.034533124417066574,150.0,1808,271200,493.55087157
543398,0.0013189077144488692,-337.090087890625,101,2688,0.03913005068898201,150.0,1812,271800,493.3194287699999
544598,0.0013461597263813019,-337.6812744140625,101,2694,0.03369376063346863,150.0,1816,272400,493.13182229
545798,0.0013579869410023093,-337.1677551269531,101,2700,0.036663223057985306,150.0,1820,273000,493.0534660799999
546998,0.001412615762092173,-337.6214599609375,101,2706,0.04561110958456993,150.0,1824,273600,493.01024011000004
548198,0.00136532261967659,-337.3480224609375,101,2711,0.030629200860857964,150.0,1828,274200,492.97599555
549398,0.0014763016952201724,-337.5570068359375,101,2717,0.06384355574846268,150.0,1832,274800,492.75693344
550598,0.001334278960712254,-337.8035583496094,101,2723,0.0371609628200531,150.0,1836,275400,492.7483222700001
551798,0.0012709147995337844,-337.310546875,101,2729,0.03149895742535591,150.0,1840,276000,492.91288733999994
552998,0.0012431783834472299,-337.27752685546875,101,2735,0.03208691254258156,150.0,1844,276600,493.30567723
554198,0.0012318011140450835,-337.48858642578125,101,2741,0.03022930771112442,150.0,1848,277200,493.6036782599999
555398,0.001231951406225562,-337.06683349609375,101,2747,0.032852768898010254,150.0,1852,277800,493.8986971500001
556598,0.0012329529272392392,-337.08917236328125,101,2753,0.03379715234041214,150.0,1856,278400,494.0542574700001
557798,0.0012068042997270823,-337.3553466796875,101,2759,0.0336785688996315,150.0,1860,279000,494.20594822000004
558998,0.001215911004692316,-337.1228332519531,101,2765,0.0334954634308815,150.0,1864,279600,494.38364405
560198,0.0011873163748532534,-336.8419189453125,101,2771,0.031963177025318146,150.0,1868,280200,494.49785840000004
561398,0.0012023258022964,-337.1036376953125,101,2777,0.02972573973238468,150.0,1872,280800,494.55207745
562598,0.001209306181408465,-337.0245666503906,101,2783,0.026632806286215782,150.0,1876,281400,494.5103564099999
563798,0.001210371614433825,-336.95269775390625,101,2789,0.02862672321498394,150.0,1880,282000,494.51071602
564998,0.0012077548308297992,-337.01629638671875,101,2795,0.029309198260307312,150.0,1884,282600,494.3414903300001
566198,0.0012283691903576255,-337.121826171875,101,2801,0.027829494327306747,150.0,1888,283200,494.4685973399999
567398,0.0012225678656250238,-336.76806640625,101,2806,0.028804069384932518,150.0,1892,283800,494.51254239
568598,0.0012269625440239906,-336.9244384765625,101,2812,0.028012573719024658,150.0,1896,284400,494.45830098
569798,0.0012275910703465343,-336.8714904785156,101,2818,0.03000730462372303,150.0,1900,285000,494.35256267999995
570998,0.0012300742091611028,-336.87176513671875,101,2824,0.030538298189640045,150.0,1904,285600,494.81713972
572198,0.0012212148867547512,-336.591796875,101,2830,0.03198903799057007,150.0,1908,286200,495.04347731999997
573398,0.0012035263935104012,-337.1266174316406,101,2836,0.026623094454407692,150.0,1912,286800,495.34054613000006
574598,0.0012008149642497301,-336.746826171875,101,2842,0.02811823971569538,150.0,1916,287400,495.5638061
575798,0.0012024170719087124,-336.7202453613281,101,2848,0.027938149869441986,150.0,1920,288000,495.70140365
576998,0.0011941274860873818,-336.8138427734375,101,2854,0.029240576550364494,150.0,1924,288600,495.80979572
578198,0.001209172885864973,-336.77838134765625,101,2860,0.027527302503585815,150.0,1928,289200,496.0025535
579398,0.001193920848891139,-336.83282470703125,101,2866,0.029925890266895294,150.0,1932,289800,496.38107543
580598,0.001185896690003574,-336.748779296875,101,2872,0.03528834134340286,150.0,1936,290400,496.44284240000013
581798,0.0011952097993344069,-336.7586364746094,101,2878,0.029682617634534836,150.0,1940,291000,496.54158813000004
582998,0.001190484850667417,-336.6798400878906,101,2884,0.027483971789479256,150.0,1944,291600,496.45702723999995
584198,0.0011767045361921191,-336.7729187011719,101,2890,0.029162319377064705,150.0,1948,292200,496.4439385499999
585398,0.0011894736671820283,-337.04779052734375,101,2896,0.025211529806256294,150.0,1952,292800,496.33699066
586598,0.0011667937505990267,-336.69195556640625,101,2901,0.028667300939559937,150.0,1956,293400,496.16492038
587798,0.0011967490427196026,-336.81488037109375,101,2907,0.027092769742012024,150.0,1960,294000,496.09346801
588998,0.0012126101646572351,-336.7869873046875,101,2913,0.03731584548950195,150.0,1964,294600,496.1406971400001
590198,0.0012205018429085612,-336.4530944824219,101,2919,0.0333646759390831,150.0,1968,295200,496.12055149
591398,0.0012761458056047559,-336.624267578125,101,2925,0.03308168426156044,150.0,1972,295800,495.83565685
592598,0.0012676591286435723,-336.92584228515625,101,2931,0.03276597335934639,150.0,1976,296400,495.7179615000001
593798,0.0012475651456043124,-336.74786376953125,101,2937,0.035730648785829544,150.0,1980,297000,495.69332016
594998,0.0011976967798545957,-337.0304260253906,101,2943,0.026518262922763824,150.0,1984,297600,495.95795791999996
596198,0.0011855291668325663,-336.49114990234375,101,2949,0.029889626428484917,150.0,1988,298200,496.04602269
597398,0.0011912782210856676,-336.85186767578125,101,2955,0.02989107556641102,150.0,1992,298800,495.8594094300001
598598,0.001206703600473702,-336.46063232421875,101,2961,0.03128400072455406,150.0,1996,299400,495.80834608999993
599798,0.0012231480795890093,-337.083740234375,101,2967,0.035154517740011215,150.0,2000,300000,495.8716857
600998,0.0012329845922067761,-336.804931640625,101,2973,0.03081374801695347,150.0,2004,300600,495.66317357
602198,0.0012396118836477399,-336.5150146484375,101,2979,0.03462333604693413,150.0,2008,301200,495.86395163000003
603398,0.0012194657465443015,-336.55902099609375,101,2985,0.035806361585855484,150.0,2012,301800,495.94921875
604598,0.001245782827027142,-337.03936767578125,101,2991,0.03817328065633774,150.0,2016,302400,496.03125244999995
605798,0.0012902881717309356,-336.69342041015625,101,2997,0.03524428978562355,150.0,2020,303000,495.88808567
606998,0.001275059417821467,-337.3148193359375,101,3003,0.03385870158672333,150.0,2024,303600,495.74138064000005
608198,0.0012454852694645524,-336.6412353515625,101,3009,0.03469108045101166,150.0,2028,304200,495.36384532999995
609398,0.001215098425745964,-336.9817199707031,101,3015,0.026387153193354607,150.0,2032,304800,495.28770075
610598,0.0012001715367659926,-336.62689208984375,101,3021,0.032211001962423325,150.0,2036,305400,495.4183398
611798,0.001193509204313159,-337.04681396484375,101,3027,0.022665822878479958,150.0,2040,306000,495.49988742
612998,0.0011832538293674588,-337.2185363769531,101,3033,0.03141813725233078,150.0,2044,306600,495.53060599
614198,0.0012130102841183543,-336.86370849609375,101,3039,0.0348365344107151,150.0,2048,307200,495.4387296100001
615398,0.0012451765360310674,-336.87860107421875,101,3045,0.035732436925172806,150.0,2052,307800,495.35662133
616598,0.0012062330497428775,-336.9865417480469,101,3051,0.026656275615096092,150.0,2056,308400,495.49853720000004
617798,0.0014392193406820297,-337.1788635253906,101,3057,0.0774783045053482,150.0,2060,309000,495.2600142300001
618998,0.001351639861240983,-336.9333190917969,101,3063,0.04797813668847084,150.0,2064,309600,494.8662841
620198,0.0012458536075428128,-337.1199951171875,101,3069,0.032535284757614136,150.0,2068,310200,494.83471685999996
621398,0.0011824613902717829,-336.76654052734375,101,3075,0.02631240524351597,150.0,2072,310800,495.18803508
622598,0.00117167376447469,-337.10003662109375,101,3080,0.026593616232275963,150.0,2076,311400,495.51965234999994
623798,0.0011650902451947331,-336.9716796875,101,3087,0.02988501638174057,150.0,2080,312000,495.72688673
624998,0.001160302897915244,-337.2152404785156,101,3092,0.027258876711130142,150.0,2084,312600,495.7505960099999
626198,0.0011512677883729339,-336.96258544921875,101,3098,0.03005519136786461,150.0,2088,313200,495.70170721999995
627398,0.0011621263111010194,-337.2105407714844,101,3104,0.031233882531523705,150.0,2092,313800,496.0014228
628598,0.00116231688298285,-337.074462890625,101,3110,0.034638918936252594,150.0,2096,314400,495.9974625699999
629798,0.0011601097648963332,-337.08953857421875,101,3116,0.0367460697889328,150.0,2100,315000,495.90243706999996
630998,0.0011654108529910445,-337.1026611328125,101,3122,0.027319375425577164,150.0,2104,315600,496.15111865
632198,0.0011651713866740465,-337.482421875,101,3128,0.029502974823117256,150.0,2108,316200,495.9955951200001
633398,0.0011649559019133449,-337.29364013671875,101,3134,0.02938786707818508,150.0,2112,316800,495.99045951
634598,0.0011735889129340649,-337.26275634765625,101,3140,0.028909411281347275,150.0,2116,317400,495.96855200999994
635798,0.0011474336497485638,-337.3534240722656,101,3146,0.026318030431866646,150.0,2120,318000,496.22883433999993
636998,0.0011536582605913281,-337.5652160644531,101,3151,0.025189047679305077,150.0,2124,318600,496.48039073
638198,0.0011715872678905725,-337.3706359863281,101,3157,0.029139863327145576,150.0,2128,319200,496.9077601699999
639398,0.0011475031496956944,-337.41064453125,101,3163,0.026385992765426636,150.0,2132,319800,496.9457561000001
640598,0.0011450358433648944,-337.3087158203125,101,3169,0.02808992564678192,150.0,2136,320400,497.08777663
641798,0.0011395910987630486,-337.44085693359375,101,3175,0.02345352992415428,150.0,2140,321000,497.15573381
642998,0.0011538596590980887,-337.2131042480469,101,3181,0.025053221732378006,150.0,2144,321600,497.3365070700001
644198,0.001167032402008772,-337.5361633300781,101,3187,0.02457839995622635,150.0,2148,322200,497.52822464
645398,0.001160099869593978,-337.5765380859375,101,3193,0.024129780009388924,150.0,2152,322800,497.71278329000006
646598,0.0011678396258503199,-337.4419860839844,101,3199,0.026898479089140892,150.0,2156,323400,497.80168420999996
647798,0.0011519789695739746,-337.70123291015625,101,3205,0.028452055528759956,150.0,2160,324000,498.21032570000006
648998,0.0011529207695275545,-337.60345458984375,101,3211,0.026316024363040924,150.0,2164,324600,498.58999682
650198,0.0011501522967591882,-337.3696594238281,101,3217,0.025079205632209778,150.0,2168,325200,498.79519142
651398,0.0011627975618466735,-337.85418701171875,101,3223,0.027145719155669212,150.0,2172,325800,498.61433529999994
652598,0.0011568109039217234,-337.5579833984375,101,3228,0.0239252969622612,150.0,2176,326400,498.31981397000004
653798,0.0011505928123369813,-337.5601806640625,101,3234,0.02693016082048416,150.0,2180,327000,498.10754363
654998,0.001151250209659338,-337.2611999511719,101,3240,0.024858176708221436,150.0,2184,327600,498.09247127000003
656198,0.0011583729647099972,-337.6343688964844,101,3246,0.03596482053399086,150.0,2188,328200,498.14606247000006
657398,0.0011416791239753366,-337.52911376953125,101,3252,0.02634437195956707,150.0,2192,328800,498.16347921000016
658598,0.0011383637320250273,-337.757080078125,101,3258,0.02419678121805191,150.0,2196,329400,498.28760450000004
659798,0.0011188642820343375,-337.6190185546875,101,3264,0.028487449511885643,150.0,2200,330000,498.5319240700001
660998,0.0011156868422403932,-337.4326171875,101,3270,0.028803974390029907,150.0,2204,330600,498.6973554000001
662198,0.001110178418457508,-337.7723693847656,101,3276,0.026109939441084862,150.0,2208,331200,498.98193148000007
663398,0.0011012211907655,-337.72705078125,101,3281,0.025043999776244164,150.0,2212,331800,499.1554153399999
664598,0.0010965220862999558,-337.7148132324219,101,3287,0.026021307334303856,150.0,2216,332400,499.24335188
665798,0.0011017826618626714,-337.85699462890625,101,3293,0.02388632297515869,150.0,2220,333000,499.2241494299999
666998,0.0011226249625906348,-337.4942626953125,101,3299,0.029575755819678307,150.0,2224,333600,499.19196898000007
668198,0.0011058095842599869,-337.7912902832031,101,3305,0.0250299833714962,150.0,2228,334200,499.2572286
669398,0.0011107963509857655,-337.58819580078125,101,3311,0.030160147696733475,150.0,2232,334800,499.3765348
670598,0.001122098881751299,-337.6723327636719,101,3317,0.027586746960878372,150.0,2236,335400,498.90514180000014
671798,0.001166034024208784,-337.7677001953125,101,3322,0.033341195434331894,150.0,2240,336000,498.51935377
672998,0.0011348630068823695,-337.59539794921875,101,3328,0.027966266497969627,150.0,2244,336600,498.02343684
674198,0.0011189006036147475,-337.9806213378906,101,3334,0.025524640455842018,150.0,2248,337200,497.8681474800001
675398,0.0011184103786945343,-337.73876953125,101,3340,0.03028573840856552,150.0,2252,337800,497.80315132
676598,0.0011114315129816532,-337.6702575683594,101,3346,0.02781531773507595,150.0,2256,338400,497.84083799
677798,0.0011151513317599893,-337.8327331542969,101,3352,0.029491830617189407,150.0,2260,339000,497.92428401000006
678998,0.0010923169320449233,-337.9404296875,101,3358,0.024220464751124382,150.0,2264,339600,498.04560860000004
680198,0.0010997896315529943,-337.55438232421875,101,3364,0.029299430549144745,150.0,2268,340200,498.05415840000006
681398,0.001103285700082779,-337.6160888671875,101,3370,0.02467574179172516,150.0,2272,340800,498.28336389
682598,0.0011045025894418359,-337.9125061035156,101,3376,0.024822663515806198,150.0,2276,341400,498.53831392
683798,0.0011092808563262224,-337.80816650390625,101,3382,0.022624220699071884,150.0,2280,342000,498.72964012999995
684998,0.0010895946761593223,-337.8267822265625,101,3388,0.02365751937031746,150.0,2284,342600,498.8694536
686198,0.001071627950295806,-337.6438903808594,101,3394,0.031206579878926277,150.0,2288,343200,498.96722878
687398,0.0010861632181331515,-337.853759765625,101,3400,0.025705626234412193,150.0,2292,343800,499.03118933999997
688598,0.0010931130964308977,-337.5896301269531,101,3406,0.02790902927517891,150.0,2296,344400,499.14084679
689798,0.0010756965493783355,-337.797607421875,101,3412,0.02044237218797207,150.0,2300,345000,499.21777937
690998,0.0010713540250435472,-337.8289794921875,101,3418,0.02285875752568245,150.0,2304,345600,499.22430660000003
692198,0.0010777425486594439,-337.99359130859375,101,3424,0.026579415425658226,150.0,2308,346200,499.2570089299999
693398,0.001071962178684771,-337.64239501953125,101,3430,0.023961974307894707,150.0,2312,346800,499.18386064
694598,0.001096750027500093,-337.8304443359375,101,3435,0.02523835003376007,150.0,2316,347400,499.25363610999995
695798,0.0010717351688072085,-337.68115234375,101,3441,0.0282673891633749,150.0,2320,348000,499.31531218
696998,0.0010796976275742054,-337.71893310546875,101,3447,0.022280629724264145,150.0,2324,348600,499.40806281
698198,0.0010650763288140297,-337.8321838378906,101,3453,0.02652076445519924,150.0,2328,349200,499.46294154000003
699398,0.0010797218419611454,-337.88275146484375,101,3459,0.0287310928106308,150.0,2332,349800,499.553097
700598,0.0010772508103400469,-338.164794921875,101,3465,0.025318896397948265,150.0,2336,350400,499.94386041999996
701798,0.0010683161672204733,-337.9720458984375,101,3471,0.02404983527958393,150.0,2340,351000,500.35939748
702998,0.0010708858026191592,-337.98345947265625,101,3477,0.02851540595293045,150.0,2344,351600,500.80707865999995
704198,0.0010623499983921647,-337.95330810546875,101,3483,0.024527618661522865,150.0,2348,352200,501.0063915599999
705398,0.0010401835897937417,-338.0130615234375,101,3488,0.02224571630358696,150.0,2352,352800,501.07181047000006
706598,0.001050633261911571,-337.9154052734375,101,3494,0.02742590941488743,150.0,2356,353400,500.84586897
707798,0.001071154372766614,-337.6346435546875,101,3500,0.028072211891412735,150.0,2360,354000,500.72791286
708998,0.0011122538708150387,-337.787353515625,101,3506,0.02681772969663143,150.0,2364,354600,500.52977788
710198,0.0011373457964509726,-338.0986022949219,101,3512,0.02823730930685997,150.0,2368,355200,500.28186351
711398,0.0011266126530244946,-338.14569091796875,101,3518,0.029006095603108406,150.0,2372,355800,500.00947381
712598,0.001083758077584207,-337.9284362792969,101,3524,0.02683624066412449,150.0,2376,356400,499.974762
713798,0.001100924564525485,-338.13165283203125,101,3530,0.02413097582757473,150.0,2380,357000,499.90061393000013
714998,0.001078259665518999,-338.1500244140625,101,3536,0.02374899387359619,150.0,2384,357600,499.82623270999994
716198,0.0010709301568567753,-338.40765380859375,101,3541,0.02820170670747757,150.0,2388,358200,499.86514674
717398,0.001067074597813189,-338.113037109375,101,3547,0.023155391216278076,150.0,2392,358800,499.50912670000014
718598,0.0011851302115246654,-338.1792907714844,101,3553,0.045307185500860214,150.0,2396,359400,499.3009928
719798,0.0011551616480574012,-338.1999206542969,101,3559,0.026751667261123657,150.0,2400,360000,499.00166440999993
720998,0.0010537032503634691,-338.2479248046875,101,3565,0.02510945498943329,150.0,2404,360600,498.91479011999996
722198,0.0010483682854101062,-338.1162414550781,101,3571,0.025249291211366653,150.0,2408,361200,498.82376703999995
723398,0.0010565293487161398,-338.0427551269531,101,3576,0.02558136358857155,150.0,2412,361800,498.91437955999993
724598,0.0010521347867324948,-338.32586669921875,101,3582,0.022359175607562065,150.0,2416,362400,498.8920833200001
725798,0.0010579872177913785,-338.172607421875,101,3588,0.021774912253022194,150.0,2420,363000,498.9106110100001
726998,0.0010564032709226012,-338.5101013183594,101,3594,0.02460443787276745,150.0,2424,363600,498.91549019999997
728198,0.0010510612046346068,-338.4755859375,101,3600,0.01930619403719902,150.0,2428,364200,498.77726547000003
729398,0.0010974893812090158,-338.61956787109375,101,3606,0.026362447068095207,150.0,2432,364800,498.60370874
730598,0.0010919742053374648,-338.5166015625,101,3612,0.021783800795674324,150.0,2436,365400,498.6417877200001
731798,0.0010916171595454216,-338.2691345214844,101,3618,0.018410149961709976,150.0,2440,366000,498.46384165999996
732998,0.0010679841507226229,-338.4364013671875,101,3624,0.026751739904284477,150.0,2444,366600,498.54430262
734198,0.0010424178326502442,-338.3978576660156,101,3630,0.02570931613445282,150.0,2448,367200,498.56916819000014
735398,0.0010484757367521524,-338.1909484863281,101,3636,0.024433106184005737,150.0,2452,367800,498.73832112000014
736598,0.0010409877868369222,-338.26611328125,101,3641,0.02107643149793148,150.0,2456,368400,499.02281857
737798,0.0010367064969614148,-338.4234619140625,101,3647,0.02435932494699955,150.0,2460,369000,499.15846888
738998,0.0010391107061877847,-338.0322265625,101,3653,0.01988203264772892,150.0,2464,369600,499.42866502
740198,0.0010420252801850438,-338.3831481933594,101,3659,0.021584711968898773,150.0,2468,370200,499.72524093
741398,0.0010822841431945562,-338.4373779296875,101,3665,0.03383607789874077,150.0,2472,370800,500.0383414
742598,0.001104994211345911,-338.52264404296875,101,3671,0.03294887766242027,150.0,2476,371400,499.75729573000007
743798,0.0010692065116018057,-338.51544189453125,101,3677,0.02028837241232395,150.0,2480,372000,499.55724122
744998,0.0010572822066023946,-338.4242248535156,101,3682,0.029293242841959,150.0,2484,372600,499.42420611999995
746198,0.0010588866425678134,-338.4008483886719,101,3688,0.025485914200544357,150.0,2488,373200,499.18893068
747398,0.0010668827453628182,-338.6717529296875,101,3694,0.024380939081311226,150.0,2492,373800,499.52028866999996
748598,0.0010688314214348793,-338.7262878417969,101,3700,0.020700844004750252,150.0,2496,374400,499.73482454
749798,0.0010676089441403747,-338.5076904296875,101,3706,0.02484702132642269,150.0,2500,375000,500.00209736
750998,0.0010572151513770223,-338.3500671386719,101,3712,0.02376333251595497,150.0,2504,375600,500.05262212
752198,0.0010518012568354607,-338.5015869140625,101,3718,0.02249482460319996,150.0,2508,376200,500.0592541600001
753398,0.0010427777888253331,-338.63006591796875,101,3723,0.021929947659373283,150.0,2512,376800,499.90747336
754598,0.0010527641279622912,-338.6160583496094,101,3729,0.021684642881155014,150.0,2516,377400,499.85535073
755798,0.0010234423680230975,-338.9326477050781,101,3735,0.02199646271765232,150.0,2520,378000,499.7446254300001
756998,0.0010380707681179047,-338.76519775390625,101,3741,0.017485667020082474,150.0,2524,378600,499.69994777
758198,0.0010401736944913864,-338.71160888671875,101,3747,0.025359265506267548,150.0,2528,379200,499.77007685999996
759398,0.0010267873294651508,-338.37322998046875,101,3753,0.02434256486594677,150.0,2532,379800,499.86064528
760598,0.001047336496412754,-338.6241455078125,101,3759,0.025896891951560974,150.0,2536,380400,499.69226706
761798,0.0010693427175283432,-338.48272705078125,101,3765,0.023663675412535667,150.0,2540,381000,499.78292262
762998,0.0010695828823372722,-338.5881652832031,101,3772,0.02854578197002411,150.0,2544,381600,499.56919372
764198,0.0010736073600128293,-338.780029296875,101,3777,0.027947932481765747,150.0,2548,382200,499.20484736000003
765398,0.0010522737866267562,-338.9066162109375,101,3783,0.027510296553373337,150.0,2552,382800,498.85773321999994
766598,0.0010462742066010833,-338.63812255859375,101,3789,0.023864788934588432,150.0,2556,383400,498.56421369000003
767798,0.0010247535537928343,-338.724609375,101,3795,0.024608563631772995,150.0,2560,384000,498.38427194999997
768998,0.0010191660840064287,-338.69635009765625,101,3801,0.025481073185801506,150.0,2564,384600,498.1817959399999
770198,0.001015846966765821,-338.5233154296875,101,3807,0.021788215264678,150.0,2568,385200,498.16251847
771398,0.0010105590336024761,-338.75299072265625,101,3813,0.021856091916561127,150.0,2572,385800,498.15034008999993
772598,0.0010401513427495956,-338.65435791015625,101,3819,0.02632232941687107,150.0,2576,386400,498.33685231999993
773798,0.001049908110871911,-338.790283203125,101,3825,0.025282027199864388,150.0,2580,387000,498.43829433999997
774998,0.0010191922774538398,-338.8690185546875,101,3831,0.02001653052866459,150.0,2584,387600,498.50725012000004
776198,0.0010214702924713492,-338.79742431640625,101,3837,0.02273797057569027,150.0,2588,388200,498.60556714000006
777398,0.0010059374617412686,-338.5812683105469,101,3843,0.021595604717731476,150.0,2592,388800,498.54459090999995
778598,0.0010046407114714384,-338.55450439453125,101,3849,0.018171321600675583,150.0,2596,389400,498.21723716
779798,0.000997052644379437,-338.72747802734375,101,3855,0.022181691601872444,150.0,2600,390000,498.09724048000004
780998,0.0009933842811733484,-338.6229553222656,101,3861,0.022432465106248856,150.0,2604,390600,498.10406071000006
782198,0.000981039833277464,-338.6409606933594,101,3867,0.01758236065506935,150.0,2608,391200,498.1065041
783398,0.000993909197859466,-338.5508117675781,101,3873,0.025529908016324043,150.0,2612,391800,498.24911696
784598,0.0009814170189201832,-338.78863525390625,101,3879,0.025897758081555367,150.0,2616,392400,498.2671634099999
785798,0.0009872920345515013,-338.62237548828125,101,3885,0.01717117242515087,150.0,2620,393000,498.2655236600001
786998,0.0009857796831056476,-338.4903869628906,101,3891,0.0228374395519495,150.0,2624,393600,498.27715787
788198,0.000990453758276999,-338.8459777832031,101,3897,0.021636201068758965,150.0,2628,394200,498.40787520999993
789398,0.0009771577315405011,-338.7701721191406,101,3903,0.019570160657167435,150.0,2632,394800,498.44262763000006
790598,0.0010204761056229472,-338.78533935546875,101,3909,0.019897274672985077,150.0,2636,395400,498.64757359
791798,0.0010499355848878622,-338.844970703125,101,3915,0.02267662063241005,150.0,2640,396000,498.75455730999994
792998,0.0010264079319313169,-338.7938232421875,101,3921,0.02205299213528633,150.0,2644,396600,498.9864231599999
794198,0.0011888958979398012,-339.1333312988281,101,3927,0.042357396334409714,150.0,2648,397200,499.18235301
795398,0.0011411658488214016,-338.75848388671875,101,3933,0.027339372783899307,150.0,2652,397800,499.1811533299999
796598,0.0010758376447483897,-338.8299560546875,101,3939,0.022548973560333252,150.0,2656,398400,499.40950460999994
797798,0.0010643582791090012,-339.05645751953125,101,3945,0.02511614002287388,150.0,2660,399000,499.45899490000005
798998,0.0010516798356547952,-338.87615966796875,101,3951,0.02178933285176754,150.0,2664,399600,499.37414880999995
