#{"t_start": 1690841246.5492268, "env_id": "None"}
r,l,t,precision,recall,f1,sustain_precision,sustain_recall,sustain_f1
32.33852,150,15.979078,0.6516666666666666,0.013333333333333334,0.3471111111111111,0.5466666666666666,1.0,0.5466666666666666
45.894447,150,17.472444,0.6977777777777777,0.013333333333333334,0.3,0.56,1.0,0.56
30.134491,150,19.092355,0.6055555555555555,0.02666666666666667,0.39666666666666667,0.49333333333333335,1.0,0.49333333333333335
23.627325,150,20.589244,0.67,0.02,0.34444444444444444,0.5133333333333333,1.0,0.5133333333333333
19.761831,150,22.152702,0.6168888888888889,0.02666666666666667,0.3811111111111111,0.47333333333333333,1.0,0.47333333333333333
36.849201,150,23.666237,0.7,0.0,0.3,0.5066666666666667,1.0,0.5066666666666667
16.505242,150,25.272229,0.6755555555555556,0.006666666666666667,0.3233333333333333,0.52,1.0,0.52
29.390329,150,26.887883,0.5183333333333333,0.013333333333333334,0.4804444444444444,0.5066666666666667,1.0,0.5066666666666667
50.374889,150,28.432012,0.6561111111111111,0.04,0.35377777777777775,0.6066666666666667,1.0,0.6066666666666667
26.677358,150,29.92544,0.6533333333333333,0.006666666666666667,0.35333333333333333,0.48,1.0,0.48
71.12883,150,31.392568,0.6483333333333333,0.013333333333333334,0.356,0.6466666666666666,1.0,0.6466666666666666
80.269731,150,32.883428,0.62,0.006666666666666667,0.38666666666666666,0.7,1.0,0.7
57.756661,150,34.375105,0.6622222222222222,0.013333333333333334,0.3433333333333333,0.6266666666666667,1.0,0.6266666666666667
70.255458,150,35.891887,0.5805555555555556,0.02666666666666667,0.42377777777777775,0.6933333333333334,1.0,0.6933333333333334
77.533996,150,37.381352,0.6311111111111111,0.02666666666666667,0.3688888888888889,0.6266666666666667,1.0,0.6266666666666667
79.833183,150,38.879655,0.7277777777777777,0.02666666666666667,0.27777777777777773,0.7133333333333334,1.0,0.7133333333333334
82.974851,150,40.377658,0.68,0.013333333333333334,0.32222222222222224,0.72,1.0,0.72
87.815042,150,41.873861,0.735,0.02666666666666667,0.2593333333333333,0.72,1.0,0.72
103.961959,150,43.345843,0.725,0.02,0.28044444444444444,0.8,1.0,0.8
117.1902,150,44.898619,0.6988888888888889,0.013333333333333334,0.30111111111111116,0.7666666666666667,1.0,0.7666666666666667
113.275617,150,46.436327,0.6846666666666666,0.02666666666666667,0.3155555555555556,0.7866666666666666,1.0,0.7866666666666666
109.275888,150,48.014154,0.7516666666666667,0.02666666666666667,0.2604444444444444,0.7733333333333333,1.0,0.7733333333333333
119.349406,150,49.496917,0.6211111111111111,0.02666666666666667,0.3844444444444444,0.7533333333333333,1.0,0.7533333333333333
113.480424,150,51.020353,0.6833333333333333,0.03333333333333333,0.3333333333333333,0.7933333333333333,1.0,0.7933333333333333
178.212644,150,52.516079,0.7555555555555555,0.02666666666666667,0.2522222222222222,0.8733333333333333,1.0,0.8733333333333333
131.100645,150,54.05359,0.6866666666666666,0.0,0.31333333333333335,0.7866666666666666,1.0,0.7866666666666666
135.88195,150,55.552809,0.6922222222222223,0.02,0.3144444444444444,0.8266666666666667,1.0,0.8266666666666667
163.156835,150,57.039224,0.705,0.05333333333333334,0.32266666666666666,0.84,1.0,0.84
135.681144,150,58.572768,0.64,0.006666666666666667,0.36666666666666664,0.8666666666666667,1.0,0.8666666666666667
139.662797,150,60.072917,0.72,0.0,0.28,0.8133333333333334,1.0,0.8133333333333334
148.601697,150,61.575763,0.72,0.0,0.28,0.84,1.0,0.84
165.077979,150,63.066798,0.7133333333333334,0.0,0.2866666666666667,0.8666666666666667,1.0,0.8666666666666667
168.568367,150,64.615013,0.6666666666666666,0.0,0.3333333333333333,0.88,1.0,0.88
188.605476,150,66.168826,0.6805555555555555,0.02666666666666667,0.3237777777777778,0.9,1.0,0.9
180.058611,150,67.691089,0.6983333333333334,0.02,0.3071111111111111,0.9,1.0,0.9
197.414698,150,69.206623,0.7922222222222223,0.02,0.202,0.9,1.0,0.9
187.617087,150,70.732958,0.7883333333333333,0.02,0.21155555555555555,0.9,1.0,0.9
179.473898,150,72.207874,0.82,0.013333333333333334,0.1822222222222222,0.8933333333333333,1.0,0.8933333333333333
179.22804,150,73.668121,0.8433333333333334,0.006666666666666667,0.15777777777777777,0.8333333333333334,1.0,0.8333333333333334
201.146128,150,75.159861,0.7483333333333333,0.006666666666666667,0.24933333333333332,0.9266666666666666,1.0,0.9266666666666666
197.788744,150,76.730088,0.8133333333333334,0.0,0.18666666666666668,0.92,1.0,0.92
216.353693,150,78.241115,0.8688888888888889,0.006666666666666667,0.13,0.9133333333333333,1.0,0.9133333333333333
217.104455,150,79.755694,0.8133333333333334,0.0,0.18666666666666668,0.9666666666666667,1.0,0.9666666666666667
230.125767,150,81.277266,0.8288888888888889,0.006666666666666667,0.17,0.9533333333333334,1.0,0.9533333333333334
230.615321,150,82.766625,0.7661111111111111,0.04666666666666667,0.23377777777777775,0.9333333333333333,1.0,0.9333333333333333
215.256424,150,84.256213,0.8633333333333333,0.006666666666666667,0.13777777777777775,0.9533333333333334,1.0,0.9533333333333334
229.519416,150,85.754565,0.77,0.006666666666666667,0.2311111111111111,0.9466666666666667,1.0,0.9466666666666667
226.464979,150,87.287912,0.7883333333333333,0.04,0.21933333333333332,0.9266666666666666,1.0,0.9266666666666666
237.131218,150,88.81168,0.83,0.006666666666666667,0.1711111111111111,0.9533333333333334,1.0,0.9533333333333334
248.022769,150,90.298496,0.7866666666666666,0.013333333333333334,0.22666666666666666,0.98,1.0,0.98
253.350698,150,91.786625,0.8122222222222222,0.013333333333333334,0.18777777777777777,0.9733333333333334,1.0,0.9733333333333334
254.150119,150,93.302642,0.7222222222222223,0.02,0.27888888888888885,0.9733333333333334,1.0,0.9733333333333334
243.754647,150,94.88852,0.7788888888888889,0.04,0.23666666666666666,0.96,1.0,0.96
257.213319,150,96.392795,0.7955555555555556,0.02,0.20555555555555555,0.98,1.0,0.98
265.797248,150,97.922889,0.7838888888888889,0.04,0.22822222222222222,0.9866666666666667,1.0,0.9866666666666667
260.482114,150,99.41399,0.6972222222222223,0.03333333333333333,0.30822222222222223,0.96,1.0,0.96
276.132474,150,100.991078,0.731111111111111,0.03333333333333333,0.2755555555555555,0.9666666666666667,1.0,0.9666666666666667
267.709222,150,102.454777,0.8016666666666666,0.04666666666666667,0.18911111111111112,0.9666666666666667,1.0,0.9666666666666667
274.489155,150,103.96298,0.7194444444444443,0.04,0.2848888888888889,0.98,1.0,0.98
274.036644,150,105.471432,0.6422222222222222,0.04666666666666667,0.36333333333333334,0.9866666666666667,1.0,0.9866666666666667
270.987917,150,106.955197,0.7313333333333334,0.02666666666666667,0.28,0.98,1.0,0.98
287.053622,150,108.404755,0.6461111111111111,0.08,0.37599999999999995,0.98,1.0,0.98
289.52313,150,109.895514,0.6705555555555556,0.013333333333333334,0.326,0.9866666666666667,1.0,0.9866666666666667
292.344099,150,111.388152,0.7333333333333333,0.05333333333333334,0.27444444444444444,0.9733333333333334,1.0,0.9733333333333334
288.205201,150,112.858571,0.6772222222222223,0.11333333333333333,0.35155555555555557,0.9733333333333334,1.0,0.9733333333333334
287.215415,150,114.348561,0.6344444444444444,0.07333333333333333,0.3722222222222222,0.9733333333333334,1.0,0.9733333333333334
293.597889,150,115.85452,0.6288888888888889,0.05333333333333334,0.382,0.9933333333333333,1.0,0.9933333333333333
290.487176,150,117.355579,0.6427777777777777,0.06666666666666667,0.3826666666666666,0.9866666666666667,1.0,0.9866666666666667
296.542191,150,118.86604,0.7338888888888889,0.08,0.266,0.9933333333333333,1.0,0.9933333333333333
291.326268,150,120.350162,0.6261111111111112,0.13333333333333333,0.41488888888888886,0.9666666666666667,1.0,0.9666666666666667
304.585998,150,121.84956,0.6577777777777777,0.06,0.35333333333333333,1.0,1.0,1.0
299.739132,150,123.323532,0.7394444444444443,0.08666666666666667,0.2782222222222222,1.0,1.0,1.0
306.864791,150,124.796058,0.6511111111111111,0.07333333333333333,0.37333333333333335,1.0,1.0,1.0
328.572122,150,126.321062,0.7344444444444443,0.13333333333333333,0.31,1.0,1.0,1.0
310.311955,150,127.854327,0.6594444444444445,0.06666666666666667,0.3604444444444444,1.0,1.0,1.0
320.181796,150,129.365112,0.6755555555555556,0.10666666666666667,0.3555555555555555,0.9933333333333333,1.0,0.9933333333333333
318.561765,150,130.903229,0.6511111111111112,0.08666666666666667,0.3742222222222222,1.0,1.0,1.0
313.374331,150,132.446131,0.6913333333333334,0.13333333333333333,0.34777777777777774,1.0,1.0,1.0
310.734991,150,134.026971,0.6229999999999999,0.09333333333333334,0.3948888888888889,1.0,1.0,1.0
327.87324,150,135.568131,0.6533333333333333,0.13333333333333333,0.3653333333333333,0.9933333333333333,1.0,0.9933333333333333
309.189124,150,137.119507,0.6166666666666667,0.02,0.3977777777777778,1.0,1.0,1.0
321.799971,150,138.655093,0.6527777777777777,0.06666666666666667,0.3671111111111111,1.0,1.0,1.0
339.990312,150,140.156291,0.6966666666666667,0.12,0.3486666666666666,1.0,1.0,1.0
327.937397,150,141.657719,0.6905555555555556,0.05333333333333334,0.3115555555555556,1.0,1.0,1.0
333.479281,150,143.158339,0.7572222222222222,0.12,0.2771111111111111,0.9866666666666667,1.0,0.9866666666666667
321.025087,150,144.665421,0.6188888888888888,0.013333333333333334,0.3811111111111111,1.0,1.0,1.0
327.617305,150,146.1619,0.7122222222222222,0.15333333333333332,0.3131111111111111,1.0,1.0,1.0
327.088958,150,147.669581,0.7344444444444445,0.07333333333333333,0.31777777777777777,0.9933333333333333,1.0,0.9933333333333333
342.997262,150,149.129769,0.7066666666666667,0.16,0.3497777777777778,1.0,1.0,1.0
344.038843,150,150.631295,0.6227777777777778,0.14666666666666667,0.43822222222222224,0.9933333333333333,1.0,0.9933333333333333
347.38367,150,152.097294,0.6461111111111112,0.16666666666666666,0.38266666666666665,0.9933333333333333,1.0,0.9933333333333333
338.814131,150,153.57694,0.6388888888888888,0.08666666666666667,0.37644444444444447,1.0,1.0,1.0
329.49636,150,155.057856,0.681111111111111,0.04666666666666667,0.32222222222222224,1.0,1.0,1.0
341.644775,150,156.538913,0.6218888888888888,0.09333333333333334,0.3937777777777777,1.0,1.0,1.0
357.448504,150,157.993119,0.7233333333333334,0.11333333333333333,0.3277777777777778,0.9933333333333333,1.0,0.9933333333333333
344.325346,150,159.479424,0.6266666666666667,0.07333333333333333,0.41333333333333333,1.0,1.0,1.0
347.426624,150,161.002358,0.6583333333333333,0.19333333333333333,0.40577777777777774,0.9933333333333333,1.0,0.9933333333333333
359.692927,150,162.514865,0.7333333333333333,0.18666666666666668,0.35111111111111104,0.9933333333333333,1.0,0.9933333333333333
359.406685,150,164.016785,0.7355555555555555,0.12666666666666668,0.292,1.0,1.0,1.0
358.477476,150,165.534049,0.698888888888889,0.12666666666666668,0.33555555555555555,1.0,1.0,1.0
357.623125,150,167.079131,0.7088888888888889,0.12666666666666668,0.34199999999999997,1.0,1.0,1.0
349.712511,150,168.571709,0.7333333333333333,0.1,0.28644444444444445,0.9933333333333333,1.0,0.9933333333333333
367.383159,150,170.099649,0.6616666666666666,0.2,0.4282222222222222,1.0,1.0,1.0
364.435858,150,171.601081,0.6877777777777777,0.18666666666666668,0.3877777777777778,0.9933333333333333,1.0,0.9933333333333333
357.79277,150,173.088185,0.7477777777777778,0.04666666666666667,0.26666666666666666,1.0,1.0,1.0
379.412537,150,174.584824,0.688888888888889,0.18666666666666668,0.38755555555555554,1.0,1.0,1.0
367.347018,150,176.093344,0.7122222222222223,0.1,0.34,0.9933333333333333,1.0,0.9933333333333333
381.104214,150,177.595186,0.7366666666666667,0.18,0.33444444444444443,1.0,1.0,1.0
375.305316,150,179.075875,0.6855555555555556,0.14666666666666667,0.37977777777777777,1.0,1.0,1.0
370.840767,150,180.537963,0.6852222222222222,0.2,0.4204444444444444,1.0,1.0,1.0
374.599636,150,182.008171,0.6855555555555555,0.14666666666666667,0.4255555555555555,1.0,1.0,1.0
374.816994,150,183.495961,0.7238888888888888,0.13333333333333333,0.326,1.0,1.0,1.0
378.220297,150,185.013566,0.6794444444444444,0.20666666666666667,0.4015555555555555,1.0,1.0,1.0
387.002037,150,186.501521,0.6972222222222223,0.22,0.4271111111111111,1.0,1.0,1.0
379.549178,150,188.013297,0.6916666666666667,0.16666666666666666,0.3704444444444444,1.0,1.0,1.0
385.064239,150,189.513904,0.7333333333333333,0.18666666666666668,0.38555555555555554,1.0,1.0,1.0
373.067315,150,191.024052,0.698888888888889,0.14666666666666667,0.3433333333333333,0.9933333333333333,1.0,0.9933333333333333
376.58059,150,192.493564,0.6583333333333333,0.15333333333333332,0.3904444444444444,1.0,1.0,1.0
381.430857,150,193.952356,0.7355555555555555,0.16666666666666666,0.3555555555555555,1.0,1.0,1.0
394.861707,150,195.45204,0.6755555555555556,0.29333333333333333,0.4977777777777778,1.0,1.0,1.0
385.905328,150,196.932242,0.7022222222222223,0.2,0.39888888888888885,1.0,1.0,1.0
384.745071,150,198.386645,0.7822222222222223,0.14666666666666667,0.3011111111111111,1.0,1.0,1.0
386.105977,150,199.83652,0.7144444444444444,0.15333333333333332,0.36111111111111105,1.0,1.0,1.0
387.26114,150,201.303531,0.6888888888888889,0.24,0.43,1.0,1.0,1.0
385.349563,150,202.762069,0.68,0.15333333333333332,0.3944444444444444,1.0,1.0,1.0
396.466505,150,204.210333,0.7366666666666667,0.2733333333333333,0.4053333333333333,1.0,1.0,1.0
385.907533,150,205.686171,0.68,0.19333333333333333,0.40111111111111114,1.0,1.0,1.0
389.896256,150,207.171345,0.7377777777777778,0.2,0.3688888888888889,1.0,1.0,1.0
396.695696,150,208.638604,0.7111111111111111,0.24,0.4244444444444444,1.0,1.0,1.0
398.557929,150,210.10561,0.6872222222222222,0.3,0.5015555555555555,1.0,1.0,1.0
387.780041,150,211.588258,0.7022222222222223,0.22,0.4422222222222222,1.0,1.0,1.0
397.605837,150,213.071884,0.6877777777777777,0.21333333333333335,0.4155555555555555,1.0,1.0,1.0
384.143119,150,214.556675,0.5433333333333333,0.16,0.5097777777777778,1.0,1.0,1.0
387.088476,150,216.026548,0.5644444444444444,0.20666666666666667,0.5353333333333334,1.0,1.0,1.0
391.552665,150,217.477096,0.6968888888888889,0.24666666666666667,0.40888888888888886,1.0,1.0,1.0
388.073374,150,219.017393,0.711111111111111,0.22666666666666666,0.39866666666666667,1.0,1.0,1.0
404.0476,150,220.540186,0.7616666666666667,0.4066666666666667,0.4422222222222223,1.0,1.0,1.0
392.170165,150,222.088245,0.6594444444444444,0.29333333333333333,0.46155555555555544,1.0,1.0,1.0
388.868474,150,223.605839,0.6944444444444444,0.25333333333333335,0.44888888888888895,1.0,1.0,1.0
393.423272,150,225.111035,0.7255555555555555,0.29333333333333333,0.4544444444444444,1.0,1.0,1.0
401.269762,150,226.616748,0.7444444444444445,0.34,0.5022222222222222,1.0,1.0,1.0
385.239916,150,228.144492,0.6638888888888889,0.26,0.47822222222222216,1.0,1.0,1.0
403.755406,150,229.649001,0.6883333333333334,0.38,0.4802222222222222,0.9933333333333333,1.0,0.9933333333333333
413.192817,150,231.171738,0.7516666666666667,0.36,0.42377777777777775,1.0,1.0,1.0
406.599326,150,232.704654,0.75,0.31333333333333335,0.46777777777777774,1.0,1.0,1.0
408.484607,150,234.214529,0.7355555555555555,0.31333333333333335,0.45777777777777773,1.0,1.0,1.0
407.022492,150,235.706938,0.7633333333333333,0.20666666666666667,0.37,1.0,1.0,1.0
400.416623,150,237.209713,0.7344444444444443,0.29333333333333333,0.4155555555555555,1.0,1.0,1.0
409.57739,150,238.740087,0.711111111111111,0.3,0.5066666666666667,1.0,1.0,1.0
415.181535,150,240.263769,0.6711111111111111,0.37333333333333335,0.5533333333333333,1.0,1.0,1.0
391.666091,150,241.755729,0.6194444444444445,0.23333333333333334,0.4426666666666667,1.0,1.0,1.0
391.740755,150,243.265519,0.5633333333333334,0.22666666666666666,0.5322222222222222,1.0,1.0,1.0
417.323866,150,244.797064,0.7738888888888888,0.3933333333333333,0.44933333333333325,1.0,1.0,1.0
408.084699,150,246.282422,0.7327777777777778,0.29333333333333333,0.45822222222222214,1.0,1.0,1.0
405.483553,150,247.781142,0.716111111111111,0.3,0.4537777777777778,1.0,1.0,1.0
421.486589,150,249.278193,0.7816666666666666,0.3933333333333333,0.4315555555555556,0.9933333333333333,1.0,0.9933333333333333
395.752031,150,250.813714,0.64,0.3,0.4553333333333333,1.0,1.0,1.0
409.992674,150,252.332852,0.7466666666666667,0.3333333333333333,0.4744444444444444,1.0,1.0,1.0
419.276549,150,253.860546,0.72,0.3933333333333333,0.5844444444444444,1.0,1.0,1.0
417.997736,150,255.436005,0.7922222222222222,0.26,0.3864444444444445,1.0,1.0,1.0
407.874136,150,256.980938,0.75,0.2866666666666667,0.4533333333333333,1.0,1.0,1.0
420.93087,150,258.516312,0.76,0.35333333333333333,0.5253333333333333,1.0,1.0,1.0
431.011215,150,260.060947,0.8366666666666667,0.3466666666666667,0.4266666666666667,1.0,1.0,1.0
441.42956,150,261.642068,0.8766666666666667,0.38666666666666666,0.49333333333333335,1.0,1.0,1.0
431.480401,150,263.164118,0.8022222222222222,0.43333333333333335,0.5111111111111111,1.0,1.0,1.0
437.124691,150,264.797671,0.8277777777777777,0.48,0.52,1.0,1.0,1.0
418.069836,150,266.420192,0.6772222222222222,0.44666666666666666,0.5268888888888889,1.0,1.0,1.0
412.60836,150,268.01782,0.7355555555555556,0.36666666666666664,0.5111111111111111,1.0,1.0,1.0
403.891079,150,269.604878,0.696111111111111,0.31333333333333335,0.4415555555555555,1.0,1.0,1.0
429.42874,150,271.135932,0.8211111111111111,0.4533333333333333,0.5,1.0,1.0,1.0
428.774241,150,272.69744,0.8111111111111111,0.43333333333333335,0.45,1.0,1.0,1.0
436.276335,150,274.227613,0.8655555555555556,0.38666666666666666,0.4633333333333333,1.0,1.0,1.0
434.367771,150,275.821235,0.8402222222222222,0.4266666666666667,0.4633333333333333,1.0,1.0,1.0
419.695334,150,277.387091,0.81,0.3933333333333333,0.41,1.0,1.0,1.0
406.619125,150,278.924464,0.7355555555555556,0.26,0.4388888888888889,1.0,1.0,1.0
424.388209,150,280.454601,0.7633333333333333,0.32666666666666666,0.46888888888888886,1.0,1.0,1.0
428.213908,150,282.015211,0.7766666666666666,0.4,0.5166666666666667,1.0,1.0,1.0
443.269042,150,283.528322,0.8055555555555555,0.5133333333333333,0.55,1.0,1.0,1.0
425.788194,150,285.032399,0.6922222222222223,0.44666666666666666,0.6411111111111112,1.0,1.0,1.0
431.598137,150,286.525874,0.8677777777777779,0.3933333333333333,0.4155555555555555,1.0,1.0,1.0
424.20129,150,288.03119,0.785,0.41333333333333333,0.4904444444444444,1.0,1.0,1.0
421.110102,150,289.547593,0.8066666666666666,0.35333333333333333,0.48,1.0,1.0,1.0
445.544218,150,290.999555,0.8883333333333333,0.5333333333333333,0.5348888888888889,1.0,1.0,1.0
444.138442,150,292.502327,0.8888888888888887,0.4666666666666667,0.5244444444444444,1.0,1.0,1.0
423.796402,150,293.95799,0.7622222222222222,0.36,0.5011111111111111,1.0,1.0,1.0
402.048098,150,295.501102,0.7566666666666667,0.3,0.40444444444444444,1.0,1.0,1.0
413.458278,150,297.005965,0.7577777777777777,0.32,0.45777777777777773,1.0,1.0,1.0
422.007307,150,298.475813,0.7733333333333333,0.30666666666666664,0.5,1.0,1.0,1.0
429.054844,150,299.947674,0.7755555555555556,0.41333333333333333,0.5188888888888888,1.0,1.0,1.0
435.91417,150,301.452376,0.8566666666666667,0.35333333333333333,0.44666666666666666,1.0,1.0,1.0
435.843578,150,302.958503,0.8105555555555555,0.44,0.5348888888888887,1.0,1.0,1.0
431.243282,150,304.466431,0.755,0.4533333333333333,0.5868888888888889,1.0,1.0,1.0
423.765903,150,305.958061,0.6511111111111112,0.5,0.6655555555555556,1.0,1.0,1.0
430.964859,150,307.478961,0.7738888888888888,0.4533333333333333,0.5337777777777778,1.0,1.0,1.0
437.590789,150,308.994582,0.8072222222222222,0.4533333333333333,0.546,1.0,1.0,1.0
441.905236,150,310.553392,0.8477777777777779,0.49333333333333335,0.5355555555555556,1.0,1.0,1.0
431.026466,150,312.136375,0.7977777777777778,0.4066666666666667,0.5266666666666666,1.0,1.0,1.0
444.451733,150,313.715906,0.8716666666666667,0.5266666666666666,0.5282222222222221,1.0,1.0,1.0
435.696001,150,315.265143,0.8144444444444445,0.49333333333333335,0.5344444444444444,1.0,1.0,1.0
433.996354,150,316.791117,0.8066666666666666,0.46,0.508888888888889,1.0,1.0,1.0
420.204039,150,318.304386,0.7977777777777777,0.34,0.4377777777777777,1.0,1.0,1.0
433.071865,150,319.905828,0.8427777777777777,0.44,0.5004444444444445,1.0,1.0,1.0
445.11266,150,321.462481,0.9266666666666666,0.4866666666666667,0.48111111111111104,1.0,1.0,1.0
417.810281,150,323.031535,0.8144444444444444,0.3333333333333333,0.3977777777777778,1.0,1.0,1.0
443.56778,150,324.578648,0.9122222222222223,0.49333333333333335,0.5011111111111111,1.0,1.0,1.0
450.079941,150,326.080963,0.8922222222222222,0.54,0.59,1.0,1.0,1.0
436.67666,150,327.638012,0.8166666666666667,0.4666666666666667,0.5544444444444444,1.0,1.0,1.0
442.616288,150,329.136468,0.8922222222222221,0.4666666666666667,0.5277777777777777,1.0,1.0,1.0
433.254893,150,330.729152,0.7388888888888889,0.4666666666666667,0.6244444444444444,1.0,1.0,1.0
439.657713,150,332.222115,0.8172222222222223,0.6333333333333333,0.6537777777777778,1.0,1.0,1.0
419.643054,150,333.723819,0.6855555555555556,0.52,0.6988888888888889,1.0,1.0,1.0
432.092396,150,335.191486,0.7357777777777778,0.49333333333333335,0.6020000000000001,1.0,1.0,1.0
428.760675,150,336.678693,0.7466666666666667,0.48,0.5406666666666666,1.0,1.0,1.0
432.639359,150,338.150726,0.8022222222222223,0.46,0.56,1.0,1.0,1.0
455.521613,150,339.631122,0.88,0.58,0.6444444444444444,1.0,1.0,1.0
443.973171,150,341.088751,0.8222222222222222,0.5466666666666666,0.6266666666666667,1.0,1.0,1.0
445.790667,150,342.543918,0.8316666666666667,0.56,0.556,1.0,1.0,1.0
451.753627,150,344.007641,0.86,0.6533333333333333,0.658888888888889,1.0,1.0,1.0
430.455169,150,345.49472,0.7316666666666667,0.6666666666666666,0.6824444444444445,1.0,1.0,1.0
435.664417,150,346.947366,0.8088888888888889,0.5,0.5822222222222222,1.0,1.0,1.0
431.098839,150,348.415053,0.78,0.42,0.5833333333333334,1.0,1.0,1.0
450.015395,150,349.861791,0.8944444444444444,0.5933333333333334,0.5777777777777778,1.0,1.0,1.0
432.857843,150,351.312253,0.7861111111111111,0.5466666666666666,0.6126666666666665,1.0,1.0,1.0
452.730459,150,352.776852,0.8822222222222221,0.66,0.6466666666666666,1.0,1.0,1.0
440.653299,150,354.229885,0.8144444444444445,0.5533333333333333,0.6288888888888888,1.0,1.0,1.0
430.964983,150,355.705958,0.851111111111111,0.42,0.4977777777777777,1.0,1.0,1.0
454.446812,150,357.168477,0.908888888888889,0.5133333333333333,0.5744444444444444,1.0,1.0,1.0
457.934162,150,358.64396,0.8902222222222222,0.64,0.6544444444444444,1.0,1.0,1.0
447.913637,150,360.115881,0.7866666666666666,0.5933333333333334,0.7055555555555555,1.0,1.0,1.0
445.050886,150,361.593256,0.7911111111111111,0.5733333333333334,0.611111111111111,1.0,1.0,1.0
457.650058,150,363.055355,0.8666666666666667,0.6466666666666666,0.6566666666666666,1.0,1.0,1.0
447.158521,150,364.533794,0.8394444444444443,0.5466666666666666,0.5815555555555556,1.0,1.0,1.0
460.60731,150,366.001434,0.86,0.6933333333333334,0.6988888888888889,1.0,1.0,1.0
456.138141,150,367.459543,0.8611111111111113,0.66,0.6888888888888889,1.0,1.0,1.0
454.660339,150,368.917497,0.8655555555555556,0.58,0.6222222222222222,1.0,1.0,1.0
459.549432,150,370.358045,0.8838888888888887,0.6866666666666666,0.686,0.9933333333333333,1.0,0.9933333333333333
455.662105,150,371.814413,0.8711111111111113,0.64,0.6644444444444444,1.0,1.0,1.0
457.161761,150,373.269987,0.8666666666666667,0.7133333333333334,0.7122222222222223,1.0,1.0,1.0
452.245709,150,374.707076,0.821111111111111,0.6066666666666667,0.6755555555555556,1.0,1.0,1.0
443.395571,150,376.178844,0.7655555555555555,0.5866666666666667,0.7066666666666667,1.0,1.0,1.0
460.554169,150,377.652554,0.8733333333333333,0.6533333333333333,0.7133333333333334,1.0,1.0,1.0
435.3395,150,379.101648,0.7644444444444444,0.5066666666666667,0.6155555555555555,1.0,1.0,1.0
447.24743,150,380.556385,0.8588888888888889,0.5333333333333333,0.5833333333333333,1.0,1.0,1.0
449.229875,150,382.006316,0.9022222222222221,0.58,0.58,1.0,1.0,1.0
452.477806,150,383.48103,0.8822222222222221,0.5866666666666667,0.63,1.0,1.0,1.0
443.661591,150,384.942116,0.84,0.5066666666666667,0.6222222222222222,1.0,1.0,1.0
446.256439,150,386.404437,0.87,0.54,0.6088888888888889,1.0,1.0,1.0
448.770043,150,387.884016,0.84,0.5733333333333334,0.6555555555555554,1.0,1.0,1.0
443.919113,150,389.340029,0.8155555555555555,0.52,0.6633333333333333,1.0,1.0,1.0
450.553801,150,390.804819,0.8555555555555554,0.5466666666666666,0.6277777777777778,1.0,1.0,1.0
472.786319,150,392.25387,0.9222222222222223,0.7533333333333333,0.7555555555555555,1.0,1.0,1.0
452.198212,150,393.68681,0.83,0.64,0.7155555555555555,1.0,1.0,1.0
456.073036,150,395.139258,0.7744444444444444,0.7266666666666667,0.7744444444444445,1.0,1.0,1.0
468.907716,150,396.58417,0.9288888888888888,0.7466666666666667,0.7544444444444445,1.0,1.0,1.0
454.096471,150,398.034774,0.8455555555555555,0.6333333333333333,0.6855555555555555,1.0,1.0,1.0
439.681245,150,399.504672,0.7788888888888889,0.6,0.6277777777777778,1.0,1.0,1.0
458.039716,150,400.95769,0.8866666666666667,0.68,0.6822222222222221,1.0,1.0,1.0
443.835038,150,402.476814,0.8522222222222222,0.5066666666666667,0.5955555555555556,1.0,1.0,1.0
436.144416,150,403.991187,0.7977777777777777,0.5333333333333333,0.53,1.0,1.0,1.0
438.632958,150,405.535635,0.8011111111111111,0.52,0.6533333333333333,1.0,1.0,1.0
444.563155,150,407.075769,0.81,0.5733333333333334,0.5775555555555555,1.0,1.0,1.0
439.30819,150,408.623877,0.7744444444444444,0.5533333333333333,0.5764444444444444,1.0,1.0,1.0
454.545131,150,410.137197,0.9055555555555557,0.5733333333333334,0.5766666666666667,1.0,1.0,1.0
462.307174,150,411.637786,0.912222222222222,0.6666666666666666,0.6744444444444444,1.0,1.0,1.0
435.438679,150,413.180034,0.7955555555555556,0.52,0.5933333333333334,1.0,1.0,1.0
440.815254,150,414.683389,0.8116666666666666,0.49333333333333335,0.5671111111111111,1.0,1.0,1.0
450.240602,150,416.203491,0.8388888888888889,0.6333333333333333,0.6588888888888889,1.0,1.0,1.0
438.945488,150,417.713458,0.8466666666666667,0.49333333333333335,0.5455555555555556,1.0,1.0,1.0
435.444163,150,419.239697,0.8166666666666667,0.44666666666666666,0.58,1.0,1.0,1.0
450.651991,150,420.776958,0.8666666666666667,0.62,0.6533333333333333,1.0,1.0,1.0
444.858764,150,422.30005,0.8388888888888889,0.6466666666666666,0.6166666666666667,1.0,1.0,1.0
425.421667,150,423.853581,0.7133333333333334,0.44,0.648888888888889,1.0,1.0,1.0
432.692983,150,425.389913,0.7422222222222222,0.4866666666666667,0.6133333333333333,1.0,1.0,1.0
424.478931,150,426.928593,0.7833333333333333,0.44666666666666666,0.5122222222222221,1.0,1.0,1.0
433.148134,150,428.458489,0.7977777777777778,0.52,0.5944444444444444,1.0,1.0,1.0
444.471421,150,429.932879,0.8933333333333333,0.5133333333333333,0.5866666666666667,1.0,1.0,1.0
446.824731,150,431.444452,0.88,0.5666666666666667,0.5866666666666667,1.0,1.0,1.0
450.557781,150,432.947689,0.8811111111111113,0.5733333333333334,0.6266666666666667,1.0,1.0,1.0
440.270125,150,434.473419,0.8022222222222223,0.52,0.61,1.0,1.0,1.0
458.213881,150,436.022299,0.888888888888889,0.6266666666666667,0.6522222222222223,1.0,1.0,1.0
452.702399,150,437.524437,0.8677777777777779,0.6333333333333333,0.6333333333333333,1.0,1.0,1.0
461.349592,150,439.024403,0.8733333333333333,0.6733333333333333,0.7,1.0,1.0,1.0
435.306108,150,440.570207,0.835,0.6,0.5993333333333334,1.0,1.0,1.0
458.758856,150,442.088721,0.8755555555555554,0.6466666666666666,0.6633333333333333,1.0,1.0,1.0
458.985763,150,443.594436,0.9066666666666666,0.5933333333333334,0.6188888888888889,1.0,1.0,1.0
466.046399,150,445.111227,0.9255555555555556,0.6666666666666666,0.6833333333333333,1.0,1.0,1.0
450.254665,150,446.614274,0.81,0.6333333333333333,0.7288888888888888,1.0,1.0,1.0
456.324983,150,448.117093,0.8688888888888887,0.6933333333333334,0.7055555555555555,1.0,1.0,1.0
461.199633,150,449.615369,0.898888888888889,0.7,0.71,1.0,1.0,1.0
447.080859,150,451.125843,0.84,0.6133333333333333,0.6388888888888887,1.0,1.0,1.0
453.096068,150,452.63466,0.8622222222222223,0.66,0.7233333333333334,1.0,1.0,1.0
434.707318,150,454.145028,0.8333333333333334,0.48,0.6355555555555555,1.0,1.0,1.0
413.287496,150,455.624679,0.7455555555555556,0.37333333333333335,0.43444444444444436,1.0,1.0,1.0
430.523223,150,457.114283,0.7933333333333333,0.5,0.6288888888888888,0.9933333333333333,1.0,0.9933333333333333
446.461758,150,458.644917,0.8922222222222222,0.5866666666666667,0.581111111111111,0.9933333333333333,1.0,0.9933333333333333
447.185773,150,460.158916,0.851111111111111,0.62,0.6755555555555556,0.9933333333333333,1.0,0.9933333333333333
463.42807,150,461.678789,0.92,0.6733333333333333,0.6633333333333333,1.0,1.0,1.0
463.591044,150,463.20078,0.8988888888888887,0.72,0.73,1.0,1.0,1.0
456.319839,150,464.735522,0.861111111111111,0.6533333333333333,0.6822222222222222,1.0,1.0,1.0
452.040242,150,466.245167,0.86,0.6666666666666666,0.6955555555555555,1.0,1.0,1.0
450.751484,150,467.754668,0.8377777777777777,0.5666666666666667,0.6577777777777777,1.0,1.0,1.0
460.598525,150,469.280602,0.8877777777777777,0.7133333333333334,0.7377777777777778,1.0,1.0,1.0
456.951886,150,470.785344,0.841111111111111,0.7466666666666667,0.7844444444444444,1.0,1.0,1.0
444.777371,150,472.276181,0.8455555555555556,0.6133333333333333,0.6544444444444444,1.0,1.0,1.0
454.851134,150,473.775648,0.9133333333333333,0.6733333333333333,0.6711111111111111,1.0,1.0,1.0
453.363084,150,475.270652,0.851111111111111,0.6733333333333333,0.6722222222222222,0.9933333333333333,1.0,0.9933333333333333
452.04815,150,476.769414,0.883888888888889,0.6,0.6215555555555554,1.0,1.0,1.0
443.254682,150,478.267306,0.8066666666666666,0.54,0.6444444444444444,0.9933333333333333,1.0,0.9933333333333333
445.631931,150,479.729091,0.85,0.6,0.6211111111111112,1.0,1.0,1.0
451.001471,150,481.216394,0.87,0.6066666666666667,0.6533333333333333,1.0,1.0,1.0
458.674723,150,482.712701,0.8922222222222221,0.7066666666666667,0.69,1.0,1.0,1.0
447.791649,150,484.192248,0.8333333333333334,0.64,0.6611111111111111,1.0,1.0,1.0
421.83746,150,485.726823,0.6955555555555555,0.4666666666666667,0.5966666666666667,1.0,1.0,1.0
447.289427,150,487.239944,0.8244444444444444,0.6066666666666667,0.6777777777777777,0.9933333333333333,1.0,0.9933333333333333
455.178535,150,488.746131,0.9211111111111111,0.6266666666666667,0.6622222222222223,0.9933333333333333,1.0,0.9933333333333333
454.00608,150,490.255053,0.8922222222222221,0.6733333333333333,0.7011111111111111,1.0,1.0,1.0
443.487614,150,491.77232,0.8072222222222222,0.6266666666666667,0.6748888888888889,1.0,1.0,1.0
462.21571,150,493.293264,0.8622222222222221,0.7,0.741111111111111,1.0,1.0,1.0
461.568704,150,494.802118,0.8855555555555557,0.6666666666666666,0.701111111111111,1.0,1.0,1.0
454.738709,150,496.320983,0.8711111111111113,0.6333333333333333,0.68,1.0,1.0,1.0
449.411183,150,497.827641,0.8455555555555555,0.64,0.6366666666666666,1.0,1.0,1.0
452.483363,150,499.331472,0.8172222222222223,0.6066666666666667,0.6948888888888889,1.0,1.0,1.0
459.361167,150,500.80621,0.8688888888888887,0.68,0.7033333333333334,1.0,1.0,1.0
447.827044,150,502.280454,0.7772222222222221,0.5466666666666666,0.6515555555555556,1.0,1.0,1.0
446.729887,150,503.766231,0.8033333333333333,0.6066666666666667,0.63,1.0,1.0,1.0
462.937972,150,505.278269,0.8788888888888887,0.7,0.7522222222222222,1.0,1.0,1.0
467.475675,150,506.762081,0.8811111111111111,0.7333333333333333,0.7644444444444444,1.0,1.0,1.0
451.966302,150,508.266981,0.8144444444444444,0.6266666666666667,0.7244444444444443,1.0,1.0,1.0
461.280025,150,509.794612,0.8138888888888889,0.7866666666666666,0.806,1.0,1.0,1.0
467.701525,150,511.374678,0.8794444444444444,0.8,0.7737777777777778,1.0,1.0,1.0
466.403792,150,512.919273,0.8744444444444444,0.7066666666666667,0.7555555555555555,1.0,1.0,1.0
445.084396,150,514.418665,0.73,0.6333333333333333,0.7744444444444444,1.0,1.0,1.0
440.000524,150,515.920151,0.7988888888888889,0.6533333333333333,0.6744444444444444,1.0,1.0,1.0
455.470649,150,517.402509,0.8222222222222222,0.6533333333333333,0.7455555555555555,1.0,1.0,1.0
445.973395,150,518.86457,0.8083333333333333,0.5666666666666667,0.7048888888888889,1.0,1.0,1.0
465.102238,150,520.359885,0.8827777777777777,0.7333333333333333,0.7315555555555555,1.0,1.0,1.0
453.257929,150,521.811803,0.8966666666666666,0.62,0.6622222222222222,1.0,1.0,1.0
444.183681,150,523.305602,0.8066666666666666,0.62,0.6577777777777777,1.0,1.0,1.0
432.772338,150,524.800986,0.76,0.4533333333333333,0.6044444444444443,1.0,1.0,1.0
453.537763,150,526.258143,0.9,0.64,0.6844444444444444,1.0,1.0,1.0
455.904036,150,527.742305,0.85,0.7066666666666667,0.7288888888888888,1.0,1.0,1.0
455.119967,150,529.265646,0.8733333333333333,0.6733333333333333,0.6988888888888889,1.0,1.0,1.0
417.015098,150,530.795484,0.6755555555555556,0.42,0.6355555555555555,1.0,1.0,1.0
457.953139,150,532.344468,0.88,0.7066666666666667,0.7266666666666667,1.0,1.0,1.0
456.738262,150,533.864543,0.8883333333333333,0.6866666666666666,0.7104444444444444,1.0,1.0,1.0
438.357713,150,535.380678,0.7866666666666666,0.5333333333333333,0.6577777777777777,1.0,1.0,1.0
449.398074,150,536.94059,0.7833333333333333,0.6333333333333333,0.7888888888888889,1.0,1.0,1.0
456.182473,150,538.583471,0.8788888888888887,0.6733333333333333,0.7366666666666667,1.0,1.0,1.0
454.87752,150,540.140402,0.8588888888888888,0.68,0.6966666666666667,1.0,1.0,1.0
462.917293,150,541.678797,0.9166666666666666,0.7266666666666667,0.7377777777777778,1.0,1.0,1.0
456.685292,150,543.232461,0.9066666666666666,0.7266666666666667,0.6966666666666667,1.0,1.0,1.0
463.590428,150,544.705027,0.87,0.7533333333333333,0.8,1.0,1.0,1.0
453.719522,150,546.183294,0.8616666666666667,0.6933333333333334,0.756,1.0,1.0,1.0
457.605596,150,547.715535,0.8655555555555556,0.7,0.6877777777777777,1.0,1.0,1.0
451.54633,150,549.191734,0.8177777777777777,0.62,0.7088888888888889,1.0,1.0,1.0
468.598025,150,550.767734,0.922222222222222,0.74,0.7433333333333333,1.0,1.0,1.0
474.018139,150,552.341612,0.9322222222222221,0.76,0.7811111111111111,1.0,1.0,1.0
471.36503,150,553.902437,0.91,0.78,0.7866666666666666,1.0,1.0,1.0
463.856929,150,555.46323,0.9177777777777777,0.7866666666666666,0.7977777777777777,1.0,1.0,1.0
467.709096,150,557.002195,0.8988888888888887,0.74,0.75,1.0,1.0,1.0
459.749121,150,558.561767,0.8302222222222222,0.76,0.6973333333333334,1.0,1.0,1.0
467.55877,150,560.144587,0.9022222222222223,0.7933333333333333,0.7833333333333333,1.0,1.0,1.0
458.871361,150,561.719233,0.84,0.7866666666666666,0.78,1.0,1.0,1.0
452.332803,150,563.263397,0.8444444444444443,0.6533333333333333,0.7155555555555555,1.0,1.0,1.0
465.100687,150,564.848629,0.8983333333333333,0.82,0.8071111111111111,1.0,1.0,1.0
460.26106,150,566.399052,0.861111111111111,0.78,0.7755555555555557,1.0,1.0,1.0
455.926664,150,567.979345,0.8622222222222221,0.7533333333333333,0.7277777777777777,1.0,1.0,1.0
444.999278,150,569.525024,0.855,0.6333333333333333,0.6126666666666667,1.0,1.0,1.0
451.388984,150,571.103031,0.8933333333333333,0.5533333333333333,0.5922222222222223,1.0,1.0,1.0
473.739346,150,572.663606,0.9233333333333333,0.7333333333333333,0.7599999999999999,1.0,1.0,1.0
468.03731,150,574.217605,0.9022222222222223,0.7333333333333333,0.7344444444444443,1.0,1.0,1.0
459.912298,150,575.771174,0.8955555555555557,0.6466666666666666,0.6766666666666666,1.0,1.0,1.0
467.153899,150,577.281603,0.8955555555555554,0.7,0.741111111111111,1.0,1.0,1.0
472.550255,150,578.79119,0.9166666666666666,0.72,0.731111111111111,1.0,1.0,1.0
454.93458,150,580.347699,0.8255555555555554,0.74,0.711111111111111,1.0,1.0,1.0
458.560277,150,581.913611,0.85,0.66,0.6933333333333334,1.0,1.0,1.0
458.278226,150,583.613774,0.8533333333333334,0.64,0.731111111111111,1.0,1.0,1.0
473.351512,150,585.164088,0.8944444444444444,0.82,0.7822222222222222,1.0,1.0,1.0
471.971725,150,586.708809,0.9233333333333333,0.78,0.7622222222222222,1.0,1.0,1.0
462.39272,150,588.205633,0.8883333333333333,0.6733333333333333,0.7315555555555556,1.0,1.0,1.0
467.884877,150,589.722068,0.9366666666666666,0.7133333333333334,0.7155555555555555,1.0,1.0,1.0
472.892541,150,591.224056,0.95,0.7466666666666667,0.7466666666666667,1.0,1.0,1.0
470.887098,150,592.730357,0.9055555555555554,0.7466666666666667,0.7611111111111112,1.0,1.0,1.0
464.353719,150,594.249693,0.8711111111111111,0.72,0.7444444444444444,1.0,1.0,1.0
474.083341,150,595.811358,0.9422222222222221,0.7266666666666667,0.7088888888888889,1.0,1.0,1.0
460.659937,150,597.305835,0.93,0.6533333333333333,0.6622222222222222,1.0,1.0,1.0
464.06304,150,598.791714,0.9288888888888888,0.6,0.6411111111111111,1.0,1.0,1.0
461.894283,150,600.286045,0.9133333333333333,0.66,0.7022222222222222,1.0,1.0,1.0
450.532119,150,601.792737,0.87,0.5466666666666666,0.6266666666666667,1.0,1.0,1.0
462.299788,150,603.285062,0.9033333333333333,0.6333333333333333,0.668888888888889,1.0,1.0,1.0
467.540852,150,604.790853,0.9011111111111112,0.74,0.7622222222222222,1.0,1.0,1.0
464.197705,150,606.248234,0.9533333333333334,0.6466666666666666,0.6488888888888888,1.0,1.0,1.0
472.242246,150,607.73634,0.9066666666666666,0.74,0.7999999999999999,1.0,1.0,1.0
457.604608,150,609.217462,0.84,0.6333333333333333,0.6933333333333334,1.0,1.0,1.0
473.426709,150,610.728464,0.9383333333333334,0.7733333333333333,0.776,1.0,1.0,1.0
469.305696,150,612.217505,0.8955555555555557,0.72,0.7722222222222221,1.0,1.0,1.0
469.27885,150,613.718346,0.9133333333333333,0.7066666666666667,0.76,1.0,1.0,1.0
469.029503,150,615.225152,0.8888888888888887,0.7733333333333333,0.7877777777777777,1.0,1.0,1.0
469.810851,150,616.686867,0.9333333333333333,0.74,0.74,1.0,1.0,1.0
473.36556,150,618.183791,0.912222222222222,0.7333333333333333,0.7522222222222221,1.0,1.0,1.0
466.500825,150,619.67229,0.9083333333333333,0.72,0.7026666666666667,1.0,1.0,1.0
462.787262,150,621.175532,0.8766666666666667,0.66,0.7333333333333333,1.0,1.0,1.0
465.356553,150,622.700959,0.88,0.7333333333333333,0.7866666666666666,1.0,1.0,1.0
441.734115,150,624.198699,0.7933333333333333,0.46,0.611111111111111,1.0,1.0,1.0
469.110836,150,625.717286,0.9133333333333333,0.74,0.7366666666666667,1.0,1.0,1.0
460.222195,150,627.224958,0.8788888888888887,0.6866666666666666,0.7055555555555555,1.0,1.0,1.0
459.670769,150,628.723932,0.85,0.7133333333333334,0.78,1.0,1.0,1.0
465.294867,150,630.211249,0.8755555555555556,0.7266666666666667,0.7877777777777777,1.0,1.0,1.0
440.580193,150,631.710117,0.7683333333333333,0.56,0.7160000000000001,1.0,1.0,1.0
477.83917,150,633.234254,0.931111111111111,0.8066666666666666,0.8044444444444444,1.0,1.0,1.0
463.8622,150,634.742974,0.8855555555555554,0.72,0.7766666666666666,1.0,1.0,1.0
464.021286,150,636.232783,0.8472222222222222,0.7066666666666667,0.7704444444444444,1.0,1.0,1.0
466.233822,150,637.732587,0.8488888888888888,0.78,0.8122222222222222,1.0,1.0,1.0
456.328566,150,639.273757,0.7822222222222222,0.7333333333333333,0.7877777777777778,1.0,1.0,1.0
473.700192,150,640.783595,0.9111111111111112,0.7733333333333333,0.8022222222222223,1.0,1.0,1.0
450.013516,150,642.291468,0.7683333333333333,0.6866666666666666,0.8093333333333333,1.0,1.0,1.0
454.145674,150,643.804015,0.83,0.6933333333333334,0.7122222222222223,1.0,1.0,1.0
474.248132,150,645.293439,0.9111111111111112,0.8,0.7733333333333334,1.0,1.0,1.0
479.774869,150,646.774693,0.9266666666666666,0.8133333333333334,0.831111111111111,1.0,1.0,1.0
466.90646,150,648.277479,0.8988888888888887,0.7333333333333333,0.7544444444444444,1.0,1.0,1.0
462.117744,150,649.752592,0.8955555555555554,0.7133333333333334,0.721111111111111,1.0,1.0,1.0
468.544004,150,651.235288,0.8444444444444443,0.7466666666666667,0.7755555555555556,1.0,1.0,1.0
455.275429,150,652.722449,0.808888888888889,0.6466666666666666,0.7411111111111112,1.0,1.0,1.0
453.087157,150,654.220916,0.8666666666666667,0.5866666666666667,0.6866666666666666,1.0,1.0,1.0
449.475398,150,655.731942,0.8177777777777777,0.66,0.681111111111111,1.0,1.0,1.0
472.218201,150,657.239774,0.9155555555555555,0.7333333333333333,0.7766666666666666,1.0,1.0,1.0
475.723016,150,658.762358,0.93,0.7733333333333333,0.7933333333333333,1.0,1.0,1.0
477.946672,150,660.293161,0.9133333333333333,0.7866666666666666,0.84,1.0,1.0,1.0
464.89077,150,661.82116,0.87,0.7066666666666667,0.7533333333333332,1.0,1.0,1.0
471.875939,150,663.343698,0.9233333333333333,0.7266666666666667,0.731111111111111,1.0,1.0,1.0
461.11085,150,664.89597,0.9077777777777779,0.7466666666666667,0.7622222222222222,1.0,1.0,1.0
469.761742,150,666.464556,0.9,0.7666666666666667,0.7555555555555555,1.0,1.0,1.0
469.754563,150,667.990354,0.8827777777777777,0.8133333333333334,0.7782222222222221,1.0,1.0,1.0
476.272302,150,669.462103,0.912222222222222,0.8066666666666666,0.8144444444444444,1.0,1.0,1.0
462.441233,150,670.939017,0.8755555555555554,0.6466666666666666,0.7077777777777777,1.0,1.0,1.0
467.330202,150,672.400666,0.9066666666666666,0.7466666666666667,0.7611111111111111,1.0,1.0,1.0
467.936733,150,673.888265,0.8666666666666667,0.7466666666666667,0.8122222222222222,1.0,1.0,1.0
468.00328,150,675.36676,0.8577777777777779,0.7866666666666666,0.8133333333333334,1.0,1.0,1.0
466.330414,150,676.82592,0.8644444444444443,0.8133333333333334,0.811111111111111,1.0,1.0,1.0
455.227648,150,678.292574,0.85,0.68,0.7233333333333334,1.0,1.0,1.0
475.428515,150,679.744077,0.9155555555555555,0.8266666666666667,0.8255555555555555,1.0,1.0,1.0
475.000534,150,681.185863,0.9144444444444444,0.8466666666666667,0.821111111111111,1.0,1.0,1.0
474.46424,150,682.649438,0.9022222222222223,0.8133333333333334,0.8255555555555555,1.0,1.0,1.0
457.221113,150,684.089154,0.81,0.6933333333333334,0.7544444444444444,1.0,1.0,1.0
471.451395,150,685.543472,0.9333333333333333,0.74,0.7622222222222221,1.0,1.0,1.0
463.675654,150,686.985737,0.8866666666666667,0.7066666666666667,0.7633333333333332,1.0,1.0,1.0
453.616182,150,688.432475,0.8566666666666667,0.6333333333333333,0.6933333333333334,1.0,1.0,1.0
457.571471,150,689.888029,0.8588888888888888,0.6466666666666666,0.6966666666666667,1.0,1.0,1.0
454.633602,150,691.33553,0.841111111111111,0.6866666666666666,0.7022222222222223,1.0,1.0,1.0
465.376501,150,692.782397,0.9,0.68,0.7466666666666667,1.0,1.0,1.0
467.143205,150,694.239472,0.9205555555555555,0.7,0.7237777777777777,1.0,1.0,1.0
457.493442,150,695.697154,0.9,0.6466666666666666,0.6688888888888889,1.0,1.0,1.0
456.368955,150,697.143891,0.8666666666666667,0.7,0.6888888888888889,1.0,1.0,1.0
466.794168,150,698.579653,0.9233333333333333,0.72,0.7466666666666667,1.0,1.0,1.0
471.897042,150,700.080015,0.912222222222222,0.78,0.7988888888888889,1.0,1.0,1.0
478.165997,150,701.622431,0.9233333333333333,0.82,0.8355555555555555,1.0,1.0,1.0
472.222305,150,703.130282,0.9166666666666666,0.7133333333333334,0.7688888888888888,1.0,1.0,1.0
462.101956,150,704.641748,0.84,0.6733333333333333,0.7888888888888889,1.0,1.0,1.0
467.28443,150,706.135115,0.8955555555555554,0.7066666666666667,0.7588888888888888,1.0,1.0,1.0
480.067901,150,707.655269,0.9088888888888887,0.86,0.8766666666666667,1.0,1.0,1.0
475.102636,150,709.173723,0.888888888888889,0.8333333333333334,0.8144444444444444,1.0,1.0,1.0
471.846296,150,710.699754,0.9033333333333333,0.78,0.7933333333333333,0.9933333333333333,1.0,0.9933333333333333
460.352607,150,712.208785,0.875,0.66,0.676,1.0,1.0,1.0
472.160496,150,713.725924,0.8966666666666666,0.78,0.7888888888888889,1.0,1.0,1.0
459.760363,150,715.235948,0.8555555555555554,0.6733333333333333,0.7655555555555555,1.0,1.0,1.0
475.979417,150,716.768134,0.92,0.7866666666666666,0.8222222222222222,1.0,1.0,1.0
462.098043,150,718.256227,0.9,0.6533333333333333,0.6755555555555556,1.0,1.0,1.0
463.786589,150,719.766402,0.87,0.7466666666666667,0.8155555555555556,0.9933333333333333,1.0,0.9933333333333333
471.779344,150,721.292856,0.8966666666666666,0.8266666666666667,0.8355555555555555,1.0,1.0,1.0
463.299309,150,722.805682,0.8933333333333333,0.6733333333333333,0.7466666666666667,1.0,1.0,1.0
469.38041,150,724.31782,0.8966666666666666,0.7466666666666667,0.7888888888888889,1.0,1.0,1.0
477.927095,150,725.812276,0.9433333333333334,0.84,0.8466666666666667,1.0,1.0,1.0
459.042152,150,727.303099,0.8399999999999999,0.7866666666666666,0.79,1.0,1.0,1.0
462.34476,150,728.807002,0.8555555555555556,0.7,0.792222222222222,1.0,1.0,1.0
468.336966,150,730.301818,0.8966666666666666,0.8066666666666666,0.7922222222222222,1.0,1.0,1.0
467.020089,150,731.816126,0.8866666666666667,0.78,0.8044444444444444,1.0,1.0,1.0
473.516607,150,733.331956,0.8968888888888888,0.7666666666666667,0.8077777777777778,1.0,1.0,1.0
461.662504,150,734.835081,0.8488888888888888,0.7133333333333334,0.8122222222222222,1.0,1.0,1.0
478.876267,150,736.35257,0.93,0.7933333333333333,0.7911111111111111,1.0,1.0,1.0
468.875907,150,737.843897,0.9366666666666666,0.76,0.74,1.0,1.0,1.0
470.465365,150,739.366236,0.9033333333333333,0.7933333333333333,0.8511111111111112,1.0,1.0,1.0
468.690265,150,740.92036,0.9133333333333333,0.7533333333333333,0.7844444444444444,1.0,1.0,1.0
463.608449,150,742.404373,0.88,0.7266666666666667,0.78,1.0,1.0,1.0
467.704962,150,743.905027,0.8866666666666667,0.8266666666666667,0.8288888888888888,1.0,1.0,1.0
477.713427,150,745.417611,0.948888888888889,0.8466666666666667,0.8344444444444444,1.0,1.0,1.0
471.136367,150,746.930886,0.95,0.78,0.78,0.9866666666666667,1.0,0.9866666666666667
482.428739,150,748.400274,0.9388888888888888,0.9066666666666666,0.8877777777777779,0.9933333333333333,1.0,0.9933333333333333
472.665158,150,749.878386,0.8966666666666666,0.84,0.8266666666666667,1.0,1.0,1.0
468.491294,150,751.367788,0.8466666666666667,0.7266666666666667,0.8022222222222222,1.0,1.0,1.0
480.515184,150,752.891179,0.922222222222222,0.86,0.8622222222222221,1.0,1.0,1.0
473.659108,150,754.405165,0.9133333333333333,0.7666666666666667,0.7644444444444445,1.0,1.0,1.0
477.218146,150,755.882881,0.9266666666666666,0.8333333333333334,0.84,1.0,1.0,1.0
443.981549,150,757.353087,0.8377777777777778,0.54,0.6644444444444444,0.9933333333333333,1.0,0.9933333333333333
464.984618,150,758.838727,0.9055555555555554,0.7,0.7477777777777778,1.0,1.0,1.0
460.077712,150,760.304507,0.8522222222222222,0.7266666666666667,0.7277777777777779,1.0,1.0,1.0
467.034516,150,761.82118,0.89,0.7266666666666667,0.7644444444444444,1.0,1.0,1.0
473.783237,150,763.292397,0.9644444444444445,0.7266666666666667,0.7355555555555555,1.0,1.0,1.0
474.887645,150,764.789467,0.9466666666666667,0.74,0.76,1.0,1.0,1.0
476.507222,150,766.296949,0.9566666666666667,0.74,0.7666666666666667,1.0,1.0,1.0
455.632326,150,767.782606,0.8238888888888889,0.66,0.7304444444444445,1.0,1.0,1.0
476.489583,150,769.255309,0.9066666666666666,0.8066666666666666,0.8555555555555554,1.0,1.0,1.0
464.268773,150,770.74869,0.8966666666666666,0.7533333333333333,0.7955555555555556,1.0,1.0,1.0
477.660349,150,772.245528,0.9222222222222223,0.8333333333333334,0.8144444444444444,1.0,1.0,1.0
467.496999,150,773.76974,0.8866666666666667,0.7466666666666667,0.8044444444444445,1.0,1.0,1.0
478.379951,150,775.262951,0.9233333333333333,0.82,0.8244444444444444,1.0,1.0,1.0
477.632955,150,776.788876,0.9433333333333334,0.7933333333333333,0.8111111111111111,1.0,1.0,1.0
462.765229,150,778.291773,0.85,0.7066666666666667,0.7177777777777777,1.0,1.0,1.0
467.158637,150,779.807026,0.9166666666666666,0.74,0.7622222222222222,1.0,1.0,1.0
464.097279,150,781.324875,0.8922222222222221,0.74,0.7455555555555555,1.0,1.0,1.0
472.113771,150,782.812323,0.9355555555555555,0.72,0.7322222222222223,1.0,1.0,1.0
455.75363,150,784.330556,0.86,0.66,0.7333333333333333,1.0,1.0,1.0
466.734096,150,785.836234,0.9044444444444446,0.74,0.7533333333333333,1.0,1.0,1.0
462.933258,150,787.367959,0.8966666666666666,0.6866666666666666,0.7288888888888888,1.0,1.0,1.0
469.091576,150,788.876196,0.8833333333333333,0.7466666666666667,0.7911111111111111,1.0,1.0,1.0
469.221102,150,790.368812,0.9033333333333333,0.7466666666666667,0.7933333333333333,1.0,1.0,1.0
460.871028,150,791.860579,0.8977777777777777,0.6933333333333334,0.7133333333333334,1.0,1.0,1.0
464.0182,150,793.371713,0.8944444444444446,0.7133333333333334,0.72,1.0,1.0,1.0
467.532893,150,794.872967,0.9111111111111112,0.7333333333333333,0.7511111111111111,1.0,1.0,1.0
464.031407,150,796.334121,0.9133333333333333,0.6533333333333333,0.7066666666666667,1.0,1.0,1.0
479.915037,150,797.803432,0.9566666666666667,0.8066666666666666,0.8222222222222221,1.0,1.0,1.0
479.944493,150,799.291436,0.9355555555555555,0.8066666666666666,0.7966666666666665,1.0,1.0,1.0
471.600293,150,800.764986,0.9166666666666666,0.7333333333333333,0.8,1.0,1.0,1.0
470.417412,150,802.247542,0.9066666666666666,0.82,0.7911111111111111,1.0,1.0,1.0
465.974112,150,803.724481,0.8955555555555554,0.7466666666666667,0.7655555555555555,1.0,1.0,1.0
471.950573,150,805.21059,0.9133333333333333,0.74,0.7933333333333333,0.9933333333333333,1.0,0.9933333333333333
472.232758,150,806.678365,0.9233333333333333,0.7866666666666666,0.7911111111111111,0.9933333333333333,1.0,0.9933333333333333
482.005868,150,808.179992,0.9666666666666667,0.7666666666666667,0.7666666666666667,1.0,1.0,1.0
475.475764,150,809.703318,0.94,0.7666666666666667,0.7822222222222222,1.0,1.0,1.0
469.790753,150,811.223531,0.9355555555555556,0.7266666666666667,0.75,1.0,1.0,1.0
483.762144,150,812.735646,0.9566666666666667,0.8266666666666667,0.8422222222222223,1.0,1.0,1.0
472.826936,150,814.229133,0.9388888888888888,0.7733333333333333,0.7988888888888889,1.0,1.0,1.0
465.552691,150,815.69521,0.8688888888888887,0.7666666666666667,0.778888888888889,1.0,1.0,1.0
474.815854,150,817.2165,0.9177777777777777,0.8066666666666666,0.8066666666666665,1.0,1.0,1.0
480.818755,150,818.719794,0.9633333333333334,0.8333333333333334,0.8311111111111111,0.9933333333333333,1.0,0.9933333333333333
475.722286,150,820.244489,0.9366666666666666,0.82,0.811111111111111,1.0,1.0,1.0
473.607308,150,821.743392,0.9044444444444444,0.7866666666666666,0.8222222222222223,1.0,1.0,1.0
472.771833,150,823.247578,0.9255555555555556,0.7466666666666667,0.7744444444444445,1.0,1.0,1.0
478.870849,150,824.753164,0.9322222222222221,0.7933333333333333,0.8144444444444445,1.0,1.0,1.0
472.120006,150,826.258124,0.8955555555555554,0.8133333333333334,0.821111111111111,1.0,1.0,1.0
468.513462,150,827.775159,0.9266666666666666,0.7733333333333333,0.7577777777777778,1.0,1.0,1.0
464.063797,150,829.285424,0.8688888888888889,0.8,0.8122222222222223,1.0,1.0,1.0
457.560484,150,830.817893,0.84,0.7333333333333333,0.7933333333333333,1.0,1.0,1.0
464.392302,150,832.326872,0.8535555555555555,0.7933333333333333,0.7822222222222222,1.0,1.0,1.0
471.398691,150,833.846108,0.8944444444444444,0.7933333333333333,0.8222222222222222,1.0,1.0,1.0
465.902384,150,835.345105,0.8833333333333333,0.76,0.7599999999999999,1.0,1.0,1.0
483.213172,150,836.852631,0.9555555555555554,0.8666666666666667,0.8366666666666667,1.0,1.0,1.0
467.865029,150,838.358079,0.8888888888888887,0.8,0.7922222222222222,1.0,1.0,1.0
473.254899,150,839.840227,0.9,0.7733333333333333,0.7833333333333333,1.0,1.0,1.0
478.36983,150,841.326756,0.9355555555555555,0.8466666666666667,0.8255555555555556,1.0,1.0,1.0
465.350049,150,842.817356,0.9077777777777777,0.7733333333333333,0.811111111111111,1.0,1.0,1.0
460.883587,150,844.33271,0.9255555555555556,0.7333333333333333,0.7388888888888888,1.0,1.0,1.0
473.116437,150,845.85664,0.93,0.7933333333333333,0.8022222222222222,1.0,1.0,1.0
469.747272,150,847.377337,0.91,0.84,0.8355555555555556,1.0,1.0,1.0
460.035963,150,848.876913,0.89,0.74,0.7544444444444444,1.0,1.0,1.0
452.207699,150,850.394186,0.8583333333333333,0.68,0.7626666666666667,1.0,1.0,1.0
473.936929,150,851.864223,0.9466666666666667,0.76,0.7688888888888888,1.0,1.0,1.0
469.051678,150,853.346147,0.8866666666666667,0.8,0.8133333333333334,1.0,1.0,1.0
462.814849,150,854.853078,0.8633333333333333,0.7333333333333333,0.7977777777777777,0.9933333333333333,1.0,0.9933333333333333
484.540194,150,856.342268,0.9533333333333334,0.84,0.831111111111111,1.0,1.0,1.0
481.581237,150,857.834129,0.9466666666666667,0.7933333333333333,0.8244444444444444,1.0,1.0,1.0
480.610458,150,859.298556,0.9622222222222221,0.8,0.7855555555555557,1.0,1.0,1.0
472.109293,150,860.793639,0.9566666666666667,0.6866666666666666,0.7244444444444443,1.0,1.0,1.0
474.967235,150,862.287474,0.89,0.7866666666666666,0.7911111111111111,1.0,1.0,1.0
468.828302,150,863.80094,0.8933333333333333,0.6733333333333333,0.7355555555555555,1.0,1.0,1.0
478.474277,150,865.274074,0.9666666666666667,0.7866666666666666,0.7977777777777778,1.0,1.0,1.0
457.089442,150,866.783337,0.811111111111111,0.7,0.7955555555555555,1.0,1.0,1.0
478.642374,150,868.280597,0.9166666666666666,0.82,0.8533333333333334,0.9933333333333333,1.0,0.9933333333333333
477.082625,150,869.77978,0.93,0.8133333333333334,0.8222222222222223,0.9933333333333333,1.0,0.9933333333333333
465.105543,150,871.242612,0.88,0.6866666666666666,0.7955555555555556,1.0,1.0,1.0
469.166736,150,872.735949,0.8733333333333333,0.7866666666666666,0.8466666666666667,1.0,1.0,1.0
461.328856,150,874.231806,0.8422222222222223,0.7133333333333334,0.8188888888888889,1.0,1.0,1.0
459.975835,150,875.716186,0.8433333333333334,0.6866666666666666,0.7822222222222222,0.9866666666666667,1.0,0.9866666666666667
476.57402,150,877.214202,0.9266666666666666,0.8,0.8288888888888889,1.0,1.0,1.0
484.212291,150,878.697514,0.925,0.8733333333333333,0.8782222222222223,1.0,1.0,1.0
472.068445,150,880.173328,0.8522222222222222,0.8333333333333334,0.8233333333333333,1.0,1.0,1.0
476.103116,150,881.651309,0.9022222222222221,0.7466666666666667,0.8033333333333333,1.0,1.0,1.0
471.940227,150,883.114553,0.888888888888889,0.7666666666666667,0.8144444444444444,1.0,1.0,1.0
477.02479,150,884.597748,0.9122222222222223,0.8066666666666666,0.8477777777777777,1.0,1.0,1.0
487.899849,150,886.089042,0.9533333333333334,0.8733333333333333,0.8755555555555554,1.0,1.0,1.0
478.011272,150,887.557415,0.9133333333333333,0.8533333333333334,0.84,1.0,1.0,1.0
477.409811,150,889.016553,0.9322222222222223,0.82,0.841111111111111,1.0,1.0,1.0
457.693034,150,890.507004,0.8366666666666667,0.6733333333333333,0.7533333333333333,1.0,1.0,1.0
481.981272,150,891.9816,0.9455555555555555,0.8533333333333334,0.8388888888888889,1.0,1.0,1.0
461.525958,150,893.472214,0.8988888888888887,0.7533333333333333,0.7522222222222221,1.0,1.0,1.0
466.660327,150,894.939342,0.8733333333333333,0.78,0.8066666666666665,1.0,1.0,1.0
466.807338,150,896.450483,0.8888888888888887,0.7266666666666667,0.7522222222222222,1.0,1.0,1.0
481.377803,150,897.956102,0.95,0.8533333333333334,0.8533333333333334,1.0,1.0,1.0
481.103681,150,899.452362,0.95,0.82,0.82,1.0,1.0,1.0
475.067786,150,900.934131,0.9366666666666666,0.76,0.7733333333333333,1.0,1.0,1.0
468.411199,150,902.423994,0.8911111111111111,0.7666666666666667,0.76,1.0,1.0,1.0
464.483772,150,903.907766,0.9055555555555554,0.7066666666666667,0.721111111111111,1.0,1.0,1.0
468.855325,150,905.415021,0.9011111111111111,0.74,0.7511111111111111,1.0,1.0,1.0
473.327114,150,906.899195,0.935,0.7333333333333333,0.7559999999999999,1.0,1.0,1.0
471.499175,150,908.393153,0.8955555555555554,0.8,0.8188888888888888,1.0,1.0,1.0
462.362319,150,909.883512,0.8716666666666667,0.66,0.7293333333333333,1.0,1.0,1.0
467.04132,150,911.350766,0.8688888888888889,0.7133333333333334,0.7922222222222222,1.0,1.0,1.0
473.290878,150,912.829262,0.8877777777777779,0.7866666666666666,0.8333333333333334,1.0,1.0,1.0
462.870203,150,914.346555,0.8733333333333333,0.7466666666666667,0.7844444444444446,1.0,1.0,1.0
468.430213,150,915.815781,0.9133333333333333,0.7333333333333333,0.7977777777777777,1.0,1.0,1.0
476.397982,150,917.297588,0.9166666666666666,0.8333333333333334,0.8444444444444443,1.0,1.0,1.0
475.178395,150,918.791978,0.9355555555555555,0.82,0.8211111111111111,1.0,1.0,1.0
465.123905,150,920.264136,0.8966666666666666,0.7533333333333333,0.7844444444444445,1.0,1.0,1.0
466.045815,150,921.793873,0.9566666666666667,0.7533333333333333,0.7466666666666666,1.0,1.0,1.0
467.19365,150,923.27657,0.9133333333333333,0.7933333333333333,0.7911111111111111,1.0,1.0,1.0
463.169374,150,924.761665,0.9011111111111112,0.7333333333333333,0.7555555555555554,1.0,1.0,1.0
462.527845,150,926.254933,0.9088888888888887,0.7,0.7166666666666667,1.0,1.0,1.0
477.24472,150,927.730894,0.9466666666666667,0.8133333333333334,0.8333333333333334,1.0,1.0,1.0
471.2741,150,929.202823,0.9266666666666666,0.8,0.8177777777777778,1.0,1.0,1.0
466.249298,150,930.673081,0.8766666666666667,0.7533333333333333,0.76,1.0,1.0,1.0
470.742293,150,932.141155,0.89,0.76,0.8088888888888889,1.0,1.0,1.0
482.989477,150,933.629367,0.9488888888888888,0.8733333333333333,0.8722222222222222,1.0,1.0,1.0
480.686905,150,935.109122,0.97,0.82,0.8333333333333334,1.0,1.0,1.0
476.048102,150,936.592243,0.93,0.8133333333333334,0.8333333333333334,1.0,1.0,1.0
475.300969,150,938.074016,0.95,0.8133333333333334,0.8244444444444445,1.0,1.0,1.0
476.569624,150,939.552674,0.9266666666666666,0.8333333333333334,0.851111111111111,0.9933333333333333,1.0,0.9933333333333333
475.060156,150,941.022264,0.95,0.82,0.8422222222222222,1.0,1.0,1.0
478.863113,150,942.492589,0.9555555555555554,0.84,0.8322222222222222,1.0,1.0,1.0
473.79986,150,944.005997,0.9133333333333333,0.82,0.851111111111111,1.0,1.0,1.0
463.825402,150,945.523718,0.8666666666666667,0.7466666666666667,0.8244444444444444,1.0,1.0,1.0
470.025992,150,947.043214,0.91,0.74,0.7911111111111111,1.0,1.0,1.0
475.704099,150,948.553467,0.9533333333333334,0.7666666666666667,0.7911111111111111,1.0,1.0,1.0
466.583376,150,950.023256,0.9455555555555555,0.7533333333333333,0.7388888888888889,1.0,1.0,1.0
459.351032,150,951.533762,0.8744444444444444,0.72,0.7688888888888888,1.0,1.0,1.0
457.467054,150,953.00716,0.8555555555555554,0.7,0.8033333333333333,1.0,1.0,1.0
473.354515,150,954.504352,0.9466666666666667,0.7866666666666666,0.8066666666666666,1.0,1.0,1.0
477.542365,150,955.972748,0.9366666666666666,0.8666666666666667,0.8455555555555555,1.0,1.0,1.0
472.041982,150,957.449402,0.8755555555555554,0.7933333333333333,0.82,1.0,1.0,1.0
482.793954,150,958.946697,0.9266666666666666,0.8266666666666667,0.8777777777777778,1.0,1.0,1.0
460.216241,150,960.444717,0.8177777777777777,0.7666666666666667,0.8099999999999999,1.0,1.0,1.0
474.120811,150,961.928863,0.9088888888888887,0.7666666666666667,0.8277777777777777,1.0,1.0,1.0
472.707034,150,963.45175,0.8933333333333333,0.7866666666666666,0.8488888888888888,1.0,1.0,1.0
479.798429,150,964.926389,0.9233333333333333,0.8,0.86,1.0,1.0,1.0
460.327811,150,966.411661,0.88,0.74,0.7588888888888887,1.0,1.0,1.0
477.87061,150,967.887213,0.93,0.84,0.837777777777778,1.0,1.0,1.0
478.467161,150,969.39064,0.9288888888888888,0.8,0.8188888888888889,1.0,1.0,1.0
458.189927,150,970.892954,0.89,0.64,0.711111111111111,1.0,1.0,1.0
472.24849,150,972.390337,0.9333333333333333,0.72,0.7533333333333333,1.0,1.0,1.0
477.324768,150,973.875233,0.9216666666666666,0.8666666666666667,0.8348888888888888,1.0,1.0,1.0
490.303578,150,975.350949,0.9722222222222221,0.8733333333333333,0.8766666666666667,1.0,1.0,1.0
478.982753,150,976.846081,0.9322222222222221,0.82,0.8522222222222223,0.9933333333333333,1.0,0.9933333333333333
483.901843,150,978.316935,0.9455555555555555,0.8933333333333333,0.8677777777777778,0.9933333333333333,1.0,0.9933333333333333
467.322165,150,979.818171,0.9155555555555555,0.7133333333333334,0.7677777777777777,1.0,1.0,1.0
481.821463,150,981.288502,0.9388888888888888,0.86,0.8855555555555554,1.0,1.0,1.0
486.099198,150,982.753843,0.9255555555555555,0.9066666666666666,0.8788888888888887,1.0,1.0,1.0
476.75143,150,984.216252,0.9433333333333334,0.8133333333333334,0.808888888888889,1.0,1.0,1.0
466.81222,150,985.710307,0.8288888888888889,0.78,0.8433333333333334,1.0,1.0,1.0
480.019152,150,987.192371,0.9044444444444444,0.8266666666666667,0.8622222222222221,1.0,1.0,1.0
470.891119,150,988.67333,0.8777777777777778,0.7933333333333333,0.8333333333333334,1.0,1.0,1.0
474.191791,150,990.162143,0.9055555555555554,0.8133333333333334,0.8277777777777777,0.9933333333333333,1.0,0.9933333333333333
473.60709,150,991.648709,0.8888888888888887,0.7933333333333333,0.818888888888889,1.0,1.0,1.0
479.214582,150,993.149758,0.9455555555555556,0.8333333333333334,0.83,1.0,1.0,1.0
478.334985,150,994.611401,0.9166666666666666,0.86,0.8488888888888888,1.0,1.0,1.0
474.63639,150,996.074663,0.8979999999999999,0.7866666666666666,0.8288888888888889,1.0,1.0,1.0
472.575113,150,997.564619,0.8766666666666667,0.8533333333333334,0.8377777777777777,1.0,1.0,1.0
481.079572,150,999.029893,0.9366666666666666,0.8466666666666667,0.8266666666666667,1.0,1.0,1.0
476.976707,150,1000.511641,0.8855555555555554,0.7866666666666666,0.821111111111111,1.0,1.0,1.0
489.127567,150,1002.031385,0.9672222222222221,0.8933333333333333,0.8815555555555556,1.0,1.0,1.0
487.806574,150,1003.524585,0.9779999999999999,0.88,0.8644444444444443,1.0,1.0,1.0
485.025586,150,1005.003261,0.96,0.84,0.8466666666666667,1.0,1.0,1.0
474.639683,150,1006.47159,0.91,0.8066666666666666,0.8466666666666667,1.0,1.0,1.0
486.564043,150,1007.955065,0.9855555555555554,0.8933333333333333,0.8944444444444444,1.0,1.0,1.0
485.480528,150,1009.46601,0.9522222222222221,0.8933333333333333,0.8611111111111113,1.0,1.0,1.0
466.950836,150,1010.9797,0.9333333333333333,0.7333333333333333,0.7666666666666667,1.0,1.0,1.0
473.569434,150,1012.568558,0.8833333333333333,0.8466666666666667,0.8466666666666667,1.0,1.0,1.0
445.591272,150,1014.070649,0.79,0.7733333333333333,0.8086666666666668,1.0,1.0,1.0
439.909153,150,1015.600564,0.8055555555555555,0.6666666666666666,0.7797777777777778,1.0,1.0,1.0
457.392711,150,1017.113141,0.8744444444444446,0.7266666666666667,0.7644444444444444,0.9933333333333333,1.0,0.9933333333333333
473.999405,150,1018.625643,0.9333333333333333,0.8333333333333334,0.8333333333333334,1.0,1.0,1.0
463.255085,150,1020.132683,0.8722222222222221,0.7733333333333333,0.7655555555555554,1.0,1.0,1.0
445.926988,150,1021.639733,0.7983333333333333,0.6666666666666666,0.6971111111111111,1.0,1.0,1.0
472.236164,150,1023.132246,0.96,0.76,0.7444444444444444,1.0,1.0,1.0
475.768595,150,1024.69058,0.9533333333333334,0.8133333333333334,0.8044444444444445,1.0,1.0,1.0
478.120906,150,1026.252983,0.9433333333333334,0.8266666666666667,0.811111111111111,1.0,1.0,1.0
468.125797,150,1027.815871,0.8888888888888887,0.7866666666666666,0.7566666666666667,1.0,1.0,1.0
466.381567,150,1029.322839,0.9022222222222223,0.74,0.7744444444444444,1.0,1.0,1.0
471.808357,150,1030.852715,0.9366666666666666,0.7266666666666667,0.74,1.0,1.0,1.0
477.868463,150,1032.577216,0.9333333333333333,0.78,0.8022222222222222,1.0,1.0,1.0
478.961399,150,1034.146743,0.9366666666666666,0.8,0.8022222222222222,1.0,1.0,1.0
473.836018,150,1035.641606,0.9277777777777779,0.76,0.7666666666666666,1.0,1.0,1.0
457.854978,150,1037.184105,0.8322222222222222,0.7733333333333333,0.7933333333333332,1.0,1.0,1.0
469.485203,150,1038.694952,0.9111111111111111,0.7933333333333333,0.8333333333333334,1.0,1.0,1.0
469.149157,150,1040.212235,0.9033333333333333,0.7533333333333333,0.8222222222222222,1.0,1.0,1.0
461.492991,150,1041.755797,0.8488888888888888,0.7,0.7877777777777777,0.9933333333333333,1.0,0.9933333333333333
478.949755,150,1043.30901,0.9,0.8266666666666667,0.86,0.9933333333333333,1.0,0.9933333333333333
472.496715,150,1044.942517,0.89,0.8066666666666666,0.8544444444444443,1.0,1.0,1.0
476.508866,150,1046.434998,0.92,0.8333333333333334,0.8688888888888887,0.9933333333333333,1.0,0.9933333333333333
486.055357,150,1047.933266,0.9433333333333334,0.8466666666666667,0.8866666666666667,1.0,1.0,1.0
473.881911,150,1049.475931,0.8866666666666667,0.7933333333333333,0.8733333333333333,0.9933333333333333,1.0,0.9933333333333333
490.616949,150,1050.969733,0.9722222222222221,0.9,0.8922222222222222,1.0,1.0,1.0
483.520038,150,1052.493417,0.95,0.8666666666666667,0.8555555555555554,1.0,1.0,1.0
475.931923,150,1054.071584,0.92,0.7866666666666666,0.8222222222222221,1.0,1.0,1.0
480.270693,150,1055.65183,0.938888888888889,0.86,0.8633333333333333,1.0,1.0,1.0
485.768949,150,1057.252086,0.9455555555555555,0.8333333333333334,0.8522222222222222,1.0,1.0,1.0
488.116208,150,1058.844199,0.96,0.8733333333333333,0.88,1.0,1.0,1.0
486.661416,150,1060.426337,0.9533333333333334,0.8733333333333333,0.8644444444444443,1.0,1.0,1.0
488.090607,150,1061.974532,0.9633333333333334,0.8733333333333333,0.8822222222222222,0.9933333333333333,1.0,0.9933333333333333
469.2319,150,1063.506819,0.8733333333333333,0.7,0.7488888888888888,1.0,1.0,1.0
483.650181,150,1065.052154,0.9833333333333333,0.7533333333333333,0.7533333333333333,1.0,1.0,1.0
480.102838,150,1066.582991,0.9422222222222221,0.8,0.7944444444444446,1.0,1.0,1.0
484.307872,150,1068.041947,0.96,0.8,0.8066666666666666,0.9933333333333333,1.0,0.9933333333333333
480.189722,150,1069.562769,0.948888888888889,0.7733333333333333,0.75,1.0,1.0,1.0
482.541562,150,1071.059097,0.9455555555555555,0.8266666666666667,0.801111111111111,1.0,1.0,1.0
478.424954,150,1072.646774,0.92,0.7933333333333333,0.84,1.0,1.0,1.0
467.928566,150,1074.150707,0.9033333333333333,0.72,0.7111111111111109,1.0,1.0,1.0
491.291056,150,1075.726845,0.96,0.92,0.9044444444444444,1.0,1.0,1.0
474.821352,150,1077.250734,0.9,0.7866666666666666,0.7744444444444444,0.9933333333333333,1.0,0.9933333333333333
463.692905,150,1078.806039,0.87,0.7066666666666667,0.7422222222222223,0.9933333333333333,1.0,0.9933333333333333
460.487682,150,1080.32022,0.8677777777777778,0.6933333333333334,0.6822222222222222,0.9933333333333333,1.0,0.9933333333333333
477.733565,150,1081.843984,0.96,0.8066666666666666,0.8022222222222223,1.0,1.0,1.0
483.23017,150,1083.349548,0.9433333333333334,0.8266666666666667,0.8333333333333334,1.0,1.0,1.0
464.863514,150,1084.93702,0.8833333333333333,0.7533333333333333,0.7977777777777779,1.0,1.0,1.0
480.755395,150,1086.456331,0.96,0.8266666666666667,0.7999999999999999,1.0,1.0,1.0
483.006033,150,1087.962568,0.9533333333333334,0.8666666666666667,0.8577777777777778,1.0,1.0,1.0
467.787792,150,1089.50791,0.9266666666666666,0.7266666666666667,0.7555555555555555,1.0,1.0,1.0
473.279051,150,1091.086499,0.9083333333333333,0.7933333333333333,0.8426666666666666,1.0,1.0,1.0
479.853425,150,1092.605052,0.95,0.8333333333333334,0.8222222222222221,1.0,1.0,1.0
480.659763,150,1094.095467,0.9488888888888888,0.84,0.8166666666666668,1.0,1.0,1.0
481.971752,150,1095.631834,0.9366666666666666,0.8466666666666667,0.8488888888888888,1.0,1.0,1.0
486.471982,150,1097.192686,0.9433333333333334,0.8733333333333333,0.8911111111111111,1.0,1.0,1.0
480.239823,150,1098.741936,0.9466666666666667,0.8466666666666667,0.8666666666666667,1.0,1.0,1.0
482.925333,150,1100.252945,0.9433333333333334,0.8533333333333334,0.86,1.0,1.0,1.0
478.200309,150,1101.766994,0.9066666666666666,0.8466666666666667,0.8511111111111112,1.0,1.0,1.0
480.354863,150,1103.265534,0.9188888888888888,0.8533333333333334,0.8322222222222222,1.0,1.0,1.0
484.809085,150,1104.790619,0.9522222222222223,0.8733333333333333,0.8633333333333333,1.0,1.0,1.0
479.177801,150,1106.398741,0.9044444444444446,0.8266666666666667,0.8622222222222221,1.0,1.0,1.0
487.394008,150,1107.925261,0.9555555555555556,0.86,0.8633333333333333,1.0,1.0,1.0
481.877752,150,1109.430984,0.95,0.82,0.8422222222222222,1.0,1.0,1.0
482.839166,150,1110.931449,0.94,0.8333333333333334,0.8488888888888888,1.0,1.0,1.0
484.862301,150,1112.439199,0.9633333333333334,0.8733333333333333,0.8822222222222221,1.0,1.0,1.0
475.583616,150,1113.983791,0.9266666666666666,0.8333333333333334,0.8288888888888889,1.0,1.0,1.0
487.191643,150,1115.47621,0.9633333333333334,0.8866666666666667,0.8733333333333333,1.0,1.0,1.0
480.924511,150,1116.998098,0.93,0.8466666666666667,0.8444444444444443,1.0,1.0,1.0
480.349597,150,1118.503522,0.95,0.8733333333333333,0.851111111111111,1.0,1.0,1.0
481.109794,150,1119.996294,0.9255555555555555,0.88,0.8744444444444444,1.0,1.0,1.0
467.051678,150,1121.489456,0.86,0.7133333333333334,0.7966666666666666,1.0,1.0,1.0
488.988657,150,1122.955933,0.96,0.8733333333333333,0.88,1.0,1.0,1.0
476.989767,150,1124.44521,0.9244444444444444,0.82,0.8466666666666668,1.0,1.0,1.0
483.766785,150,1125.945093,0.9322222222222221,0.88,0.8788888888888889,1.0,1.0,1.0
474.008571,150,1127.454672,0.8922222222222221,0.8533333333333334,0.87,1.0,1.0,1.0
485.565324,150,1128.938055,0.9288888888888888,0.8666666666666667,0.8966666666666666,1.0,1.0,1.0
476.339434,150,1130.412899,0.8966666666666666,0.84,0.86,1.0,1.0,1.0
483.084966,150,1131.90766,0.9466666666666667,0.8666666666666667,0.8755555555555556,1.0,1.0,1.0
472.978215,150,1133.390738,0.931111111111111,0.7933333333333333,0.8133333333333332,1.0,1.0,1.0
484.146213,150,1134.889946,0.96,0.8666666666666667,0.8733333333333333,1.0,1.0,1.0
469.071129,150,1136.357973,0.8822222222222221,0.8,0.798888888888889,0.9933333333333333,1.0,0.9933333333333333
486.878484,150,1137.859661,0.9566666666666667,0.86,0.8866666666666667,1.0,1.0,1.0
477.961748,150,1139.365083,0.8922222222222221,0.8133333333333334,0.8633333333333333,1.0,1.0,1.0
472.785516,150,1140.889637,0.8866666666666667,0.78,0.8488888888888888,1.0,1.0,1.0
466.254846,150,1142.408248,0.8833333333333333,0.7133333333333334,0.7688888888888888,1.0,1.0,1.0
480.288301,150,1143.924423,0.93,0.8133333333333334,0.8222222222222223,1.0,1.0,1.0
477.766484,150,1145.434917,0.9466666666666667,0.8,0.7866666666666666,1.0,1.0,1.0
472.201835,150,1146.939023,0.9211111111111112,0.72,0.7444444444444445,1.0,1.0,1.0
468.233666,150,1148.42523,0.9433333333333334,0.7466666666666667,0.7644444444444444,1.0,1.0,1.0
466.392542,150,1149.94661,0.9,0.7,0.7444444444444444,1.0,1.0,1.0
482.113609,150,1151.484632,0.9533333333333334,0.8066666666666666,0.8088888888888888,1.0,1.0,1.0
483.763699,150,1153.06603,0.9566666666666667,0.8133333333333334,0.8177777777777777,1.0,1.0,1.0
479.943054,150,1154.582331,0.9288888888888888,0.84,0.8588888888888888,1.0,1.0,1.0
484.864342,150,1156.089654,0.9455555555555555,0.9,0.8744444444444444,1.0,1.0,1.0
463.143637,150,1157.587481,0.8555555555555556,0.7066666666666667,0.7544444444444444,1.0,1.0,1.0
457.253208,150,1159.081655,0.8655555555555556,0.6866666666666666,0.741111111111111,1.0,1.0,1.0
467.556842,150,1160.588177,0.922222222222222,0.76,0.7522222222222221,1.0,1.0,1.0
460.350463,150,1162.124725,0.86,0.7333333333333333,0.7511111111111111,1.0,1.0,1.0
475.075769,150,1163.615375,0.93,0.7733333333333333,0.7822222222222222,1.0,1.0,1.0
464.657651,150,1165.16686,0.8466666666666667,0.7666666666666667,0.8644444444444443,1.0,1.0,1.0
479.907705,150,1166.66565,0.91,0.8733333333333333,0.8675555555555555,1.0,1.0,1.0
481.64985,150,1168.221796,0.931111111111111,0.88,0.8444444444444443,1.0,1.0,1.0
485.305426,150,1169.753249,0.95,0.8533333333333334,0.8755555555555556,1.0,1.0,1.0
484.528513,150,1171.250715,0.97,0.8666666666666667,0.8688888888888889,1.0,1.0,1.0
488.447185,150,1172.829593,0.9866666666666667,0.8866666666666667,0.8777777777777778,1.0,1.0,1.0
479.940072,150,1174.40423,0.94,0.8466666666666667,0.8511111111111112,1.0,1.0,1.0
472.967617,150,1175.915568,0.9166666666666666,0.8066666666666666,0.84,1.0,1.0,1.0
478.463159,150,1177.422972,0.9166666666666666,0.8466666666666667,0.8911111111111112,1.0,1.0,1.0
479.397349,150,1178.94177,0.9266666666666666,0.82,0.8711111111111111,1.0,1.0,1.0
474.865032,150,1180.429802,0.9455555555555555,0.8066666666666666,0.7922222222222222,1.0,1.0,1.0
484.188102,150,1181.925709,0.9522222222222221,0.86,0.8722222222222221,1.0,1.0,1.0
476.268994,150,1183.432707,0.9466666666666667,0.8133333333333334,0.8333333333333333,1.0,1.0,1.0
479.724133,150,1184.962969,0.9766666666666667,0.8533333333333334,0.8711111111111113,1.0,1.0,1.0
465.027403,150,1186.490321,0.8766666666666667,0.7866666666666666,0.7933333333333333,1.0,1.0,1.0
475.85025,150,1187.974955,0.9433333333333334,0.8533333333333334,0.8711111111111111,1.0,1.0,1.0
474.937119,150,1189.476708,0.9333333333333333,0.7933333333333333,0.7933333333333332,1.0,1.0,1.0
483.605474,150,1190.969357,0.9533333333333334,0.8666666666666667,0.8911111111111111,1.0,1.0,1.0
482.981879,150,1192.4783,0.928888888888889,0.9,0.8744444444444446,1.0,1.0,1.0
481.640921,150,1194.010834,0.9233333333333333,0.9,0.86,0.9933333333333333,1.0,0.9933333333333333
486.633303,150,1195.519301,0.9666666666666667,0.9266666666666666,0.9044444444444444,0.9933333333333333,1.0,0.9933333333333333
491.057504,150,1197.043121,0.9666666666666667,0.9,0.888888888888889,1.0,1.0,1.0
489.818836,150,1198.610339,0.9666666666666667,0.8866666666666667,0.8644444444444443,1.0,1.0,1.0
479.599723,150,1200.157865,0.9533333333333334,0.8466666666666667,0.86,1.0,1.0,1.0
486.06375,150,1201.69367,0.9622222222222221,0.8866666666666667,0.8722222222222221,1.0,1.0,1.0
478.581466,150,1203.214798,0.9533333333333334,0.8,0.8244444444444444,1.0,1.0,1.0
481.588448,150,1204.71181,0.96,0.8,0.8177777777777777,1.0,1.0,1.0
468.811505,150,1206.231622,0.9433333333333334,0.72,0.7377777777777778,1.0,1.0,1.0
475.893847,150,1207.732686,0.922222222222222,0.76,0.7744444444444445,1.0,1.0,1.0
467.249451,150,1209.327119,0.8666666666666667,0.7333333333333333,0.8222222222222222,1.0,1.0,1.0
470.500034,150,1210.838475,0.9266666666666666,0.74,0.7577777777777777,1.0,1.0,1.0
474.098426,150,1212.353036,0.9011111111111112,0.8266666666666667,0.8155555555555555,1.0,1.0,1.0
479.581712,150,1213.836466,0.922222222222222,0.82,0.8233333333333334,1.0,1.0,1.0
481.641939,150,1215.350185,0.8955555555555554,0.8733333333333333,0.8577777777777778,1.0,1.0,1.0
483.814086,150,1216.888594,0.94,0.8466666666666667,0.8733333333333333,1.0,1.0,1.0
474.039293,150,1218.407848,0.9011111111111111,0.7933333333333333,0.8155555555555555,1.0,1.0,1.0
486.436814,150,1219.958778,0.9588888888888889,0.8933333333333333,0.8877777777777779,1.0,1.0,1.0
486.578107,150,1221.492236,0.9466666666666667,0.8666666666666667,0.8644444444444443,1.0,1.0,1.0
480.181114,150,1222.976695,0.89,0.8533333333333334,0.8688888888888889,1.0,1.0,1.0
479.60648,150,1224.511199,0.9266666666666666,0.8,0.8177777777777778,1.0,1.0,1.0
485.298847,150,1226.006286,0.9288888888888888,0.8733333333333333,0.8588888888888888,1.0,1.0,1.0
488.990134,150,1227.466111,0.9566666666666667,0.8466666666666667,0.8733333333333333,1.0,1.0,1.0
488.093021,150,1228.929199,0.9588888888888888,0.8533333333333334,0.87,1.0,1.0,1.0
486.952738,150,1230.491268,0.931111111111111,0.8733333333333333,0.8822222222222221,1.0,1.0,1.0
485.9661,150,1232.017912,0.9316666666666666,0.8333333333333334,0.8648888888888888,1.0,1.0,1.0
489.492711,150,1233.602079,0.9488888888888888,0.8466666666666667,0.8788888888888887,1.0,1.0,1.0
461.996239,150,1235.191249,0.861111111111111,0.7,0.74,1.0,1.0,1.0
482.395689,150,1236.726906,0.9188888888888888,0.84,0.841111111111111,1.0,1.0,1.0
486.958189,150,1238.233142,0.95,0.88,0.8688888888888887,1.0,1.0,1.0
488.083094,150,1239.8253,0.9455555555555556,0.8666666666666667,0.8966666666666666,1.0,1.0,1.0
487.724825,150,1241.363875,0.9588888888888888,0.8466666666666667,0.8411111111111111,1.0,1.0,1.0
481.123787,150,1242.882483,0.93,0.8066666666666666,0.8377777777777778,1.0,1.0,1.0
483.179419,150,1244.41285,0.94,0.82,0.8244444444444444,1.0,1.0,1.0
486.351004,150,1245.937218,0.96,0.82,0.8488888888888888,1.0,1.0,1.0
484.92993,150,1247.504797,0.9466666666666667,0.86,0.8577777777777778,1.0,1.0,1.0
482.52923,150,1249.042902,0.9355555555555556,0.8333333333333334,0.8677777777777779,1.0,1.0,1.0
482.262458,150,1250.61935,0.9266666666666666,0.8266666666666667,0.8666666666666667,1.0,1.0,1.0
493.112446,150,1252.217973,0.9766666666666667,0.92,0.9155555555555555,1.0,1.0,1.0
491.181459,150,1253.752446,0.9766666666666667,0.8466666666666667,0.8533333333333334,1.0,1.0,1.0
490.399686,150,1255.32059,0.9533333333333334,0.92,0.9111111111111112,1.0,1.0,1.0
492.093463,150,1256.905417,0.9766666666666667,0.8933333333333333,0.8888888888888887,1.0,1.0,1.0
495.583651,150,1258.487154,0.9766666666666667,0.9266666666666666,0.9333333333333333,1.0,1.0,1.0
494.249855,150,1259.981829,0.9833333333333333,0.9,0.9,1.0,1.0,1.0
489.126782,150,1261.446968,0.9666666666666667,0.8666666666666667,0.8666666666666667,1.0,1.0,1.0
485.918451,150,1262.997819,0.9433333333333334,0.8533333333333334,0.8711111111111113,1.0,1.0,1.0
486.646349,150,1264.598056,0.9466666666666667,0.9133333333333333,0.8888888888888887,1.0,1.0,1.0
476.589837,150,1266.07582,0.8877777777777777,0.8266666666666667,0.8511111111111112,1.0,1.0,1.0
487.817663,150,1267.561208,0.9666666666666667,0.8466666666666667,0.8688888888888887,1.0,1.0,1.0
484.669389,150,1269.018146,0.9633333333333334,0.8466666666666667,0.8555555555555556,1.0,1.0,1.0
482.744354,150,1270.506086,0.92,0.8666666666666667,0.8800000000000002,1.0,1.0,1.0
485.521139,150,1271.990584,0.94,0.9133333333333333,0.9177777777777779,1.0,1.0,1.0
486.303107,150,1273.495724,0.9455555555555555,0.8666666666666667,0.8744444444444444,1.0,1.0,1.0
488.777294,150,1274.97993,0.9666666666666667,0.8733333333333333,0.8955555555555557,1.0,1.0,1.0
475.721374,150,1276.562353,0.9211111111111111,0.8133333333333334,0.8266666666666667,1.0,1.0,1.0
488.498579,150,1278.117607,0.9766666666666667,0.8866666666666667,0.8933333333333333,1.0,1.0,1.0
477.574155,150,1279.70857,0.9088888888888887,0.8333333333333334,0.861111111111111,1.0,1.0,1.0
485.623469,150,1281.250071,0.9444444444444444,0.9466666666666667,0.9422222222222221,0.9866666666666667,1.0,0.9866666666666667
480.453769,150,1282.78421,0.9033333333333333,0.8133333333333334,0.8822222222222221,1.0,1.0,1.0
483.038948,150,1284.291039,0.9355555555555555,0.8666666666666667,0.8455555555555555,1.0,1.0,1.0
484.555957,150,1285.806485,0.9533333333333334,0.8666666666666667,0.8466666666666667,1.0,1.0,1.0
490.258175,150,1287.333851,0.9966666666666667,0.86,0.8577777777777778,1.0,1.0,1.0
490.501769,150,1288.833276,0.97,0.8933333333333333,0.8955555555555557,1.0,1.0,1.0
489.501572,150,1290.324531,0.9733333333333334,0.88,0.8955555555555557,1.0,1.0,1.0
484.895886,150,1291.827615,0.96,0.8333333333333334,0.84,1.0,1.0,1.0
483.649429,150,1293.361758,0.9322222222222223,0.88,0.8677777777777779,1.0,1.0,1.0
479.019121,150,1294.90064,0.8866666666666667,0.86,0.8844444444444444,1.0,1.0,1.0
476.190853,150,1296.412874,0.9233333333333333,0.7733333333333333,0.8,1.0,1.0,1.0
488.578815,150,1297.8885,0.9666666666666667,0.8733333333333333,0.8622222222222221,1.0,1.0,1.0
479.854245,150,1299.405808,0.9288888888888888,0.82,0.8166666666666665,1.0,1.0,1.0
487.389936,150,1300.943869,0.96,0.8666666666666667,0.8511111111111112,1.0,1.0,1.0
480.748365,150,1302.416439,0.9422222222222223,0.84,0.8455555555555556,1.0,1.0,1.0
488.056043,150,1303.911544,0.98,0.8466666666666667,0.8555555555555554,0.9933333333333333,1.0,0.9933333333333333
481.257104,150,1305.408479,0.93,0.86,0.8355555555555555,1.0,1.0,1.0
473.328958,150,1306.943678,0.908888888888889,0.7733333333333333,0.8233333333333334,1.0,1.0,1.0
491.759473,150,1308.432929,0.9855555555555554,0.8933333333333333,0.8944444444444444,1.0,1.0,1.0
487.824461,150,1309.950726,0.9677777777777777,0.86,0.8488888888888888,1.0,1.0,1.0
484.506963,150,1311.43611,0.93,0.84,0.86,1.0,1.0,1.0
480.936151,150,1312.933277,0.922222222222222,0.8933333333333333,0.8633333333333333,1.0,1.0,1.0
480.15749,150,1314.41804,0.9255555555555555,0.8266666666666667,0.8544444444444443,1.0,1.0,1.0
481.45375,150,1315.915235,0.92,0.86,0.84,1.0,1.0,1.0
491.746604,150,1317.417541,0.9655555555555554,0.8933333333333333,0.8922222222222221,1.0,1.0,1.0
489.85513,150,1318.950707,0.9633333333333334,0.8933333333333333,0.9022222222222223,1.0,1.0,1.0
473.195458,150,1320.459338,0.8944444444444444,0.8266666666666667,0.8333333333333334,1.0,1.0,1.0
480.001942,150,1321.97539,0.922222222222222,0.8266666666666667,0.8522222222222222,1.0,1.0,1.0
488.316483,150,1323.472243,0.9555555555555554,0.8866666666666667,0.89,1.0,1.0,1.0
484.016955,150,1325.024636,0.9388888888888888,0.8866666666666667,0.89,1.0,1.0,1.0
472.668571,150,1326.504497,0.9055555555555554,0.78,0.8055555555555555,1.0,1.0,1.0
480.369986,150,1327.994914,0.9533333333333334,0.82,0.8333333333333334,1.0,1.0,1.0
486.473762,150,1329.485249,0.9655555555555554,0.88,0.8677777777777779,1.0,1.0,1.0
480.194097,150,1330.97854,0.9766666666666667,0.8333333333333334,0.8288888888888889,1.0,1.0,1.0
475.686533,150,1332.465236,0.9255555555555555,0.82,0.8366666666666666,1.0,1.0,1.0
480.772586,150,1333.952052,0.9483333333333334,0.8533333333333334,0.8515555555555555,1.0,1.0,1.0
487.96903,150,1335.45297,0.9788888888888888,0.88,0.8655555555555554,1.0,1.0,1.0
480.640431,150,1336.936107,0.9355555555555555,0.8266666666666667,0.8388888888888889,1.0,1.0,1.0
477.127258,150,1338.444487,0.9533333333333334,0.8133333333333334,0.8377777777777778,1.0,1.0,1.0
485.200691,150,1339.926315,0.9533333333333334,0.8933333333333333,0.9066666666666666,1.0,1.0,1.0
479.999769,150,1341.41632,0.9233333333333333,0.8733333333333333,0.8777777777777779,1.0,1.0,1.0
476.917844,150,1342.902157,0.88,0.7933333333333333,0.8688888888888887,1.0,1.0,1.0
479.174855,150,1344.36863,0.9422222222222223,0.8733333333333333,0.8677777777777778,1.0,1.0,1.0
460.449489,150,1345.857116,0.8666666666666667,0.7133333333333334,0.7911111111111111,1.0,1.0,1.0
477.28712,150,1347.353657,0.94,0.84,0.8444444444444444,1.0,1.0,1.0
474.793864,150,1348.831698,0.9155555555555555,0.8133333333333334,0.8566666666666667,1.0,1.0,1.0
468.016281,150,1350.32657,0.9088888888888887,0.7733333333333333,0.7677777777777777,1.0,1.0,1.0
463.133056,150,1351.851114,0.89,0.72,0.8022222222222223,1.0,1.0,1.0
484.095858,150,1353.335654,0.9566666666666667,0.8466666666666667,0.851111111111111,1.0,1.0,1.0
465.142122,150,1354.863439,0.9022222222222223,0.7466666666666667,0.8033333333333333,1.0,1.0,1.0
483.135988,150,1356.352835,0.9533333333333334,0.8066666666666666,0.82,1.0,1.0,1.0
477.039538,150,1357.860902,0.9255555555555555,0.7866666666666666,0.8144444444444445,1.0,1.0,1.0
483.624297,150,1359.351225,0.9333333333333333,0.8666666666666667,0.888888888888889,1.0,1.0,1.0
477.813731,150,1360.852741,0.9133333333333333,0.82,0.8066666666666666,1.0,1.0,1.0
487.958278,150,1362.367304,0.9366666666666666,0.8666666666666667,0.88,1.0,1.0,1.0
484.886846,150,1363.888367,0.9433333333333334,0.8866666666666667,0.9044444444444446,1.0,1.0,1.0
478.603315,150,1365.390114,0.9022222222222223,0.82,0.8655555555555556,1.0,1.0,1.0
484.797332,150,1366.89496,0.95,0.8266666666666667,0.8488888888888888,1.0,1.0,1.0
489.926238,150,1368.406412,0.9655555555555554,0.8866666666666667,0.8744444444444444,1.0,1.0,1.0
479.390944,150,1369.88787,0.9288888888888888,0.8066666666666666,0.8144444444444444,1.0,1.0,1.0
478.711967,150,1371.372163,0.8988888888888887,0.78,0.8566666666666667,1.0,1.0,1.0
483.595072,150,1372.880434,0.9366666666666666,0.86,0.8955555555555554,1.0,1.0,1.0
477.791434,150,1374.394897,0.9255555555555555,0.8266666666666667,0.821111111111111,1.0,1.0,1.0
475.585741,150,1375.916924,0.9066666666666666,0.8266666666666667,0.8533333333333334,1.0,1.0,1.0
489.210045,150,1377.410194,0.9566666666666667,0.86,0.8866666666666667,1.0,1.0,1.0
478.976157,150,1378.929429,0.8966666666666666,0.82,0.84,1.0,1.0,1.0
486.543049,150,1380.4285,0.9533333333333334,0.8466666666666667,0.8822222222222221,1.0,1.0,1.0
483.895196,150,1381.931036,0.9522222222222223,0.8266666666666667,0.8388888888888889,1.0,1.0,1.0
481.111245,150,1383.419074,0.9633333333333334,0.7733333333333333,0.7933333333333332,1.0,1.0,1.0
484.064608,150,1384.949085,0.922222222222222,0.8733333333333333,0.8655555555555554,0.9933333333333333,1.0,0.9933333333333333
486.950497,150,1386.424262,0.9566666666666667,0.8466666666666667,0.8622222222222221,1.0,1.0,1.0
487.13928,150,1387.900982,0.9533333333333334,0.8266666666666667,0.8511111111111112,1.0,1.0,1.0
484.422185,150,1389.41504,0.9533333333333334,0.8266666666666667,0.8399999999999999,1.0,1.0,1.0
492.007238,150,1390.965003,0.99,0.9,0.8933333333333333,1.0,1.0,1.0
486.765771,150,1392.486671,0.9633333333333334,0.8333333333333334,0.8422222222222222,1.0,1.0,1.0
485.623503,150,1393.994031,0.96,0.8466666666666667,0.8533333333333333,1.0,1.0,1.0
486.320101,150,1395.533199,0.92,0.8466666666666667,0.9044444444444446,1.0,1.0,1.0
478.088271,150,1397.080246,0.92,0.8066666666666666,0.808888888888889,1.0,1.0,1.0
486.73267,150,1398.578601,0.9488888888888888,0.8666666666666667,0.8877777777777779,1.0,1.0,1.0
483.462561,150,1400.05055,0.938888888888889,0.8333333333333334,0.8366666666666667,1.0,1.0,1.0
492.227262,150,1401.562213,0.9633333333333334,0.8933333333333333,0.8788888888888889,1.0,1.0,1.0
487.801261,150,1403.035768,0.9444444444444444,0.84,0.8466666666666667,1.0,1.0,1.0
485.410339,150,1404.511672,0.9266666666666666,0.8733333333333333,0.8688888888888887,1.0,1.0,1.0
485.33674,150,1406.017095,0.92,0.86,0.8844444444444446,1.0,1.0,1.0
472.991941,150,1407.559547,0.8844444444444444,0.7666666666666667,0.8,1.0,1.0,1.0
488.315449,150,1409.195247,0.9488888888888888,0.8866666666666667,0.8855555555555554,1.0,1.0,1.0
479.756244,150,1410.799278,0.9305555555555555,0.8333333333333334,0.8304444444444444,1.0,1.0,1.0
489.699871,150,1412.314107,0.9366666666666666,0.92,0.8755555555555554,1.0,1.0,1.0
475.046552,150,1413.789463,0.9144444444444444,0.7933333333333333,0.8244444444444444,1.0,1.0,1.0
478.120832,150,1415.30502,0.9344444444444444,0.8466666666666667,0.8355555555555555,1.0,1.0,1.0
476.304084,150,1416.849083,0.9533333333333334,0.82,0.811111111111111,1.0,1.0,1.0
473.000028,150,1418.379435,0.8955555555555554,0.78,0.8433333333333334,1.0,1.0,1.0
487.311824,150,1419.878493,0.9766666666666667,0.8533333333333334,0.86,1.0,1.0,1.0
486.507495,150,1421.35217,0.9533333333333334,0.8666666666666667,0.88,1.0,1.0,1.0
478.356408,150,1422.84181,0.9155555555555555,0.8333333333333334,0.8433333333333334,1.0,1.0,1.0
486.964611,150,1424.314853,0.9566666666666667,0.8733333333333333,0.8888888888888887,1.0,1.0,1.0
484.44576,150,1425.803159,0.9344444444444444,0.8533333333333334,0.8644444444444446,1.0,1.0,1.0
471.893095,150,1427.341984,0.8966666666666666,0.7533333333333333,0.8177777777777778,1.0,1.0,1.0
481.361562,150,1428.880103,0.9466666666666667,0.8533333333333334,0.8622222222222221,1.0,1.0,1.0
483.458807,150,1430.428306,0.9466666666666667,0.88,0.8666666666666667,1.0,1.0,1.0
490.639877,150,1431.943567,0.9666666666666667,0.9133333333333333,0.9355555555555556,1.0,1.0,1.0
487.166337,150,1433.450462,0.9633333333333334,0.8733333333333333,0.8933333333333333,1.0,1.0,1.0
484.837808,150,1434.930729,0.94,0.8466666666666667,0.8844444444444444,1.0,1.0,1.0
480.747484,150,1436.40556,0.93,0.8666666666666667,0.8977777777777779,1.0,1.0,1.0
482.308919,150,1437.880444,0.9233333333333333,0.86,0.8755555555555554,1.0,1.0,1.0
480.725316,150,1439.355361,0.9233333333333333,0.8466666666666667,0.8622222222222221,1.0,1.0,1.0
482.938271,150,1440.858438,0.9044444444444446,0.86,0.9066666666666666,1.0,1.0,1.0
488.294505,150,1442.336647,0.9566666666666667,0.8933333333333333,0.8855555555555554,1.0,1.0,1.0
492.507473,150,1443.808053,0.97,0.92,0.9222222222222223,1.0,1.0,1.0
491.06974,150,1445.303427,0.9733333333333334,0.8733333333333333,0.8777777777777779,1.0,1.0,1.0
486.657581,150,1446.814855,0.9666666666666667,0.86,0.86,1.0,1.0,1.0
488.619106,150,1448.338731,0.9533333333333334,0.8533333333333334,0.8777777777777779,1.0,1.0,1.0
490.165511,150,1449.852831,0.97,0.8866666666666667,0.8666666666666667,1.0,1.0,1.0
485.520053,150,1451.371429,0.9366666666666666,0.8666666666666667,0.8355555555555556,1.0,1.0,1.0
491.8609,150,1452.929127,0.9766666666666667,0.8666666666666667,0.8511111111111112,1.0,1.0,1.0
488.395903,150,1454.454818,0.9388888888888888,0.9066666666666666,0.898888888888889,1.0,1.0,1.0
485.663266,150,1455.971247,0.9355555555555555,0.8666666666666667,0.8566666666666667,1.0,1.0,1.0
491.879374,150,1457.500296,0.9722222222222221,0.9,0.8922222222222221,1.0,1.0,1.0
491.724846,150,1459.026904,0.967777777777778,0.8933333333333333,0.8822222222222221,1.0,1.0,1.0
476.259917,150,1460.499157,0.9133333333333333,0.78,0.8,1.0,1.0,1.0
471.918552,150,1461.989084,0.9033333333333333,0.7466666666666667,0.8266666666666667,1.0,1.0,1.0
477.066502,150,1463.553901,0.93,0.7866666666666666,0.8288888888888889,1.0,1.0,1.0
488.296689,150,1465.061047,0.96,0.8866666666666667,0.8711111111111111,1.0,1.0,1.0
490.183338,150,1466.577129,0.9633333333333334,0.8733333333333333,0.86,1.0,1.0,1.0
492.10776,150,1468.104048,0.9755555555555556,0.9066666666666666,0.89,1.0,1.0,1.0
485.270085,150,1469.591999,0.9233333333333333,0.88,0.8844444444444444,1.0,1.0,1.0
492.868178,150,1471.121025,0.9733333333333334,0.88,0.8844444444444446,1.0,1.0,1.0
490.441187,150,1472.60507,0.9533333333333334,0.9066666666666666,0.8977777777777777,1.0,1.0,1.0
484.577565,150,1474.114512,0.93,0.86,0.88,1.0,1.0,1.0
481.98629,150,1475.646448,0.9466666666666667,0.8666666666666667,0.8422222222222223,1.0,1.0,1.0
490.329847,150,1477.199386,0.9655555555555554,0.8666666666666667,0.8433333333333334,1.0,1.0,1.0
486.693617,150,1478.67355,0.9488888888888888,0.8666666666666667,0.8322222222222223,1.0,1.0,1.0
490.443677,150,1480.16596,0.9833333333333333,0.9133333333333333,0.9133333333333333,1.0,1.0,1.0
492.503382,150,1481.679989,0.9733333333333334,0.8733333333333333,0.8777777777777779,1.0,1.0,1.0
485.323465,150,1483.221579,0.9433333333333334,0.88,0.8644444444444443,0.9933333333333333,1.0,0.9933333333333333
492.620473,150,1484.734614,0.96,0.9333333333333333,0.9066666666666666,1.0,1.0,1.0
496.822788,150,1486.248646,0.9833333333333333,0.9266666666666666,0.9155555555555556,1.0,1.0,1.0
496.658006,150,1487.765735,0.9933333333333333,0.9066666666666666,0.9022222222222221,1.0,1.0,1.0
491.807387,150,1489.259117,0.9633333333333334,0.9066666666666666,0.8822222222222221,1.0,1.0,1.0
488.423774,150,1490.761359,0.95,0.8733333333333333,0.8955555555555557,1.0,1.0,1.0
483.012578,150,1492.239184,0.9466666666666667,0.8733333333333333,0.8822222222222221,1.0,1.0,1.0
486.816242,150,1493.728271,0.9566666666666667,0.8866666666666667,0.8911111111111111,1.0,1.0,1.0
491.349033,150,1495.288837,0.9788888888888889,0.94,0.9366666666666666,0.9933333333333333,1.0,0.9933333333333333
485.454036,150,1496.843892,0.9833333333333333,0.86,0.86,0.9933333333333333,1.0,0.9933333333333333
478.52717,150,1498.423096,0.92,0.84,0.8755555555555554,0.9933333333333333,1.0,0.9933333333333333
476.909213,150,1500.035182,0.9,0.8666666666666667,0.8555555555555556,1.0,1.0,1.0
484.081014,150,1501.585952,0.9333333333333333,0.8866666666666667,0.8644444444444443,1.0,1.0,1.0
490.603988,150,1503.10074,0.9733333333333334,0.9133333333333333,0.9066666666666666,1.0,1.0,1.0
493.573728,150,1504.624033,0.98,0.9066666666666666,0.9044444444444444,1.0,1.0,1.0
491.974013,150,1506.209393,0.9733333333333334,0.8666666666666667,0.8822222222222221,1.0,1.0,1.0
490.629711,150,1507.799893,0.97,0.8666666666666667,0.8577777777777778,1.0,1.0,1.0
490.64023,150,1509.359441,0.9588888888888889,0.8866666666666667,0.8922222222222222,1.0,1.0,1.0
490.057504,150,1510.876652,0.9555555555555554,0.8733333333333333,0.8877777777777779,1.0,1.0,1.0
486.389446,150,1512.369257,0.9633333333333334,0.86,0.8688888888888887,1.0,1.0,1.0
493.080552,150,1513.855634,0.9788888888888888,0.8666666666666667,0.8522222222222221,1.0,1.0,1.0
493.022508,150,1515.350767,0.96,0.8866666666666667,0.8822222222222221,1.0,1.0,1.0
496.293926,150,1516.849274,0.9833333333333333,0.92,0.931111111111111,1.0,1.0,1.0
488.668519,150,1518.339861,0.9655555555555554,0.8666666666666667,0.8766666666666667,1.0,1.0,1.0
491.669883,150,1519.837794,0.9833333333333333,0.9,0.888888888888889,1.0,1.0,1.0
483.968146,150,1521.340976,0.9533333333333334,0.8133333333333334,0.86,1.0,1.0,1.0
488.807217,150,1522.833167,0.9466666666666667,0.8666666666666667,0.8755555555555556,1.0,1.0,1.0
496.594253,150,1524.347419,0.9833333333333333,0.8933333333333333,0.9044444444444444,1.0,1.0,1.0
485.612369,150,1525.897516,0.9666666666666667,0.84,0.851111111111111,1.0,1.0,1.0
487.788256,150,1527.447799,0.96,0.8466666666666667,0.8533333333333334,1.0,1.0,1.0
485.246252,150,1528.993804,0.96,0.84,0.8577777777777778,1.0,1.0,1.0
489.039347,150,1530.534623,0.9766666666666667,0.86,0.8666666666666667,1.0,1.0,1.0
490.016165,150,1532.054977,0.9733333333333334,0.8866666666666667,0.88,1.0,1.0,1.0
488.282433,150,1533.563545,0.9622222222222223,0.86,0.8677777777777778,1.0,1.0,1.0
494.494099,150,1535.071578,0.9766666666666667,0.9066666666666666,0.8911111111111112,1.0,1.0,1.0
493.427608,150,1536.598404,0.9733333333333334,0.9266666666666666,0.931111111111111,1.0,1.0,1.0
488.909199,150,1538.099816,0.9733333333333334,0.8666666666666667,0.8488888888888888,1.0,1.0,1.0
488.443352,150,1539.576866,0.9566666666666667,0.8733333333333333,0.8555555555555554,1.0,1.0,1.0
491.141623,150,1541.070431,0.9833333333333333,0.8866666666666667,0.8866666666666667,1.0,1.0,1.0
492.059367,150,1542.572738,0.9733333333333334,0.9066666666666666,0.888888888888889,1.0,1.0,1.0
486.191572,150,1544.102846,0.94,0.8666666666666667,0.8933333333333333,1.0,1.0,1.0
480.213675,150,1545.607239,0.9433333333333334,0.84,0.8577777777777779,1.0,1.0,1.0
485.528466,150,1547.082597,0.9533333333333334,0.8466666666666667,0.8711111111111113,1.0,1.0,1.0
486.537909,150,1548.607176,0.9388888888888888,0.86,0.8855555555555554,1.0,1.0,1.0
484.302992,150,1550.122423,0.9333333333333333,0.8533333333333334,0.8866666666666667,1.0,1.0,1.0
480.11912,150,1551.611808,0.9066666666666666,0.84,0.9,1.0,1.0,1.0
492.378372,150,1553.088143,0.9733333333333334,0.8933333333333333,0.9088888888888887,1.0,1.0,1.0
494.580648,150,1554.565619,0.9888888888888888,0.9066666666666666,0.8988888888888887,1.0,1.0,1.0
487.448055,150,1556.07766,0.9655555555555554,0.8866666666666667,0.8855555555555557,0.9933333333333333,1.0,0.9933333333333333
485.251637,150,1557.559612,0.9566666666666667,0.8333333333333334,0.8488888888888888,0.9866666666666667,1.0,0.9866666666666667
488.607619,150,1559.049219,0.9677777777777777,0.84,0.851111111111111,0.9933333333333333,1.0,0.9933333333333333
490.904265,150,1560.589233,0.98,0.86,0.8577777777777778,0.9933333333333333,1.0,0.9933333333333333
487.486,150,1562.102936,0.9533333333333334,0.8533333333333334,0.8777777777777778,1.0,1.0,1.0
494.566373,150,1563.637782,0.9733333333333334,0.9,0.8933333333333333,1.0,1.0,1.0
496.718065,150,1565.12396,0.9766666666666667,0.9066666666666666,0.9022222222222221,1.0,1.0,1.0
482.511895,150,1566.605631,0.9533333333333334,0.8266666666666667,0.8399999999999999,1.0,1.0,1.0
487.831416,150,1568.111032,0.96,0.8533333333333334,0.8711111111111111,1.0,1.0,1.0
483.248905,150,1569.60903,0.9688888888888888,0.86,0.861111111111111,1.0,1.0,1.0
486.728014,150,1571.091098,0.9433333333333334,0.8866666666666667,0.8822222222222221,1.0,1.0,1.0
477.483378,150,1572.705259,0.8977777777777777,0.82,0.8622222222222221,1.0,1.0,1.0
494.466139,150,1574.228143,0.9833333333333333,0.9133333333333333,0.9133333333333333,1.0,1.0,1.0
490.114467,150,1575.745863,0.9566666666666667,0.8866666666666667,0.8911111111111111,1.0,1.0,1.0
484.539683,150,1577.325145,0.9416666666666667,0.8533333333333334,0.8582222222222221,1.0,1.0,1.0
489.602365,150,1578.91694,0.95,0.8733333333333333,0.8955555555555554,1.0,1.0,1.0
488.996804,150,1580.483252,0.96,0.8866666666666667,0.8822222222222222,1.0,1.0,1.0
493.625327,150,1582.005402,0.9811111111111113,0.9133333333333333,0.9,1.0,1.0,1.0
498.215027,150,1583.498387,0.9866666666666667,0.9333333333333333,0.9355555555555555,1.0,1.0,1.0
495.43195,150,1585.014027,0.9688888888888889,0.9333333333333333,0.9233333333333333,1.0,1.0,1.0
493.984416,150,1586.552883,0.9766666666666667,0.9266666666666666,0.922222222222222,1.0,1.0,1.0
487.916284,150,1588.156363,0.9622222222222223,0.8933333333333333,0.89,0.9866666666666667,1.0,0.9866666666666667
488.877024,150,1589.659983,0.94,0.8733333333333333,0.9,1.0,1.0,1.0
480.662344,150,1591.270906,0.8922222222222222,0.8333333333333334,0.9055555555555554,1.0,1.0,1.0
481.089737,150,1592.823344,0.895,0.8333333333333334,0.9071111111111111,1.0,1.0,1.0
461.651341,150,1594.365649,0.8766666666666667,0.7066666666666667,0.8022222222222222,1.0,1.0,1.0
479.786463,150,1595.887861,0.908888888888889,0.8333333333333334,0.8944444444444444,1.0,1.0,1.0
468.695316,150,1597.413186,0.8633333333333333,0.76,0.8466666666666668,1.0,1.0,1.0
473.999553,150,1598.902154,0.8933333333333333,0.7666666666666667,0.8066666666666666,1.0,1.0,1.0
481.620267,150,1600.37495,0.92,0.8333333333333334,0.88,1.0,1.0,1.0
488.776568,150,1601.88256,0.9633333333333334,0.8666666666666667,0.8755555555555554,1.0,1.0,1.0
485.816617,150,1603.433474,0.9255555555555555,0.8933333333333333,0.8988888888888887,1.0,1.0,1.0
487.019478,150,1604.995774,0.95,0.8733333333333333,0.8622222222222223,1.0,1.0,1.0
