r,l,t,c,precision,recall,f1,sustain_precision,sustain_recall,sustain_f1
-234.439241,1321,43.831818,439.0,0.6806207418622257,0.012371579971882771,0.012896675197962103,0.4867524602573808,1.0,0.4867524602573808
-219.982928,1321,68.770062,473.0,0.6578854403229876,0.016112432861108108,0.019368498437385646,0.47993943981831944,1.0,0.47993943981831944
-746.903384,1321,93.852862,394.0,0.7126797880393642,0.011411809235427705,0.013126179061076867,0.22634367903103708,1.0,0.22634367903103708
-995.069231,1321,118.981532,426.0,0.6905771241123246,0.01222558667676003,0.013257862500860229,0.09765329295987887,1.0,0.09765329295987887
-1186.299213,1321,144.213343,373.0,0.7308550520889658,0.013886485707076169,0.01668174117076464,0.02043906131718395,1.0,0.02043906131718395
-1626.621318,1321,169.806137,353.0,0.7516702113598404,0.018029270754478927,0.019791366006354654,0.004542013626040878,1.0,0.004542013626040878
-2288.52819,1321,195.361196,423.0,0.7015176093147327,0.021278072167549834,0.02358750258068956,0.003028009084027252,1.0,0.003028009084027252
-3403.853461,1321,220.497315,389.0,0.7342038859449912,0.029163512490537464,0.029886569818439613,0.000757002271006813,1.0,0.000757002271006813
-3753.287922,1321,245.750191,366.0,0.746461915576223,0.019454958364875093,0.02195153656168039,0.0,1.0,0.0
-3352.946965,1321,271.349526,343.0,0.7618885404275261,0.02044176489672326,0.0241916297177463,0.005299015897047691,1.0,0.005299015897047691
-2773.092317,1321,296.931761,450.0,0.6845487425351166,0.026729389711978656,0.02878774854550782,0.00984102952308857,1.0,0.00984102952308857
-3680.638677,1321,321.900032,341.0,0.7629663674705309,0.018388846833207167,0.019791786143035197,0.003028009084027252,1.0,0.003028009084027252
-3736.46529,1321,347.141483,315.0,0.7731768861973254,0.014354204967376808,0.016533290076060702,0.015897047691143074,1.0,0.015897047691143074
-3939.426179,1321,372.578566,346.0,0.7550160412385999,0.01804188745899571,0.018258337675445928,0.010598031794095382,1.0,0.010598031794095382
-4010.261435,1321,397.819891,312.0,0.779870949136657,0.016715331098374246,0.01817296590195909,0.018925056775170326,1.0,0.018925056775170326
-4043.499817,1321,423.279142,318.0,0.7745737356259688,0.014761544284632853,0.016859303536063568,0.006056018168054504,1.0,0.006056018168054504
-4234.903229,1321,448.61084,348.0,0.7530343174362857,0.019114307342922025,0.021036852793098065,0.018925056775170326,1.0,0.018925056775170326
-4216.147328,1321,474.123296,390.0,0.7180436898453552,0.014483976785263688,0.014870889057111618,0.0,1.0,0.0
-4390.143691,1321,499.499401,232.0,0.833118849356548,0.010177174579142785,0.010694722049756116,0.003785011355034065,1.0,0.003785011355034065
-4504.624727,1321,524.913811,242.0,0.8318553765185105,0.015613171839515518,0.01641416872302565,0.004542013626040878,1.0,0.004542013626040878
-4414.115504,1321,550.060177,295.0,0.7891748675246025,0.013909916729750189,0.014197174681656134,0.006813020439061317,1.0,0.006813020439061317
-4454.817132,1321,575.2374,275.0,0.8037687898777982,0.01765707797123391,0.01453911972458528,0.002271006813020439,1.0,0.002271006813020439
-4492.761956,1321,601.149484,278.0,0.8054441079989906,0.016780217007317688,0.018303233481129017,0.012869038607115822,1.0,0.012869038607115822
-4660.113411,1321,626.290742,282.0,0.7999387188637757,0.012047150427165568,0.01312380949019859,0.003785011355034065,1.0,0.003785011355034065
-4692.597079,1321,651.667304,276.0,0.8011814642586784,0.01334937457193324,0.012997772687401756,0.009084027252081756,1.0,0.009084027252081756
-4669.513433,1321,677.113917,224.0,0.8396804368984535,0.00996088821599798,0.010617858044050323,0.009084027252081756,1.0,0.009084027252081756
-4396.32603,1321,702.859289,252.0,0.8199770496136884,0.014063119570311089,0.015937355604274606,0.0,1.0,0.0
-4805.888053,1321,727.862803,206.0,0.8510670127248476,0.008871345661656031,0.0084821940613008,0.003785011355034065,1.0,0.003785011355034065
-4849.397655,1321,753.007264,223.0,0.8399760282614182,0.009582387080494574,0.010035796485455835,0.002271006813020439,1.0,0.002271006813020439
-4863.69769,1321,778.295222,290.0,0.7962861829061679,0.014162250820085792,0.016121997272640725,0.006056018168054504,1.0,0.006056018168054504
-4827.236343,1321,803.921841,266.0,0.8085379041851412,0.01043131105583793,0.01037464512104936,0.012112036336109008,1.0,0.012112036336109008
-4943.513438,1321,829.262558,228.0,0.8356674236689375,0.009609422875887674,0.010359734470256803,0.005299015897047691,1.0,0.005299015897047691
-4960.825234,1321,854.590295,175.0,0.8733922713672903,0.0059749107818752025,0.007166342783299635,0.000757002271006813,1.0,0.000757002271006813
-4936.512491,1321,880.166471,142.0,0.8957103204642948,0.005046681806712086,0.003729738173341504,0.004542013626040878,1.0,0.004542013626040878
-4993.08775,1321,905.414351,221.0,0.8369885728704805,0.006150643451930356,0.005823073385526073,0.001514004542013626,1.0,0.001514004542013626
-5003.071295,1321,930.527574,166.0,0.8780847842543527,0.003848094877617966,0.0043455535128510145,0.001514004542013626,1.0,0.001514004542013626
-5079.917084,1321,956.355031,271.0,0.7991672975018924,0.005109765329295988,0.004137842139356144,0.003028009084027252,1.0,0.003028009084027252
-4929.609937,1321,981.955397,168.0,0.8756497602826142,0.002681049709815796,0.0024651183621660533,0.009084027252081756,1.0,0.009084027252081756
-5105.84873,1321,1007.093171,161.0,0.8821599798132728,0.0031794095382286147,0.0037549715823750646,0.0,1.0,0.0
-5158.740503,1321,1032.239283,221.0,0.8350933636134241,0.0037219278324501634,0.0038541028321497665,0.0,1.0,0.0
-5034.829167,1321,1057.481617,195.0,0.8603781406582315,0.007727731516527882,0.007965400736029048,0.003785011355034065,1.0,0.003785011355034065
-5149.802812,1321,1082.564774,176.0,0.8701362604087812,0.005645975271259147,0.004692267107104351,0.00984102952308857,1.0,0.00984102952308857
-5176.159323,1321,1107.97884,149.0,0.8910042896795357,0.0037039039688547635,0.004269668425610893,0.002271006813020439,1.0,0.002271006813020439
-5278.518857,1321,1133.121909,165.0,0.8765455463033055,0.0018925056775170325,0.0021862946541220574,0.0,1.0,0.0
-5326.606656,1321,1158.256078,181.0,0.8658718142821095,0.003154176129195054,0.0038138495367867056,0.000757002271006813,1.0,0.000757002271006813
-5349.35566,1321,1183.35075,158.0,0.8820590461771386,0.00233409033560434,0.0026260769258498254,0.005299015897047691,1.0,0.005299015897047691
-5389.285035,1321,1208.31403,141.0,0.8949028513752209,0.0024602573807721425,0.002754046357377168,0.002271006813020439,1.0,0.002271006813020439
-5368.570982,1321,1233.368556,227.0,0.8320662557225766,0.004340146353772394,0.005213320618316833,0.012869038607115822,1.0,0.012869038607115822
-5413.412975,1321,1258.463144,197.0,0.8566363865758265,0.0067183951551854654,0.005880804366799825,0.003785011355034065,1.0,0.003785011355034065
-5393.899921,1321,1283.51359,175.0,0.8698965430229623,0.0035326772646984603,0.0031079148793001932,0.004542013626040878,1.0,0.004542013626040878
-5392.241477,1321,1309.117425,191.0,0.8573807721423163,0.002978443459139901,0.0033127861288345774,0.002271006813020439,1.0,0.002271006813020439
-5381.58465,1321,1334.77357,216.0,0.8411304567247035,0.005702750441584658,0.00584754214580104,0.004542013626040878,1.0,0.004542013626040878
-5413.516348,1321,1359.732984,106.0,0.9222432500630835,0.002712591471107747,0.0030508939290165636,0.003028009084027252,1.0,0.003028009084027252
-5405.155556,1321,1384.738508,167.0,0.8768249161890342,0.003091092606611153,0.003363668882215437,0.00757002271006813,1.0,0.00757002271006813
-5461.015888,1321,1410.291701,133.0,0.901778955336866,0.002800908402725208,0.0033127861288345765,0.006056018168054504,1.0,0.006056018168054504
-5175.30089,1321,1435.587626,218.0,0.8465700587577952,0.012963663890991673,0.01265271443166977,0.003785011355034065,1.0,0.003785011355034065
-5379.849514,1321,1460.965567,197.0,0.852636891244007,0.0022962402220539995,0.002579214880501784,0.002271006813020439,1.0,0.002271006813020439
-5473.312128,1321,1486.31479,210.0,0.8462276053494828,0.004418550160412386,0.00505460138314037,0.001514004542013626,1.0,0.001514004542013626
-5473.076834,1321,1511.51313,188.0,0.8599798132727732,0.0036227965826754623,0.003955036468284008,0.006056018168054504,1.0,0.006056018168054504
-5431.125565,1321,1536.913923,216.0,0.8393515013878374,0.003167694026891605,0.0038127025636488167,0.006056018168054504,1.0,0.006056018168054504
-5450.527157,1321,1561.994794,191.0,0.8557279838506183,0.001640171587181428,0.0017471131778474698,0.002271006813020439,1.0,0.002271006813020439
-5457.188308,1321,1587.535534,173.0,0.8739465051728487,0.005235932374463789,0.0057527256997355405,0.006813020439061317,1.0,0.006813020439061317
-5505.102254,1321,1612.495656,191.0,0.8562020114631773,0.002081756245268736,0.0022289511312978383,0.001514004542013626,1.0,0.001514004542013626
-5547.51648,1321,1637.848275,233.0,0.8267347968710573,0.00463663890991673,0.005035266693101666,0.000757002271006813,1.0,0.000757002271006813
-5494.82361,1321,1663.073254,182.0,0.866931617461519,0.0059298511228867016,0.0060759536535463865,0.002271006813020439,1.0,0.002271006813020439
-5570.80659,1321,1688.269438,171.0,0.8743817814786778,0.0033938935150138786,0.0038463471090268973,0.004542013626040878,1.0,0.004542013626040878
-5593.206232,1321,1713.600628,175.0,0.8700984102952309,0.004718647489275802,0.0053356644196916716,0.001514004542013626,1.0,0.001514004542013626
-5588.560802,1321,1738.525335,169.0,0.8745899571032046,0.003280343174362856,0.003938814991048148,0.000757002271006813,1.0,0.000757002271006813
-5520.315208,1321,1764.109225,123.0,0.9079250928228975,0.002081756245268736,0.0018708770412025522,0.011355034065102196,1.0,0.011355034065102196
-5593.047314,1321,1789.17737,142.0,0.8945946433077393,0.002870300277567499,0.0028003076072720284,0.000757002271006813,1.0,0.000757002271006813
-5578.293374,1321,1814.643524,144.0,0.8929472621751198,0.0024287156194801917,0.0025990411304567247,0.001514004542013626,1.0,0.001514004542013626
-5622.925427,1321,1839.881206,202.0,0.8481201110269998,0.0018294221549331312,0.002039099768092955,0.002271006813020439,1.0,0.002271006813020439
-5111.112777,1321,1865.317832,297.0,0.7843561875923722,0.009809487761796618,0.009678776938428718,0.003785011355034065,1.0,0.003785011355034065
-5361.948023,1321,1890.820121,207.0,0.8514328971558344,0.013531415594246783,0.011305676407871714,0.001514004542013626,1.0,0.001514004542013626
-5669.728677,1321,1916.146022,163.0,0.8783371183446883,0.002523340903356043,0.002695769198418706,0.003028009084027252,1.0,0.003028009084027252
-5559.311728,1321,1941.242775,220.0,0.8391370174110523,0.00526747413575574,0.005874741794499554,0.000757002271006813,1.0,0.000757002271006813
-5542.049426,1321,1966.863346,174.0,0.8705147615442846,0.0034065102195306586,0.003260516924407916,0.003028009084027252,1.0,0.003028009084027252
-5619.339112,1321,1992.345979,169.0,0.8730128690386071,0.001690638405248549,0.0018883001093447725,0.00757002271006813,1.0,0.00757002271006813
-5552.664747,1321,2017.643824,147.0,0.8906131718395155,0.002964925561443351,0.0030238035158549922,0.006056018168054504,1.0,0.006056018168054504
-5600.413427,1321,2042.722561,192.0,0.8568950290184203,0.0036588443098662625,0.003336817946961778,0.003785011355034065,1.0,0.003785011355034065
-5609.589439,1321,2067.828734,201.0,0.8505497278396598,0.003564219025990411,0.003581396314174513,0.002271006813020439,1.0,0.002271006813020439
-5558.569589,1321,2092.929764,176.0,0.8682689881402977,0.0029018420388594495,0.0029366881751438905,0.006813020439061317,1.0,0.006813020439061317
-5075.522013,1321,2118.354339,306.0,0.7797375725460509,0.011437042644461265,0.011979222728654978,0.0,1.0,0.0
-5470.033344,1321,2143.628596,181.0,0.868205904617714,0.006592228110017663,0.005767035555074919,0.005299015897047691,1.0,0.005299015897047691
-5626.899443,1321,2168.887406,157.0,0.883068382538481,0.003280343174362856,0.0023088569265707795,0.001514004542013626,1.0,0.001514004542013626
-5644.29058,1321,2193.921342,137.0,0.8972369417108251,0.0019555892001009334,0.002447640676255362,0.002271006813020439,1.0,0.002271006813020439
-5640.20806,1321,2219.518652,123.0,0.9078980570275045,0.0013247539742619228,0.0014779568148228254,0.001514004542013626,1.0,0.001514004542013626
-5670.897552,1321,2244.739568,116.0,0.9140802422407267,0.0018925056775170325,0.002263797267582279,0.000757002271006813,1.0,0.000757002271006813
-5655.185542,1321,2270.00631,149.0,0.8890613171839515,0.0022079232904365378,0.0024620597671316823,0.003785011355034065,1.0,0.003785011355034065
-5708.340233,1321,2295.187584,160.0,0.8802043906131718,0.0028459680617137087,0.0035074438556649,0.003028009084027252,1.0,0.003028009084027252
-5731.152155,1321,2320.681201,184.0,0.8619354024728741,0.0018609639162250817,0.002044561544940046,0.000757002271006813,1.0,0.000757002271006813
-5728.866305,1321,2346.345942,170.0,0.872445117335352,0.0019555892001009334,0.0023340903356043404,0.0,1.0,0.0
-5740.362028,1321,2371.636644,170.0,0.8718395155185465,0.0013878374968458239,0.001276089542554342,0.0,1.0,0.0
-5730.057571,1321,2396.779356,124.0,0.9061317183951552,0.0009462528387585163,0.0010598031794095382,0.0,1.0,0.0
-5682.95834,1321,2422.200426,163.0,0.877554882664648,0.0013247539742619228,0.001463537723946505,0.0,1.0,0.0
-5718.68144,1321,2447.319231,168.0,0.8736437042644463,0.0017663386323492302,0.0011228867019934393,0.003028009084027252,1.0,0.003028009084027252
-5124.050041,1321,2472.784682,223.0,0.8580873075952561,0.026242745394902848,0.02840336969784358,0.000757002271006813,1.0,0.000757002271006813
-5489.178374,1321,2498.226996,199.0,0.8528261418117588,0.005109765329295988,0.004350960671929635,0.000757002271006813,1.0,0.000757002271006813
-5802.980572,1321,2523.664943,198.0,0.852699974766591,0.0030280090840272516,0.0034143205604219985,0.0,1.0,0.0
-5795.779861,1321,2548.917319,186.0,0.8609458923614867,0.002838758516275549,0.0034720515416957506,0.0,1.0,0.0
-5792.255962,1321,2574.274361,181.0,0.8643704264446126,0.0019555892001009334,0.00232748158561936,0.001514004542013626,1.0,0.001514004542013626
-5613.994452,1321,2599.945997,148.0,0.8887837496845825,0.0027125914711077464,0.002453648630787162,0.003028009084027252,1.0,0.003028009084027252
-5678.097784,1321,2625.53185,147.0,0.8897930860459247,0.001577088064597527,0.001681626473450849,0.003028009084027252,1.0,0.003028009084027252
-5778.089139,1321,2650.8689,149.0,0.8879636638909917,0.0013878374968458239,0.0014274899967557048,0.004542013626040878,1.0,0.004542013626040878
-5763.171365,1321,2676.219277,161.0,0.8789048700479435,0.0017915720413827906,0.0021087920406618363,0.005299015897047691,1.0,0.005299015897047691
-5771.630727,1321,2701.535891,154.0,0.8836109008327026,0.0010093363613424174,0.0009732886341516168,0.005299015897047691,1.0,0.005299015897047691
-5829.759984,1321,2726.821549,142.0,0.8937042644461268,0.0018294221549331312,0.0020727443134710356,0.002271006813020439,1.0,0.002271006813020439
-5811.446337,1321,2752.280351,158.0,0.8816553116326015,0.001640171587181428,0.0017807577232255506,0.001514004542013626,1.0,0.001514004542013626
-5798.033739,1321,2777.654235,167.0,0.874337623012869,0.001514004542013626,0.001110269997476659,0.000757002271006813,1.0,0.000757002271006813
-5777.657366,1321,2803.148721,171.0,0.873075952561191,0.0025485743123896034,0.0028135251072419886,0.002271006813020439,1.0,0.002271006813020439
-5772.269803,1321,2828.759328,177.0,0.867802170073177,0.0021448397678526365,0.0024680677216634824,0.0,1.0,0.0
-5773.213751,1321,2854.155607,167.0,0.8748296744890235,0.0017032551097653293,0.0017873664732105307,0.000757002271006813,1.0,0.000757002271006813
-5854.840814,1321,2879.585217,161.0,0.8799772899318699,0.002138531415594247,0.001685832041623109,0.0,1.0,0.0
-5799.882033,1321,2904.943064,167.0,0.8748422911935403,0.0021898994268411374,0.002720401811999087,0.005299015897047691,1.0,0.005299015897047691
-5697.978256,1321,2930.179935,195.0,0.8535831440827655,0.0017663386323492302,0.001804188745899571,0.002271006813020439,1.0,0.002271006813020439
-5839.797898,1321,2955.273027,171.0,0.8712339137017412,0.0017663386323492302,0.002027083859029355,0.004542013626040878,1.0,0.004542013626040878
-5740.498197,1321,2980.650189,174.0,0.8712915900652463,0.002625175732670055,0.0032124532881535155,0.003785011355034065,1.0,0.003785011355034065
-5905.320048,1321,3005.779262,181.0,0.863550340651022,0.001577088064597527,0.0018798889730002523,0.00757002271006813,1.0,0.00757002271006813
-5891.92415,1321,3030.936289,175.0,0.8683951551854656,0.001514004542013626,0.0015463550664156264,0.000757002271006813,1.0,0.000757002271006813
-5840.20218,1321,3056.598893,142.0,0.8925056775170326,0.0021448397678526365,0.002498107494322483,0.002271006813020439,1.0,0.002271006813020439
-5883.525724,1321,3081.873455,204.0,0.8468332071662882,0.0019114307342922028,0.002103548734888629,0.003785011355034065,1.0,0.003785011355034065
-5550.541005,1321,3107.368014,255.0,0.809815796114055,0.0037534695937421142,0.004392415558199056,0.003028009084027252,1.0,0.003028009084027252
-5843.053521,1321,3132.562404,150.0,0.8887206661619985,0.0021763815291445873,0.0026447015848984055,0.005299015897047691,1.0,0.005299015897047691
-5747.331607,1321,3157.750936,186.0,0.8613424173605855,0.0023971738581882412,0.0027216034029054464,0.003028009084027252,1.0,0.003028009084027252
-5832.502392,1321,3183.110712,122.0,0.9077971233913702,0.0018925056775170325,0.001985028177306754,0.001514004542013626,1.0,0.001514004542013626
-5891.269071,1321,3208.239583,163.0,0.8774287156194803,0.0014383043149129447,0.0016311596553837283,0.003028009084027252,1.0,0.003028009084027252
-5906.045806,1321,3233.736086,178.0,0.8661367650769618,0.0013247539742619228,0.0014419090876320248,0.003785011355034065,1.0,0.003785011355034065
-5844.023265,1321,3259.082546,193.0,0.8551223820338126,0.002158357665549187,0.0026476131320945858,0.0,1.0,0.0
-5806.666331,1321,3284.563723,170.0,0.8727605349482714,0.0021448397678526365,0.002438628744457662,0.001514004542013626,1.0,0.001514004542013626
-5874.228699,1321,3309.718499,204.0,0.8486626293212213,0.0032172596517789556,0.003765185105079124,0.001514004542013626,1.0,0.001514004542013626
-5906.307155,1321,3335.045732,229.0,0.82778198334595,0.0014193792581377745,0.0017158718142821095,0.006056018168054504,1.0,0.006056018168054504
-5851.331797,1321,3360.612307,154.0,0.8841408024224073,0.0017032551097653293,0.0017849632913978107,0.004542013626040878,1.0,0.004542013626040878
-5806.284898,1321,3385.742838,225.0,0.8308352258390108,0.0021898994268411374,0.0022391646540018987,0.005299015897047691,1.0,0.005299015897047691
-5826.546624,1321,3411.214571,170.0,0.8721927832450163,0.0014509210194297247,0.0016527882916982086,0.003785011355034065,1.0,0.003785011355034065
-5763.27381,1321,3436.172732,123.0,0.9071410547564975,0.0011355034065102195,0.001276089542554342,0.006056018168054504,1.0,0.006056018168054504
-5809.244521,1321,3461.277045,168.0,0.8735806207418623,0.001577088064597527,0.001917739086550593,0.003028009084027252,1.0,0.003028009084027252
-5793.679829,1321,3486.371901,147.0,0.8894776684330054,0.0013878374968458239,0.0016149381781478678,0.006813020439061317,1.0,0.006813020439061317
-5786.172303,1321,3511.55095,161.0,0.8793212212969972,0.001577088064597527,0.0016942431779676291,0.005299015897047691,1.0,0.005299015897047691
-5805.520022,1321,3536.748293,141.0,0.8932626797880394,0.000757002271006813,0.000757002271006813,0.002271006813020439,1.0,0.002271006813020439
-5835.705294,1321,3561.891539,152.0,0.8853772394650516,0.0013247539742619228,0.0014653401103060452,0.0,1.0,0.0
-5845.412281,1321,3587.42688,142.0,0.8930103456977038,0.0011355034065102195,0.00116073681554378,0.002271006813020439,1.0,0.002271006813020439
-5743.440072,1321,3613.074661,197.0,0.8512490537471612,0.0011355034065102195,0.0005551349987383295,0.0,1.0,0.0
-5861.974668,1321,3638.28162,175.0,0.8682816048448145,0.0011355034065102195,0.0012616704516780215,0.001514004542013626,1.0,0.001514004542013626
-5917.313048,1321,3663.394056,185.0,0.8604592480444107,0.0013247539742619228,0.0014923759056991457,0.001514004542013626,1.0,0.001514004542013626
-5883.513428,1321,3688.71432,180.0,0.8650264950794853,0.0016086298258894778,0.00172548454153299,0.003785011355034065,1.0,0.003785011355034065
-5892.273869,1321,3713.970655,159.0,0.8813651274287156,0.0021448397678526365,0.002441031926270382,0.001514004542013626,1.0,0.001514004542013626
-5891.122095,1321,3739.20065,164.0,0.8770502144839767,0.001622147723586028,0.001919541472910133,0.002271006813020439,1.0,0.002271006813020439
-5850.301771,1321,3764.736463,160.0,0.8795357052737826,0.001514004542013626,0.0016605986325895488,0.002271006813020439,1.0,0.002271006813020439
-5833.94024,1321,3790.133146,139.0,0.8962528387585161,0.0025368588010525935,0.0022391646540018987,0.006813020439061317,1.0,0.006813020439061317
-5698.947782,1321,3815.788671,172.0,0.8786309073212935,0.007689881402977542,0.008693564825283221,0.002271006813020439,1.0,0.002271006813020439
-5001.056095,1321,3841.267739,400.0,0.7188385422299123,0.02682311380267474,0.024632176638232656,0.002271006813020439,1.0,0.002271006813020439
-5760.727076,1321,3866.34188,184.0,0.8627807216754984,0.00463663890991673,0.004268706312612444,0.004542013626040878,1.0,0.004542013626040878
-5789.242186,1321,3891.329412,147.0,0.8898561695685087,0.001514004542013626,0.0016461795417132285,0.005299015897047691,1.0,0.005299015897047691
-5821.188175,1321,3916.853301,136.0,0.8995079485238455,0.002113298006560686,0.0024224072672218017,0.000757002271006813,1.0,0.000757002271006813
-5861.930795,1321,3942.702083,161.0,0.8794726217511986,0.0015770880645975273,0.0009847583655305078,0.003785011355034065,1.0,0.003785011355034065
-5854.220118,1321,3967.997247,135.0,0.8978046934140802,0.000757002271006813,0.000757002271006813,0.003028009084027252,1.0,0.003028009084027252
-5889.457972,1321,3993.071935,162.0,0.877554882664648,0.0009462528387585163,0.0009462528387585163,0.002271006813020439,1.0,0.002271006813020439
-5929.189421,1321,4018.339059,180.0,0.8644965934897805,0.0011355034065102195,0.0012616704516780215,0.001514004542013626,1.0,0.001514004542013626
-5908.200013,1321,4043.467041,179.0,0.8652535957607873,0.0013247539742619228,0.0015644713600807467,0.002271006813020439,1.0,0.002271006813020439
-5869.892112,1321,4068.846645,167.0,0.8738329548321978,0.0009462528387585163,0.0009732886341516168,0.002271006813020439,1.0,0.002271006813020439
-5958.426888,1321,4094.138575,172.0,0.8703633610900833,0.0017032551097653293,0.002106989654302296,0.003785011355034065,1.0,0.003785011355034065
-5984.553378,1321,4119.235788,205.0,0.8453192026242746,0.0013499873832954832,0.0015662737464402872,0.003785011355034065,1.0,0.003785011355034065
-5959.535015,1321,4144.535554,187.0,0.8595382286146859,0.0018294221549331312,0.0012911094288838422,0.000757002271006813,1.0,0.000757002271006813
-5909.182523,1321,4169.908851,191.0,0.8566742366893768,0.001514004542013626,0.0016942431779676291,0.0,1.0,0.0
-5814.007347,1321,4195.135424,215.0,0.8390991672975019,0.0021448397678526365,0.0024770796534611824,0.000757002271006813,1.0,0.000757002271006813
-5964.106216,1321,4220.455702,173.0,0.869227857683573,0.0012616704516780215,0.001514004542013626,0.000757002271006813,1.0,0.000757002271006813
-5975.993144,1321,4245.754787,191.0,0.8563462023719405,0.002207923290436538,0.002255986926690939,0.005299015897047691,1.0,0.005299015897047691
-5926.395667,1321,4271.5399,171.0,0.8714988644965935,0.001514004542013626,0.0015662737464402867,0.003785011355034065,1.0,0.003785011355034065
-5951.811392,1321,4296.78034,223.0,0.8327024981074943,0.002643199596265455,0.0025798156759549644,0.002271006813020439,1.0,0.002271006813020439
-5945.400813,1321,4322.232939,193.0,0.8550538913521503,0.0019555892001009334,0.002115673879489171,0.003785011355034065,1.0,0.003785011355034065
-6025.725003,1321,4347.398938,191.0,0.8561695685087055,0.001577088064597527,0.0015284236328899463,0.004542013626040878,1.0,0.004542013626040878
-6017.423166,1321,4372.585147,223.0,0.8321978299268232,0.0013247539742619228,0.0014779568148228254,0.003785011355034065,1.0,0.003785011355034065
-6012.972111,1321,4398.125498,191.0,0.8563588190764573,0.0019555892001009334,0.00175372192783245,0.0,1.0,0.0
-5970.489281,1321,4423.483352,187.0,0.8606484986121624,0.0024287156194801917,0.0026249299527119365,0.000757002271006813,1.0,0.000757002271006813
-6026.301292,1321,4448.979693,175.0,0.8697956093868282,0.002523340903356043,0.0030586496521394324,0.001514004542013626,1.0,0.001514004542013626
-6011.596773,1321,4473.927644,189.0,0.8582513247539743,0.0014193792581377745,0.0016401715871814284,0.003028009084027252,1.0,0.003028009084027252
-5919.705971,1321,4499.039851,220.0,0.8350996719656826,0.0027125914711077464,0.002465664539850763,0.003028009084027252,1.0,0.003028009084027252
-5325.790414,1321,4524.705635,468.0,0.6657825961573123,0.028816553116326013,0.022826147693672295,0.001514004542013626,1.0,0.001514004542013626
-5296.644333,1321,4550.490514,284.0,0.8030622544248585,0.019738834216502646,0.023015763780336075,0.003785011355034065,1.0,0.003785011355034065
-5866.344964,1321,4575.607519,153.0,0.8848094877617966,0.0017032551097653293,0.0014779568148228254,0.005299015897047691,1.0,0.005299015897047691
-5920.093107,1321,4600.708899,220.0,0.8344688367398435,0.0017663386323492302,0.001982624995494034,0.003785011355034065,1.0,0.003785011355034065
-5956.831933,1321,4626.305769,213.0,0.8400201867272268,0.0020186727226848347,0.0022493781767059587,0.003785011355034065,1.0,0.003785011355034065
-6013.337995,1321,4651.514861,199.0,0.8493565480696442,0.0013247539742619228,0.0016654049962149889,0.002271006813020439,1.0,0.002271006813020439
-5802.148379,1321,4676.865806,282.0,0.7933257633106233,0.0059046177138531416,0.007199147055316625,0.002271006813020439,1.0,0.002271006813020439
-4749.976052,1321,4702.741265,398.0,0.7244637900580368,0.02933383800151401,0.028328488737269963,0.000757002271006813,1.0,0.000757002271006813
-5832.255547,1321,4727.97582,193.0,0.8550340651021953,0.0014761544284632854,0.0016041238599906276,0.000757002271006813,1.0,0.000757002271006813
-5926.855635,1321,4753.014477,144.0,0.8909916729750189,0.0010093363613424174,0.0011355034065102195,0.0,1.0,0.0
-5963.965977,1321,4778.067573,139.0,0.8952182689881404,0.0018925056775170325,0.0015788904509570672,0.0,1.0,0.0
-6007.357318,1321,4803.280679,179.0,0.8646858440575321,0.0012616704516780215,0.0005947874986482103,0.0,1.0,0.0
-5978.768556,1321,4828.818469,167.0,0.8744890234670705,0.0017032551097653293,0.0018768849957343523,0.0,1.0,0.0
-6019.114563,1321,4853.827224,154.0,0.8838001514004542,0.001577088064597527,0.0010111387477019574,0.0,1.0,0.0
-6022.839107,1321,4878.713547,205.0,0.8458238708049457,0.001640171587181428,0.0016461795417132285,0.0,1.0,0.0
-6035.719308,1321,4903.705851,169.0,0.8728488518798889,0.0020637323816733357,0.002439229539910842,0.000757002271006813,1.0,0.000757002271006813
-5956.055446,1321,4929.157531,227.0,0.8302116001586101,0.0030280090840272516,0.0029434061606658127,0.002271006813020439,1.0,0.002271006813020439
-4884.754501,1321,4954.540816,493.0,0.6519051223820339,0.02026152626076926,0.02234079739757257,0.0,1.0,0.0
-5942.407998,1321,4979.799399,245.0,0.8153545293969214,0.001514004542013626,0.001514004542013626,0.0,1.0,0.0
-5988.387955,1321,5005.41606,173.0,0.8703002775674994,0.0022079232904365378,0.0025311512442473838,0.0,1.0,0.0
-6014.210836,1321,5030.758283,196.0,0.8533181932879133,0.003028009084027252,0.002676543743916946,0.001514004542013626,1.0,0.001514004542013626
-6058.546297,1321,5055.920318,144.0,0.8917486752460257,0.0011355034065102195,0.0012616704516780215,0.001514004542013626,1.0,0.001514004542013626
-6064.928001,1321,5081.01939,194.0,0.8542770628311885,0.001514004542013626,0.0017302909051584298,0.000757002271006813,1.0,0.000757002271006813
-6070.195477,1321,5106.237324,175.0,0.8677769366641435,0.0013247539742619228,0.0015680761327998268,0.006056018168054504,1.0,0.006056018168054504
-6076.497893,1321,5132.002289,168.0,0.8738329548321978,0.0013247539742619228,0.0007209545438160124,0.001514004542013626,1.0,0.001514004542013626
-6070.695947,1321,5157.203917,118.0,0.9106737320211961,0.000757002271006813,0.000757002271006813,0.000757002271006813,1.0,0.000757002271006813
-6024.570468,1321,5182.279906,170.0,0.8736058541508958,0.002838758516275549,0.0028423632889946287,0.002271006813020439,1.0,0.002271006813020439
-4872.765594,1321,5207.918372,464.0,0.6676381529144588,0.0279964673227353,0.03216555082565681,0.000757002271006813,1.0,0.000757002271006813
-5825.283179,1321,5233.110508,145.0,0.8913070905879383,0.0035326772646984603,0.0022493781767059587,0.000757002271006813,1.0,0.000757002271006813
-5943.36151,1321,5258.101734,124.0,0.9063209689629069,0.0011355034065102195,0.0012490537471612415,0.006813020439061317,1.0,0.006813020439061317
-5989.598379,1321,5283.185702,118.0,0.9117461519051224,0.0018925056775170325,0.002220539994953318,0.002271006813020439,1.0,0.002271006813020439
-5627.735289,1321,5309.236006,360.0,0.737410331278613,0.013215997981327277,0.01058104566810093,0.002271006813020439,1.0,0.002271006813020439
-6007.86141,1321,5334.098112,171.0,0.8715619480191773,0.0014328971558343246,0.0015525100687856178,0.001514004542013626,1.0,0.001514004542013626
-6046.368106,1321,5359.244154,179.0,0.8650012616704515,0.0017663386323492302,0.0021340254496953967,0.003028009084027252,1.0,0.003028009084027252
-6058.197336,1321,5384.816052,175.0,0.8676760030280091,0.0014509210194297247,0.001682227268904029,0.001514004542013626,1.0,0.001514004542013626
-6074.654183,1321,5409.735199,175.0,0.8677769366641432,0.0009462528387585163,0.0009732886341516168,0.001514004542013626,1.0,0.001514004542013626
-6060.091648,1321,5434.855642,144.0,0.891559424678274,0.0017663386323492302,0.0021826898814029773,0.003028009084027252,1.0,0.003028009084027252
-6090.138063,1321,5459.825391,150.0,0.8870804945748172,0.0012301286903860713,0.0006368431803708108,0.001514004542013626,1.0,0.001514004542013626
-6103.800519,1321,5485.332904,150.0,0.8867019934393136,0.001640171587181428,0.002033091813561155,0.003028009084027252,1.0,0.003028009084027252
-6003.708134,1321,5510.643535,201.0,0.849886449659349,0.0027441332323996973,0.0028862213570767696,0.003785011355034065,1.0,0.003785011355034065
-5915.714991,1321,5535.930534,312.0,0.7725532605169244,0.007696189755235932,0.007455871573963929,0.000757002271006813,1.0,0.000757002271006813
-6021.909752,1321,5560.903769,181.0,0.8636584838325944,0.0012616704516780217,0.0012731401830569128,0.002271006813020439,1.0,0.002271006813020439
-6046.663148,1321,5585.718093,161.0,0.8789048700479435,0.001577088064597527,0.0017326940869711498,0.002271006813020439,1.0,0.002271006813020439
-6079.190469,1321,5610.893268,152.0,0.8855664900328034,0.0013247539742619228,0.0015284236328899463,0.0,1.0,0.0
-6087.809883,1321,5636.158423,168.0,0.8728236184708554,0.000757002271006813,0.000757002271006813,0.000757002271006813,1.0,0.000757002271006813
-6061.342097,1321,5661.442924,188.0,0.8583144082765582,0.0011355034065102195,0.00046862045348040806,0.001514004542013626,1.0,0.001514004542013626
-5191.308914,1321,5686.930336,529.0,0.6210590822248657,0.02665278829169821,0.025234665242235266,0.000757002271006813,1.0,0.000757002271006813
-5865.777572,1321,5712.144314,176.0,0.8675246025738077,0.0010724198839263184,0.0011985869290941206,0.0,1.0,0.0
-6022.111144,1321,5737.129396,171.0,0.8705526116578349,0.000757002271006813,0.000757002271006813,0.003785011355034065,1.0,0.003785011355034065
-6063.790049,1321,5762.5943,201.0,0.8485995457986374,0.0011355034065102195,0.0005046681806712087,0.000757002271006813,1.0,0.000757002271006813
-5864.18243,1321,5788.053482,241.0,0.8199596265455462,0.0033055765833964173,0.0029306802206120904,0.002271006813020439,1.0,0.002271006813020439
-6064.034572,1321,5813.343226,149.0,0.8880898309361593,0.0012706823834757219,0.0013744351367364236,0.001514004542013626,1.0,0.001514004542013626
-5568.820982,1321,5839.261493,288.0,0.7907843985436718,0.013815291445874334,0.01386286982426271,0.0,1.0,0.0
-6068.106219,1321,5864.865033,139.0,0.8965430229624023,0.0024602573807721425,0.002222342381312858,0.002271006813020439,1.0,0.002271006813020439
-6063.787035,1321,5890.380623,137.0,0.8966061064849862,0.0011355034065102195,0.0010976532929598789,0.002271006813020439,1.0,0.002271006813020439
-6076.369262,1321,5915.582564,142.0,0.8932626797880394,0.001622147723586028,0.0020565228362351756,0.001514004542013626,1.0,0.001514004542013626
-6096.89701,1321,5940.738188,183.0,0.8615632096896291,0.0009462528387585163,0.0008831693161746153,0.001514004542013626,1.0,0.001514004542013626
-6113.553956,1321,5966.215042,146.0,0.8901085036588443,0.001514004542013626,0.0018312245412926717,0.002271006813020439,1.0,0.002271006813020439
-5981.059148,1321,5991.655623,202.0,0.849709815796114,0.005677517032551098,0.0037946240822849453,0.0,1.0,0.0
-5902.40832,1321,6017.301232,208.0,0.8441206156951805,0.0021448397678526365,0.0017951768141018709,0.002271006813020439,1.0,0.002271006813020439
-5820.874418,1321,6042.880996,213.0,0.8410926066111531,0.003911178400201867,0.00467178544392776,0.003028009084027252,1.0,0.003028009084027252
-6126.57895,1321,6068.165608,161.0,0.8788796366389099,0.0013878374968458239,0.0016149381781478678,0.0,1.0,0.0
-6152.21361,1321,6093.279969,170.0,0.871587181428211,0.0011355034065102195,0.0010766254520985785,0.000757002271006813,1.0,0.000757002271006813
-6107.573886,1321,6118.534666,149.0,0.8883421650264951,0.001577088064597527,0.0016942431779676291,0.002271006813020439,1.0,0.002271006813020439
-6119.74284,1321,6143.494651,153.0,0.8853141559424679,0.0014328971558343246,0.0007882436345721737,0.001514004542013626,1.0,0.001514004542013626
-6162.188449,1321,6168.737433,127.0,0.9038607115821348,0.000757002271006813,0.000757002271006813,0.002271006813020439,1.0,0.002271006813020439
-6100.063751,1321,6193.962168,119.0,0.910169063840525,0.0010093363613424174,0.0010093363613424174,0.003028009084027252,1.0,0.003028009084027252
-6128.101072,1321,6219.156489,129.0,0.9029775422659603,0.0014509210194297247,0.0016545906780577487,0.000757002271006813,1.0,0.000757002271006813
-6161.980682,1321,6244.410246,145.0,0.8909916729750189,0.0014509210194297247,0.001690638405248549,0.003028009084027252,1.0,0.003028009084027252
-6141.439901,1321,6269.435274,161.0,0.8785011355034065,0.0008831693161746153,0.0009462528387585163,0.0,1.0,0.0
-5917.577707,1321,6294.964432,281.0,0.7918820518366317,0.005042175840813237,0.005115134676073359,0.000757002271006813,1.0,0.000757002271006813
-5210.962093,1321,6320.591974,405.0,0.7046645758984895,0.021160015860999963,0.01828127713820371,0.0,1.0,0.0
-6083.209615,1321,6345.802454,185.0,0.8616199848599546,0.0020186727226848347,0.0013139396561046826,0.0,1.0,0.0
-6133.252358,1321,6371.076797,160.0,0.8791319707292456,0.0009462528387585163,0.00021628636314480375,0.0,1.0,0.0
-6118.59866,1321,6395.995942,175.0,0.8688493565480696,0.0017663386323492302,0.002056522836235175,0.0,1.0,0.0
-6191.818869,1321,6421.061767,146.0,0.8900138783749686,0.002271006813020439,0.002207923290436538,0.002271006813020439,1.0,0.002271006813020439
-6077.827407,1321,6446.553672,182.0,0.862919505425183,0.002271006813020439,0.001622147723586028,0.003028009084027252,1.0,0.003028009084027252
-6001.450057,1321,6472.218584,199.0,0.8515644713600806,0.0027441332323996973,0.0034647873784891202,0.006056018168054504,1.0,0.006056018168054504
-6200.540897,1321,6497.460835,149.0,0.8880898309361596,0.0014509210194297247,0.0015140045420136258,0.001514004542013626,1.0,0.001514004542013626
-6153.061331,1321,6522.977494,173.0,0.8700479434771639,0.0018294221549331312,0.0021700731768861973,0.000757002271006813,1.0,0.000757002271006813
-6196.998985,1321,6548.023139,142.0,0.8933888468332072,0.001514004542013626,0.0017447099960347498,0.000757002271006813,1.0,0.000757002271006813
-5196.537707,1321,6573.738521,407.0,0.7031559785155546,0.014698460762048952,0.012359618680587645,0.05299015897047691,1.0,0.05299015897047691
-6128.636973,1321,6598.922315,123.0,0.906888720666162,0.000757002271006813,0.0,0.003028009084027252,1.0,0.003028009084027252
-6190.17569,1321,6624.023063,115.0,0.9129447388342165,0.0010598031794095382,0.0011895749972964207,0.002271006813020439,1.0,0.002271006813020439
-6179.260125,1321,6649.039899,127.0,0.9042392127176382,0.0010093363613424174,0.0010598031794095382,0.0,1.0,0.0
-6201.45978,1321,6674.22226,114.0,0.9143325763310622,0.0011922785768357304,0.0006434519303557912,0.0,1.0,0.0
-6201.871683,1321,6699.540087,111.0,0.9159727479182438,0.0009462528387585163,0.0010598031794095382,0.003028009084027252,1.0,0.003028009084027252
-6234.468478,1321,6724.610393,93.0,0.9297249558415343,0.0013247539742619228,0.0006560686348725713,0.0,1.0,0.0
-6213.857128,1321,6749.656428,96.0,0.9277062831188494,0.0009084027252081756,0.0009732886341516168,0.000757002271006813,1.0,0.000757002271006813
-6220.451087,1321,6774.876815,108.0,0.9182437547312642,0.000757002271006813,0.000757002271006813,0.000757002271006813,1.0,0.000757002271006813
-5151.031351,1321,6800.611784,449.0,0.6738401643776359,0.01866641433257633,0.018798889730002526,0.001514004542013626,1.0,0.001514004542013626
-6055.405296,1321,6825.952874,130.0,0.9018420388594498,0.0012616704516780215,0.0013878374968458239,0.0,1.0,0.0
-6142.47409,1321,6850.845915,75.0,0.9432248296744891,0.000757002271006813,0.000757002271006813,0.001514004542013626,1.0,0.001514004542013626
-6203.617105,1321,6876.25432,81.0,0.9389351501387838,0.0026495079485238456,0.0023971738581882412,0.001514004542013626,1.0,0.001514004542013626
-6212.674382,1321,6901.360485,74.0,0.9439818319454958,0.0009084027252081756,0.0010093363613424176,0.003028009084027252,1.0,0.003028009084027252
-6234.707311,1321,6926.462856,108.0,0.9182437547312642,0.000757002271006813,0.000757002271006813,0.000757002271006813,1.0,0.000757002271006813
-6218.52339,1321,6951.420186,95.0,0.9280847842543528,0.0009462528387585163,0.0010598031794095382,0.000757002271006813,1.0,0.000757002271006813
-6216.140002,1321,6976.397248,97.0,0.9268231138026747,0.0009462528387585163,0.0009732886341516168,0.0,1.0,0.0
-5930.982176,1321,7001.683959,171.0,0.8713726974514256,0.0014383043149129447,0.000925224997897216,0.001514004542013626,1.0,0.001514004542013626
-6248.361899,1321,7026.654902,91.0,0.93111279333838,0.000757002271006813,0.000757002271006813,0.000757002271006813,1.0,0.000757002271006813
-5071.326193,1321,7052.710105,427.0,0.6932825060379944,0.025044158465808732,0.02241087199452075,0.000757002271006813,1.0,0.000757002271006813
-5155.001322,1321,7078.723654,385.0,0.7143704264446127,0.008856926570779711,0.00875419054828593,0.000757002271006813,1.0,0.000757002271006813
-6190.659301,1321,7103.812797,119.0,0.9105475649760282,0.001514004542013626,0.0014419090876320248,0.000757002271006813,1.0,0.000757002271006813
-6200.639152,1321,7128.78433,118.0,0.9110522331566995,0.0008516275548826646,0.0009084027252081756,0.002271006813020439,1.0,0.002271006813020439
-6219.544114,1321,7153.733618,88.0,0.9341660358314408,0.0013247539742619228,0.001393845451377624,0.0,1.0,0.0
-6201.385009,1321,7178.581926,101.0,0.9239212717638153,0.0013247539742619228,0.0014383043149129447,0.0,1.0,0.0
-6208.881968,1321,7203.719451,115.0,0.9133232399697199,0.0009462528387585163,0.0010093363613424174,0.000757002271006813,1.0,0.000757002271006813
-6239.392963,1321,7229.077661,95.0,0.9282740348221045,0.0009462528387585163,0.0009462528387585163,0.0,1.0,0.0
-6249.657713,1321,7254.153313,74.0,0.9439818319454958,0.0009462528387585163,0.0010598031794095382,0.001514004542013626,1.0,0.001514004542013626
-6240.619076,1321,7279.087546,103.0,0.9224072672218017,0.0009462528387585163,0.0010093363613424174,0.0,1.0,0.0
-6223.466941,1321,7304.137452,75.0,0.9432248296744891,0.0009462528387585163,0.0010598031794095382,0.000757002271006813,1.0,0.000757002271006813
-6274.463327,1321,7329.191392,71.0,0.9465051728488518,0.0009462528387585163,0.0009732886341516168,0.0,1.0,0.0
-6254.518033,1321,7354.263266,72.0,0.9454958364875095,0.000757002271006813,0.000757002271006813,0.001514004542013626,1.0,0.001514004542013626
-6232.824432,1321,7379.286327,70.0,0.9471990915972748,0.0011985869290941206,0.0013247539742619228,0.000757002271006813,1.0,0.000757002271006813
-6278.056355,1321,7404.400724,70.0,0.9470098410295231,0.000757002271006813,0.0,0.0,1.0,0.0
-4372.091733,1321,7430.039375,460.0,0.6727479182437548,0.021984607620489528,0.029033440274924004,0.0,1.0,0.0
-5925.444596,1321,7455.493027,179.0,0.8683194549583648,0.004699722432500632,0.004532489127492913,0.0,1.0,0.0
-6140.665306,1321,7480.625814,94.0,0.9290941206156951,0.0009462528387585163,0.0009732886341516168,0.0,1.0,0.0
-6227.03149,1321,7505.879338,87.0,0.934393136512743,0.0009462528387585163,0.0009732886341516168,0.0,1.0,0.0
-6258.743515,1321,7531.161926,60.0,0.9549583648750947,0.0009462528387585163,0.0010093363613424174,0.0,1.0,0.0
-6283.27844,1321,7556.145699,65.0,0.9511733535200606,0.0009462528387585163,0.0010093363613424174,0.002271006813020439,1.0,0.002271006813020439
-6263.022658,1321,7581.463149,92.0,0.9322753325402833,0.004163512490537472,0.003046142183159594,0.0,1.0,0.0
-4953.99207,1321,7607.78383,441.0,0.6805089939079341,0.026957391586460475,0.026766071845557078,0.000757002271006813,1.0,0.000757002271006813
-6147.281234,1321,7632.888364,102.0,0.9231642694928085,0.0011355034065102195,0.0013121372697451426,0.001514004542013626,1.0,0.001514004542013626
-6257.685811,1321,7658.130872,64.0,0.9519303557910673,0.001514004542013626,0.001917739086550593,0.000757002271006813,1.0,0.000757002271006813
-6225.833597,1321,7683.152742,58.0,0.9560938682816048,0.0009462528387585163,0.0010598031794095382,0.0,1.0,0.0
-6265.413499,1321,7708.168299,56.0,0.9583648750946253,0.0013247539742619228,0.0015644713600807467,0.0,1.0,0.0
-6298.094807,1321,7733.329859,57.0,0.9568508705526116,0.0009462528387585163,0.0010598031794095382,0.0,1.0,0.0
-6271.019442,1321,7758.608988,51.0,0.9613928841786525,0.0013247539742619228,0.0016654049962149889,0.0,1.0,0.0
-6285.367294,1321,7783.924031,48.0,0.9639162250820085,0.0009462528387585163,0.0009732886341516168,0.000757002271006813,1.0,0.000757002271006813
-6268.567988,1321,7809.110838,53.0,0.9602573807721423,0.0009462528387585163,0.0010093363613424174,0.000757002271006813,1.0,0.000757002271006813
-6305.843537,1321,7834.440056,48.0,0.9640423921271764,0.0009462528387585163,0.0010093363613424174,0.0,1.0,0.0
-6262.957769,1321,7859.573967,53.0,0.9598788796366389,0.0011355034065102195,0.0013626040878122634,0.0,1.0,0.0
-6260.49521,1321,7884.702018,94.0,0.9314552467466927,0.0029649255614433508,0.0032504126372407977,0.000757002271006813,1.0,0.000757002271006813
-5825.87532,1321,7909.75337,278.0,0.8023376951083233,0.017249738653977862,0.016330670759134042,0.000757002271006813,1.0,0.000757002271006813
-6113.398998,1321,7934.905025,159.0,0.8833964168559173,0.005071915215745647,0.004743280102856182,0.001514004542013626,1.0,0.001514004542013626
-5887.040058,1321,7960.374491,212.0,0.8442287588767527,0.006497602826141811,0.006238659985821226,0.003028009084027252,1.0,0.003028009084027252
-6174.231039,1321,7985.492334,121.0,0.9085919757759273,0.001040878122634368,0.0011859702245773404,0.0,1.0,0.0
-6281.095837,1321,8010.590317,89.0,0.9332702498107494,0.001514004542013626,0.0014509210194297247,0.000757002271006813,1.0,0.000757002271006813
-6299.018799,1321,8035.732272,63.0,0.9523088569265707,0.000757002271006813,0.000757002271006813,0.0,1.0,0.0
-6279.948101,1321,8060.838865,45.0,0.9659348978046934,0.000757002271006813,0.000757002271006813,0.0,1.0,0.0
-6319.289693,1321,8085.922435,59.0,0.9553368660105981,0.0010093363613424174,0.0011355034065102195,0.001514004542013626,1.0,0.001514004542013626
-6299.849946,1321,8110.962848,52.0,0.9608882159979812,0.0008516275548826646,0.0008946390475535063,0.000757002271006813,1.0,0.000757002271006813
-6305.159226,1321,8136.001004,62.0,0.9530658591975776,0.000757002271006813,0.000757002271006813,0.000757002271006813,1.0,0.000757002271006813
-5687.30942,1321,8161.749487,192.0,0.8616199848599546,0.010706174975667783,0.011930596109248645,0.000757002271006813,1.0,0.000757002271006813
-6127.400512,1321,8187.233531,82.0,0.9386828160484482,0.0012616704516780215,0.0013626040878122632,0.0,1.0,0.0
-6248.009752,1321,8212.282618,68.0,0.9485238455715367,0.000757002271006813,0.000757002271006813,0.002271006813020439,1.0,0.002271006813020439
-6307.681815,1321,8237.269565,53.0,0.9598788796366389,0.000757002271006813,0.000757002271006813,0.0,1.0,0.0
-6303.957768,1321,8262.470421,41.0,0.9689629068887207,0.000757002271006813,0.000757002271006813,0.001514004542013626,1.0,0.001514004542013626
-6182.858309,1321,8287.772124,118.0,0.9117083017915719,0.0027756749936916477,0.002558187039640484,0.000757002271006813,1.0,0.000757002271006813
-5989.487886,1321,8313.126287,117.0,0.9131790490609566,0.002505317039760643,0.0023671340855292407,0.0,1.0,0.0
-6197.78336,1321,8338.501108,71.0,0.9462528387585163,0.000757002271006813,0.000757002271006813,0.001514004542013626,1.0,0.001514004542013626
-6317.804653,1321,8363.585963,56.0,0.9579863739591219,0.0011355034065102195,0.0013121372697451426,0.001514004542013626,1.0,0.001514004542013626
-6222.95413,1321,8388.458273,81.0,0.9423290436537975,0.003343426696946757,0.0036558403326003627,0.000757002271006813,1.0,0.000757002271006813
-5390.142089,1321,8414.031863,471.0,0.659675209978011,0.024414224433149487,0.02309479569131348,0.000757002271006813,1.0,0.000757002271006813
-6253.481928,1321,8439.228363,105.0,0.9207670956346203,0.0009462528387585163,0.0009732886341516168,0.0,1.0,0.0
-6223.759453,1321,8464.289593,82.0,0.9383043149129447,0.0013878374968458239,0.001690638405248549,0.0,1.0,0.0
-6211.685547,1321,8489.319093,71.0,0.9462528387585163,0.000757002271006813,0.0,0.000757002271006813,1.0,0.000757002271006813
-6287.435353,1321,8514.776621,49.0,0.9636638909916729,0.0011985869290941206,0.0005551349987383295,0.000757002271006813,1.0,0.000757002271006813
-6291.78743,1321,8540.161418,82.0,0.9401968205904617,0.0026179661872318947,0.0032731336289246967,0.0,1.0,0.0
-6298.89564,1321,8565.067016,49.0,0.9629068887206662,0.000757002271006813,0.000757002271006813,0.0,1.0,0.0
-6332.658401,1321,8590.203226,54.0,0.9591218773656321,0.000757002271006813,0.000757002271006813,0.0,1.0,0.0
-6272.263402,1321,8615.441403,52.0,0.9614830034966296,0.002144839767852637,0.0017867656777573507,0.0,1.0,0.0
-6213.700493,1321,8640.681439,96.0,0.9282361847085542,0.0018294221549331312,0.0021322230633358565,0.000757002271006813,1.0,0.000757002271006813
-5907.139977,1321,8665.956967,159.0,0.8843048195811253,0.00876860963916225,0.009404852024079882,0.004542013626040878,1.0,0.004542013626040878
-5243.233445,1321,8691.783474,327.0,0.7626815904257236,0.014786777693666413,0.013733583264241856,0.025738077214231644,1.0,0.025738077214231644
-6292.051918,1321,8716.769607,89.0,0.933005299015897,0.0012932122129699721,0.0015560602237362265,0.001514004542013626,1.0,0.001514004542013626
-6307.856067,1321,8741.815618,55.0,0.9583648750946253,0.0009462528387585163,0.0010598031794095382,0.001514004542013626,1.0,0.001514004542013626
-6271.562694,1321,8766.812577,55.0,0.9587433762301287,0.0017032551097653293,0.002209725676796078,0.000757002271006813,1.0,0.000757002271006813
-5647.779573,1321,8792.531852,238.0,0.8294726217511986,0.012011102699974767,0.011897552359323743,0.0,1.0,0.0
-6284.460666,1321,8817.71585,52.0,0.9606358819076457,0.000757002271006813,0.000757002271006813,0.000757002271006813,1.0,0.000757002271006813
-6319.976822,1321,8843.001589,49.0,0.9629068887206662,0.0009462528387585163,0.0010598031794095382,0.000757002271006813,1.0,0.000757002271006813
-6331.028447,1321,8868.167276,40.0,0.9697199091597275,0.0011355034065102195,0.0013626040878122634,0.000757002271006813,1.0,0.000757002271006813
-6352.762858,1321,8893.41853,37.0,0.9719909159727479,0.0008831693161746153,0.0009732886341516166,0.0,1.0,0.0
-6350.347092,1321,8918.30048,38.0,0.9712339137017411,0.000757002271006813,0.000757002271006813,0.000757002271006813,1.0,0.000757002271006813
-6362.449921,1321,8943.530727,55.0,0.9583648750946253,0.000757002271006813,0.000757002271006813,0.0,1.0,0.0
-5902.306197,1321,8968.758334,213.0,0.845603979669082,0.006541761291950542,0.008261592894446794,0.00757002271006813,1.0,0.00757002271006813
-6292.467012,1321,8993.985014,66.0,0.9500378501135504,0.000757002271006813,0.0,0.0,1.0,0.0
-6156.38224,1321,9019.278092,186.0,0.8636206337190441,0.007696189755235932,0.00631976737200053,0.0,1.0,0.0
-6288.500931,1321,9044.455654,59.0,0.9553368660105981,0.0009462528387585163,0.0010598031794095382,0.001514004542013626,1.0,0.001514004542013626
-6335.248492,1321,9069.740202,42.0,0.9682059046177138,0.0010093363613424174,0.0011355034065102195,0.000757002271006813,1.0,0.000757002271006813
-6336.191615,1321,9094.715817,41.0,0.969114307342922,0.0008831693161746153,0.0008946390475535063,0.0,1.0,0.0
-6346.20624,1321,9119.631517,43.0,0.9678274034822104,0.0008831693161746153,0.0009462528387585163,0.0,1.0,0.0
-5922.612967,1321,9145.006367,261.0,0.8138891892866156,0.019650517284885188,0.01660891467855889,0.001514004542013626,1.0,0.001514004542013626
-6179.694496,1321,9170.392212,164.0,0.8783875851627554,0.004636638909916731,0.0038541028321497665,0.000757002271006813,1.0,0.000757002271006813
-6316.166009,1321,9195.482091,57.0,0.9568508705526116,0.0009462528387585163,0.0003028009084027252,0.0,1.0,0.0
-6248.894036,1321,9220.618211,119.0,0.9145092101942972,0.005412566237698714,0.0056288526008435175,0.000757002271006813,1.0,0.000757002271006813
-6322.642444,1321,9245.834593,44.0,0.967448902346707,0.0011355034065102195,0.0005046681806712087,0.0,1.0,0.0
-6357.280027,1321,9270.865177,64.0,0.9523088569265707,0.0011355034065102195,0.0012616704516780215,0.0,1.0,0.0
-6371.508643,1321,9296.002473,34.0,0.9742619227857684,0.0009462528387585163,0.0010598031794095382,0.0,1.0,0.0
-6356.770183,1321,9321.389227,47.0,0.9645722937168811,0.0009084027252081756,0.0009084027252081756,0.000757002271006813,1.0,0.000757002271006813
-6106.910209,1321,9346.364899,184.0,0.8639793086045925,0.004794347716376482,0.005044278624899366,0.0,1.0,0.0
-6309.498474,1321,9371.425651,75.0,0.9445811254100429,0.003595760787282362,0.0026850094980299375,0.0,1.0,0.0
-6358.00196,1321,9396.567098,31.0,0.9765329295987888,0.000757002271006813,0.000757002271006813,0.0,1.0,0.0
-6380.871008,1321,9421.716376,18.0,0.9871309613928841,0.0011355034065102195,0.0012616704516780215,0.0,1.0,0.0
-6363.036398,1321,9447.088663,23.0,0.9825889477668432,0.0009462528387585163,0.0010598031794095382,0.000757002271006813,1.0,0.000757002271006813
-6330.261907,1321,9472.0811,33.0,0.9750189250567751,0.0012616704516780215,0.0015788904509570672,0.0,1.0,0.0
-6354.209014,1321,9496.84019,59.0,0.9559677012364372,0.0013247539742619228,0.0015284236328899463,0.0,1.0,0.0
-6373.723795,1321,9521.688527,64.0,0.9519303557910673,0.0010724198839263184,0.0012256227244872209,0.000757002271006813,1.0,0.000757002271006813
-6325.489191,1321,9546.856302,62.0,0.9538228614685844,0.0013247539742619228,0.0015644713600807467,0.0,1.0,0.0
-6291.793678,1321,9571.825356,27.0,0.979560938682816,0.0009462528387585163,0.0010598031794095382,0.0,1.0,0.0
-6314.122393,1321,9597.072207,29.0,0.9780469341408025,0.000757002271006813,0.000757002271006813,0.0,1.0,0.0
-6339.371602,1321,9622.23703,19.0,0.9856169568508706,0.000757002271006813,0.000757002271006813,0.0,1.0,0.0
-6360.7867,1321,9647.284359,34.0,0.9742619227857684,0.000757002271006813,0.000757002271006813,0.0,1.0,0.0
-6370.630952,1321,9672.294467,31.0,0.9765329295987888,0.000757002271006813,0.000757002271006813,0.0,1.0,0.0
-6345.426995,1321,9697.432865,35.0,0.9735049205147616,0.0009462528387585163,0.0010598031794095382,0.0,1.0,0.0
-6392.402774,1321,9722.585819,28.0,0.9788039364118092,0.000757002271006813,0.000757002271006813,0.0,1.0,0.0
-6382.458823,1321,9747.726348,22.0,0.9837244511733535,0.0009462528387585163,0.0010093363613424174,0.0,1.0,0.0
-5260.938149,1321,9773.042532,109.0,0.9249558415341912,0.00933636134241736,0.011194621679103133,0.0,1.0,0.0
-6138.31257,1321,9798.025472,13.0,0.9901589704769115,0.000757002271006813,0.000757002271006813,0.0,1.0,0.0
-6341.081938,1321,9823.355956,20.0,0.9848599545798638,0.0009462528387585163,0.0010598031794095382,0.001514004542013626,1.0,0.001514004542013626
-6458.532531,1321,9848.272463,14.0,0.9894019682059046,0.000757002271006813,0.000757002271006813,0.0,1.0,0.0
-5869.425282,1321,9873.502697,241.0,0.8290941206156952,0.01165152662124653,0.012275507317142444,0.006813020439061317,1.0,0.006813020439061317
-5711.420649,1321,9898.989149,186.0,0.8655942467827402,0.009011931797700153,0.009207791115436839,0.000757002271006813,1.0,0.000757002271006813
-6359.381132,1321,9924.206364,32.0,0.975775927327782,0.000757002271006813,0.000757002271006813,0.0,1.0,0.0
-6450.782269,1321,9949.076615,25.0,0.9810749432248297,0.000757002271006813,0.000757002271006813,0.0,1.0,0.0
-6451.616507,1321,9974.041622,23.0,0.9825889477668432,0.0011355034065102195,0.0013626040878122634,0.000757002271006813,1.0,0.000757002271006813
-6430.230195,1321,9999.510926,23.0,0.9829674489023467,0.0012436465880826214,0.0015013878374968458,0.0,1.0,0.0
-6464.598989,1321,10024.544994,15.0,0.9886449659348978,0.000757002271006813,0.000757002271006813,0.0,1.0,0.0
-6419.968207,1321,10049.862662,35.0,0.9735049205147616,0.0009462528387585163,0.0010598031794095382,0.0,1.0,0.0
-6452.22284,1321,10074.89297,34.0,0.9742619227857684,0.000757002271006813,0.000757002271006813,0.0,1.0,0.0
-5588.936301,1321,10100.734949,269.0,0.8061082873724811,0.013058289174867524,0.012133664972423488,0.002271006813020439,1.0,0.002271006813020439
-6361.186576,1321,10125.81804,44.0,0.9666919000757003,0.000757002271006813,0.0,0.0,1.0,0.0
-6353.244696,1321,10150.895261,22.0,0.9833459500378501,0.000757002271006813,0.000757002271006813,0.0,1.0,0.0
-6401.32817,1321,10175.994678,24.0,0.9818319454958365,0.000757002271006813,0.000757002271006813,0.0,1.0,0.0
-6201.346721,1321,10201.06755,64.0,0.9529712339137018,0.0034695937421145595,0.0034629849921295796,0.0,1.0,0.0
-6362.918067,1321,10226.135658,29.0,0.9781731011859701,0.001514004542013626,0.0009732886341516166,0.0,1.0,0.0
-6322.36338,1321,10251.032882,38.0,0.9713853141559425,0.001514004542013626,0.0010093363613424176,0.0,1.0,0.0
-6339.64721,1321,10276.046263,22.0,0.9841029523088569,0.0013878374968458239,0.001640171587181428,0.0,1.0,0.0
-6439.237957,1321,10301.272901,11.0,0.9918622255866768,0.0010093363613424174,0.0009732886341516168,0.0,1.0,0.0
-6430.781223,1321,10326.304311,21.0,0.9841029523088569,0.000757002271006813,0.000757002271006813,0.0,1.0,0.0
-6422.175025,1321,10351.378109,21.0,0.9841029523088569,0.000757002271006813,0.000757002271006813,0.0,1.0,0.0
-5482.068857,1321,10377.105811,290.0,0.7919757759273278,0.01395407519555892,0.01621852787636285,0.001514004542013626,1.0,0.001514004542013626
-5468.933826,1321,10402.478706,346.0,0.7455589200100935,0.009868065318481669,0.009390596786508975,0.0,1.0,0.0
-6378.815179,1321,10427.65446,44.0,0.9670704012112036,0.0011355034065102195,0.0005551349987383295,0.000757002271006813,1.0,0.000757002271006813
-6432.899678,1321,10452.711074,30.0,0.9772899318697956,0.0010093363613424174,0.0011355034065102195,0.0,1.0,0.0
-6467.856056,1321,10477.933125,24.0,0.9818319454958365,0.000757002271006813,0.000757002271006813,0.0,1.0,0.0
-6482.908746,1321,10502.98033,21.0,0.9841029523088569,0.000757002271006813,0.000757002271006813,0.0,1.0,0.0
-5876.123777,1321,10528.533581,248.0,0.8161818247359505,0.005740600555134998,0.006149742258750586,0.000757002271006813,1.0,0.000757002271006813
-6365.265178,1321,10553.956915,31.0,0.9765329295987888,0.000757002271006813,0.000757002271006813,0.0,1.0,0.0
-6453.328058,1321,10579.092419,30.0,0.9784254352763059,0.0013878374968458239,0.0015644713600807467,0.0,1.0,0.0
-6482.4136,1321,10604.271095,25.0,0.9810749432248297,0.000757002271006813,0.000757002271006813,0.000757002271006813,1.0,0.000757002271006813
-6361.968031,1321,10629.310679,83.0,0.9414080242240725,0.005235932374463789,0.005482258510267594,0.000757002271006813,1.0,0.000757002271006813
-6433.349194,1321,10654.442569,19.0,0.9856169568508706,0.000757002271006813,0.000757002271006813,0.0,1.0,0.0
-6446.642001,1321,10679.509157,31.0,0.9765329295987888,0.000757002271006813,0.000757002271006813,0.0,1.0,0.0
-6504.194081,1321,10704.583781,37.0,0.9719909159727479,0.0008831693161746153,0.0009732886341516166,0.000757002271006813,1.0,0.000757002271006813
-6513.094032,1321,10729.642825,27.0,0.9799394398183194,0.0009462528387585163,0.0010093363613424174,0.0,1.0,0.0
-6491.861517,1321,10754.76188,28.0,0.9788039364118092,0.0009462528387585163,0.0010598031794095382,0.0,1.0,0.0
-6419.83167,1321,10779.967879,46.0,0.9670523773476082,0.002113298006560686,0.0022320097263322093,0.0,1.0,0.0
-5770.149914,1321,10805.245675,311.0,0.7784704949352943,0.014201002126815904,0.013636254400826693,0.000757002271006813,1.0,0.000757002271006813
-6428.972559,1321,10830.215135,52.0,0.9610143830431491,0.0009462528387585163,0.0010093363613424174,0.000757002271006813,1.0,0.000757002271006813
-6499.816228,1321,10855.420032,25.0,0.9810749432248297,0.000757002271006813,0.000757002271006813,0.0,1.0,0.0
-6492.161098,1321,10880.63278,30.0,0.9772899318697956,0.0009462528387585163,0.0010598031794095382,0.0,1.0,0.0
-6521.751048,1321,10905.674695,39.0,0.9704769114307343,0.000757002271006813,0.000757002271006813,0.000757002271006813,1.0,0.000757002271006813
-6530.593066,1321,10930.78625,47.0,0.9644208932626798,0.000757002271006813,0.000757002271006813,0.0,1.0,0.0
-6522.821494,1321,10955.859139,55.0,0.9583648750946253,0.000757002271006813,0.000757002271006813,0.001514004542013626,1.0,0.001514004542013626
-6548.025727,1321,10981.048266,61.0,0.9542013626040878,0.0009462528387585163,0.0010093363613424174,0.0,1.0,0.0
-6112.151471,1321,11006.495467,181.0,0.8686979560938685,0.010309649976568977,0.008744577821035049,0.0,1.0,0.0
-6491.949267,1321,11031.5793,77.0,0.9423416603583143,0.0013067301106665225,0.001514004542013626,0.0,1.0,0.0
-6511.188642,1321,11056.848479,64.0,0.9515518546555639,0.000757002271006813,0.000757002271006813,0.0,1.0,0.0
-6519.780683,1321,11081.630002,56.0,0.9576078728236185,0.0009462528387585163,0.0010598031794095382,0.000757002271006813,1.0,0.000757002271006813
-6485.678974,1321,11106.952325,60.0,0.9549583648750947,0.0009462528387585163,0.0010093363613424174,0.0,1.0,0.0
-6501.88238,1321,11132.289895,93.0,0.9303557910673732,0.0013247539742619228,0.0015644713600807467,0.0,1.0,0.0
-6486.181058,1321,11157.492085,98.0,0.9261922785768357,0.0013878374968458239,0.0016654049962149889,0.0,1.0,0.0
-6472.846214,1321,11182.544294,76.0,0.9430355791067373,0.0011985869290941206,0.001225622724487221,0.0,1.0,0.0
-6528.084216,1321,11207.378515,76.0,0.9424678274034822,0.0009462528387585163,0.0010598031794095382,0.000757002271006813,1.0,0.000757002271006813
-6525.220495,1321,11232.344543,78.0,0.941332323996972,0.0010093363613424174,0.0010598031794095382,0.0,1.0,0.0
-6516.476285,1321,11257.498453,93.0,0.9303557910673732,0.0010724198839263182,0.0011985869290941206,0.0,1.0,0.0
-6458.490889,1321,11282.589206,92.0,0.930885692657078,0.0012932122129699721,0.0013668096559845235,0.0,1.0,0.0
-6553.504559,1321,11308.149829,90.0,0.9335099671965683,0.001969107097797484,0.00234009829013614,0.0,1.0,0.0
-6560.312103,1321,11333.205414,87.0,0.9345193035579107,0.0010093363613424174,0.0010598031794095382,0.0,1.0,0.0
-6507.60107,1321,11358.282416,121.0,0.9100068490681663,0.002379149994592841,0.0026302824940220852,0.000757002271006813,1.0,0.000757002271006813
-6500.070367,1321,11383.220437,123.0,0.9082008579359071,0.001924047438808983,0.0020559220407819954,0.0,1.0,0.0
-5826.210013,1321,11408.686369,287.0,0.7936105403554305,0.016870336325294687,0.015406798601348184,0.0,1.0,0.0
-6395.673859,1321,11433.912957,135.0,0.8995710320464296,0.0018113982913377312,0.0022013145404515583,0.0,1.0,0.0
-6420.246607,1321,11459.033883,125.0,0.9074564723694171,0.0026314840849284453,0.003266579496708187,0.0,1.0,0.0
-6393.554369,1321,11484.3157,152.0,0.8892758011607368,0.0059298511228867016,0.005851747713973301,0.001514004542013626,1.0,0.001514004542013626
-6533.112879,1321,11509.258481,102.0,0.9230885692657078,0.0014509210194297247,0.0014383043149129447,0.0,1.0,0.0
-6533.142214,1321,11534.276744,100.0,0.9246782740348221,0.0009462528387585163,0.0010093363613424174,0.0,1.0,0.0
-6498.182445,1321,11559.350975,121.0,0.9102952308856926,0.0018744818139216322,0.0023130624947430398,0.0,1.0,0.0
-6470.331248,1321,11584.688382,125.0,0.9065733030532425,0.0013517897696550232,0.0015182101101858861,0.0,1.0,0.0
-6535.151165,1321,11609.556224,105.0,0.9207040121120363,0.0011174795429148192,0.0012731401830569128,0.0,1.0,0.0
-6547.438925,1321,11634.611223,126.0,0.9059424678274035,0.001622147723586028,0.0018925056775170325,0.0,1.0,0.0
-6571.542328,1321,11659.839557,115.0,0.9137648246278073,0.0014328971558343246,0.0016660604094366393,0.0,1.0,0.0
-6368.158627,1321,11684.885096,178.0,0.869071050070293,0.006560686348725712,0.005550749191930115,0.000757002271006813,1.0,0.000757002271006813
-6274.633016,1321,11710.074969,163.0,0.8814101870877041,0.00528639919253091,0.005929304945201993,0.0,1.0,0.0
-6338.31593,1321,11735.435894,194.0,0.8573176886197326,0.005911827259291301,0.005676315441644738,0.0,1.0,0.0
-6509.277271,1321,11760.473802,130.0,0.9037282361847085,0.003343426696946757,0.0034636404053512305,0.0,1.0,0.0
-6602.865001,1321,11785.374341,142.0,0.8948397678526369,0.0022349590858296384,0.0026597214712279055,0.0,1.0,0.0
-6583.341684,1321,11810.172785,148.0,0.8895858116145777,0.001622147723586028,0.0018198640454507222,0.0,1.0,0.0
-6605.539503,1321,11835.375299,153.0,0.886386575826394,0.0022349590858296384,0.002794955065961879,0.0,1.0,0.0
-6627.430045,1321,11860.342723,143.0,0.8930734292202877,0.001685231246169929,0.0019489804501159537,0.0,1.0,0.0
-6404.692737,1321,11885.538168,184.0,0.8661394686565013,0.005235932374463789,0.005755292734853674,0.0,1.0,0.0
-6518.210997,1321,11910.681803,118.0,0.9123769871309614,0.002359323744637901,0.0021748795405116374,0.000757002271006813,1.0,0.000757002271006813
-6584.67103,1321,11935.730248,142.0,0.8950290184203885,0.0030280090840272516,0.0039899372223369195,0.0,1.0,0.0
-6583.278497,1321,11960.610835,143.0,0.8925687610396164,0.0017735481777873903,0.002207923290436538,0.0,1.0,0.0
-6640.931683,1321,11985.735443,136.0,0.8980191773908655,0.001622147723586028,0.001801785564086851,0.0,1.0,0.0
-6583.653518,1321,12010.588774,137.0,0.8974261922785768,0.001577088064597527,0.0016672073825745289,0.0,1.0,0.0
-6572.211592,1321,12035.444316,118.0,0.9116452182689881,0.0018294221549331317,0.0020397005635461353,0.0,1.0,0.0
-5904.61869,1321,12061.014511,292.0,0.785818824123139,0.012333729858332433,0.012435865085373034,0.0,1.0,0.0
-6544.606991,1321,12086.010993,178.0,0.8677138531415595,0.00351465340110306,0.004368984535525035,0.0,1.0,0.0
-6613.257706,1321,12110.957878,156.0,0.8834847337875347,0.0020637323816733353,0.002489696357977963,0.0,1.0,0.0
-6618.90198,1321,12135.964887,149.0,0.8899823366136764,0.0022349590858296384,0.002624929952711936,0.0,1.0,0.0
-6330.899549,1321,12161.248211,270.0,0.8019501820410223,0.012535597130600916,0.009446306910349304,0.0,1.0,0.0
-6586.488034,1321,12186.241565,171.0,0.8732021196063589,0.0024602573807721425,0.0028045131754442882,0.0,1.0,0.0
-6623.301156,1321,12211.331037,161.0,0.8815922281100178,0.003325402833351357,0.003909976809295506,0.0,1.0,0.0
-6642.808273,1321,12236.382588,159.0,0.883169316174615,0.003262319310767456,0.003378873628684378,0.0,1.0,0.0
-6242.717285,1321,12262.05842,264.0,0.8065985364622761,0.0110603438953174,0.010290059003155142,0.000757002271006813,1.0,0.000757002271006813
-6578.317792,1321,12287.198902,202.0,0.8521322230633357,0.00526747413575574,0.006146738281484686,0.0,1.0,0.0
-6654.984929,1321,12312.225484,149.0,0.8887837496845823,0.0018609639162250817,0.001971810677336794,0.0,1.0,0.0
-6467.170698,1321,12337.812348,210.0,0.8449659348978046,0.0067499369164774154,0.00636422623553585,0.0,1.0,0.0
-6701.724974,1321,12362.734989,157.0,0.8829422154933132,0.0032938610720594065,0.00404095021808875,0.0,1.0,0.0
-6566.399548,1321,12387.700273,200.0,0.85407519555892,0.005614433509967197,0.006999977060537242,0.0,1.0,0.0
-6673.036381,1321,12412.746524,166.0,0.8764824627807216,0.0028207346526801487,0.0035639186282638213,0.0,1.0,0.0
-6715.624081,1321,12437.736723,160.0,0.8815922281100178,0.0033884863559352583,0.00410583612703219,0.0,1.0,0.0
-6436.009822,1321,12462.979124,194.0,0.8579178832774594,0.004763707148264302,0.005552551578289656,0.0,1.0,0.0
-6671.699831,1321,12488.097947,157.0,0.8827908150391117,0.002505317039760643,0.0029667279478028906,0.0,1.0,0.0
-6685.559438,1321,12513.375857,177.0,0.8699848599545799,0.004019321581774269,0.0048646407843985435,0.0,1.0,0.0
-6496.730674,1321,12538.607401,210.0,0.844039508309001,0.004776323852781082,0.0038246638549439458,0.0,1.0,0.0
-6663.827671,1321,12563.729756,154.0,0.8863487257128438,0.0036092786849789118,0.004689863925291632,0.0,1.0,0.0
-6639.388351,1321,12588.84031,163.0,0.8800403734544536,0.0031613856746332144,0.0035188589692753207,0.0,1.0,0.0
-6697.541996,1321,12613.988024,163.0,0.8806585919757759,0.003129843913341264,0.0036871363139341943,0.0,1.0,0.0
-6275.88775,1321,12639.19965,264.0,0.8114199199740455,0.010327673840164378,0.011300962474315996,0.0,1.0,0.0
-6663.579909,1321,12664.512619,164.0,0.8778072167549837,0.0033884863559352583,0.004334793812462245,0.0,1.0,0.0
-6714.372062,1321,12689.284569,156.0,0.8837370678778702,0.0027125914711077464,0.0033974982877329587,0.0,1.0,0.0
-6399.59469,1321,12714.453246,253.0,0.8139739014455137,0.006946397029667281,0.007514148732922389,0.0,1.0,0.0
-6659.489195,1321,12739.416642,182.0,0.8661746151905121,0.004145488626942071,0.004393617149105415,0.0,1.0,0.0
-6674.849892,1321,12764.520352,164.0,0.8776810497098159,0.0030730687430157526,0.0027799351796323787,0.0,1.0,0.0
-6665.376704,1321,12789.614989,176.0,0.8705399949533182,0.005704552827944198,0.005267173738029151,0.0,1.0,0.0
-6576.494768,1321,12814.79504,183.0,0.8662629321221297,0.004535705273782488,0.004619734710574984,0.0,1.0,0.0
-6712.363826,1321,12840.216502,179.0,0.8680797375725461,0.003715619480191774,0.0045404297107552215,0.0,1.0,0.0
-5917.099647,1321,12866.16616,332.0,0.7529901589704769,0.004965574420532785,0.005060800499861818,0.0,1.0,0.0
-6561.915508,1321,12891.391354,165.0,0.8770754478930103,0.0024674669262103022,0.0029541112432861106,0.0,1.0,0.0
-6678.525118,1321,12916.388036,171.0,0.8733282866515265,0.002649507948523845,0.0031451641973973543,0.0,1.0,0.0
-6675.554739,1321,12941.360895,169.0,0.8747161241483724,0.0025485743123896034,0.002078151472549656,0.0,1.0,0.0
-6714.926976,1321,12966.396103,154.0,0.886916477416099,0.00406888720666162,0.004576859762325318,0.0,1.0,0.0
-6735.035979,1321,12991.307583,165.0,0.8787156194801917,0.0038931545366064665,0.004326983471570906,0.0,1.0,0.0
-6704.27205,1321,13016.500283,161.0,0.8810875599293465,0.0026495079485238456,0.0034348022235985904,0.0,1.0,0.0
-5844.520162,1321,13041.902944,188.0,0.8614938178147867,0.004271655672109873,0.005043677829446187,0.000757002271006813,1.0,0.000757002271006813
-6636.62485,1321,13066.805456,169.0,0.8736058541508958,0.0027125914711077464,0.0032929598788796364,0.0,1.0,0.0
-6740.446856,1321,13091.825329,169.0,0.8749053747161242,0.002674741357557406,0.003240745292221447,0.0,1.0,0.0
-6771.799466,1321,13116.641907,173.0,0.872382033812768,0.0036588443098662625,0.004017519195414729,0.0,1.0,0.0
-6678.154553,1321,13141.824136,188.0,0.8621246530406259,0.0034380519808226086,0.003981433655922679,0.0,1.0,0.0
-6440.930822,1321,13166.837188,250.0,0.8143956598536461,0.004289679535705273,0.005023250784038067,0.0,1.0,0.0
-6731.164657,1321,13191.987136,190.0,0.8604213979308606,0.003974261922785769,0.00462912896675198,0.000757002271006813,1.0,0.000757002271006813
-6745.285875,1321,13217.04603,198.0,0.8530153923795106,0.003595760787282362,0.0043329368083342345,0.0,1.0,0.0
-6738.403783,1321,13241.96078,190.0,0.8597653292959879,0.003875130673011066,0.004425459308123956,0.0,1.0,0.0
-6710.164406,1321,13267.227382,189.0,0.8599167297501891,0.0037291373778883235,0.004007961085932319,0.0,1.0,0.0
-6561.130418,1321,13292.49707,238.0,0.8281983345950038,0.008894776684330053,0.009634355887194647,0.0,1.0,0.0
-6642.661143,1321,13317.553837,190.0,0.8583774917991419,0.0020637323816733357,0.00234009829013614,0.0,1.0,0.0
-6709.276006,1321,13342.632099,193.0,0.8568634872571284,0.003451569878519159,0.003882941013902407,0.0,1.0,0.0
-6773.509226,1321,13367.677418,192.0,0.8590083270249811,0.0044158465808730755,0.00525395623805919,0.0,1.0,0.0
-6731.775683,1321,13392.763819,195.0,0.856535452939692,0.0034452615262607696,0.0038660809289121174,0.0,1.0,0.0
-6438.703542,1321,13417.934156,286.0,0.7899697199091597,0.008655960491691,0.0076301568731546015,0.0,1.0,0.0
-6697.407461,1321,13442.907959,198.0,0.8541004289679536,0.004839407375364983,0.005871389103788802,0.000757002271006813,1.0,0.000757002271006813
-6692.867633,1321,13467.965543,234.0,0.830545041635125,0.0071554738473739235,0.008002650054126209,0.0,1.0,0.0
-6351.329457,1321,13493.066747,288.0,0.7929094120615696,0.01353231678742655,0.012394464816872085,0.000757002271006813,1.0,0.000757002271006813
-6631.544051,1321,13518.131003,214.0,0.8434519303557909,0.004492448001153527,0.005256960215325091,0.0,1.0,0.0
-6603.781643,1321,13542.983103,228.0,0.8314228037922209,0.004587073285029379,0.005182461579130769,0.0,1.0,0.0
-6656.693365,1321,13568.244792,231.0,0.8317075808370282,0.006309253451569878,0.006558392402449935,0.0,1.0,0.0
-6113.096809,1321,13593.562738,331.0,0.7562005367834285,0.013071807072564074,0.010659312930319744,0.002271006813020439,1.0,0.002271006813020439
-6747.894197,1321,13618.623258,248.0,0.816994700984103,0.004839407375364983,0.005351285101474351,0.0,1.0,0.0
-5699.402809,1321,13644.209692,422.0,0.6975775927327782,0.01996142893190584,0.021148109187473306,0.0,1.0,0.0
-6558.756314,1321,13669.79958,253.0,0.8127050214483976,0.004258137774413323,0.0052179085108683895,0.000757002271006813,1.0,0.000757002271006813
-6756.466715,1321,13695.267051,252.0,0.8134620237194046,0.00414548862694207,0.005147615442846328,0.0,1.0,0.0
-6730.452464,1321,13720.315518,241.0,0.8234923038102447,0.004902490897948884,0.006086658736166685,0.0,1.0,0.0
-6773.412216,1321,13745.565968,227.0,0.8328538985616956,0.003672362207562813,0.004292738130739645,0.0,1.0,0.0
-6767.784435,1321,13770.720271,224.0,0.8354403229876357,0.00466818067120868,0.005607879377750687,0.0,1.0,0.0
-6340.668084,1321,13796.192418,160.0,0.8814029775422659,0.0032424930608125156,0.004075850972141661,0.0,1.0,0.0
-6577.572263,1321,13821.116777,261.0,0.8067751703255109,0.00406888720666162,0.0042428174903572325,0.0,1.0,0.0
-6706.526032,1321,13846.3221,258.0,0.8115695180418874,0.006132619588334954,0.0068929808521027295,0.0,1.0,0.0
-6772.476114,1321,13871.304033,253.0,0.8134241736058542,0.003942720161493818,0.004680305815809222,0.0,1.0,0.0
-6715.011542,1321,13896.302026,265.0,0.8031794095382286,0.00410042896795357,0.004441079989906636,0.0,1.0,0.0
-6585.76961,1321,13921.500997,311.0,0.7702371940449155,0.0059749107818752025,0.00636242384917631,0.0,1.0,0.0
-6647.404723,1321,13947.215038,244.0,0.8187862730254857,0.004031037093111279,0.005322774626332537,0.0,1.0,0.0
-6750.366832,1321,13972.507933,250.0,0.814976028261418,0.004195054251829422,0.005189671124568929,0.0,1.0,0.0
-6525.685208,1321,13998.01764,331.0,0.7598031794095382,0.009696838614325366,0.01141216425092277,0.0,1.0,0.0
-5619.662491,1321,14023.585897,503.0,0.638350275765113,0.021461014383043146,0.021696580818458183,0.003028009084027252,1.0,0.003028009084027252
-6161.080713,1321,14049.374018,342.0,0.7499747665909665,0.01045384088533218,0.010709888983923804,0.0,1.0,0.0
-5734.69099,1321,14075.060503,559.0,0.599078980570275,0.025306405681121805,0.02404093509316825,0.0,1.0,0.0
-6260.40338,1321,14100.45927,363.0,0.7311380267474136,0.005803684077718899,0.006746332143758336,0.000757002271006813,1.0,0.000757002271006813
-6732.117656,1321,14125.322616,273.0,0.7974009588695432,0.0038300710140225657,0.004344406539713125,0.0,1.0,0.0
-6780.75653,1321,14150.070041,309.0,0.7711582134746404,0.005722576691539598,0.006680845439361716,0.0,1.0,0.0
-6792.210025,1321,14175.41301,300.0,0.7790436537976282,0.005848743736707401,0.0069818439614049,0.0,1.0,0.0
-6792.935499,1321,14200.318546,284.0,0.7882916982084279,0.004019321581774269,0.00402172476358699,0.0,1.0,0.0
-6820.859731,1321,14225.295659,308.0,0.7704012112036336,0.0038931545366064665,0.004351561467382815,0.0,1.0,0.0
-6843.08274,1321,14250.256665,283.0,0.7910295230885691,0.005053891352150246,0.005925044759261262,0.0,1.0,0.0
-6812.242764,1321,14275.337781,296.0,0.7804693414080243,0.005073717602105187,0.00579587373682756,0.0,1.0,0.0
-6803.381912,1321,14300.454048,282.0,0.7915720413827907,0.005235932374463789,0.005569373850978696,0.0,1.0,0.0
-6108.675886,1321,14325.828071,406.0,0.7097400958869543,0.01580963195270538,0.017700034846136286,0.0,1.0,0.0
-5917.9963,1321,14351.666684,373.0,0.7322464943585307,0.014018961104502362,0.01665978482783933,0.000757002271006813,1.0,0.000757002271006813
-6455.938489,1321,14376.834064,375.0,0.7221954868245557,0.007885440322987635,0.008294582026603223,0.000757002271006813,1.0,0.000757002271006813
-6771.466583,1321,14401.603707,289.0,0.785011355034065,0.004587073285029378,0.005706355214303738,0.0,1.0,0.0
-6805.139763,1321,14426.698467,271.0,0.800517284885188,0.005344075556036191,0.00579046657774894,0.0,1.0,0.0
-6771.181379,1321,14451.766701,267.0,0.8022962402220541,0.004713240330197181,0.005640267714453937,0.0,1.0,0.0
-6826.203237,1321,14476.652912,268.0,0.805336866010598,0.0072816408925417235,0.008399775848678195,0.000757002271006813,1.0,0.000757002271006813
-6810.661548,1321,14502.079718,253.0,0.816136765076962,0.006542662485130312,0.0075315718010646095,0.0,1.0,0.0
-6843.559334,1321,14527.127873,263.0,0.806257885440323,0.005740600555134998,0.006429712939932471,0.0,1.0,0.0
-6809.83982,1321,14552.081947,271.0,0.8018798889730002,0.006630979416747774,0.007041994929958594,0.0,1.0,0.0
-6804.267334,1321,14577.38467,279.0,0.7926444612667171,0.00529901589704769,0.005328454874253511,0.0,1.0,0.0
-6826.260492,1321,14602.332247,285.0,0.7921397930860458,0.005564867885079846,0.006495964293087684,0.0,1.0,0.0
-6802.946086,1321,14627.418414,298.0,0.7797123391370174,0.005785660214123499,0.0064008747581798305,0.0,1.0,0.0
-6644.747736,1321,14652.45011,311.0,0.7728362351753721,0.008359467935546662,0.008313114255582083,0.0,1.0,0.0
-6717.52074,1321,14677.640995,295.0,0.7821852132223063,0.005280992033452291,0.005885993054804561,0.0,1.0,0.0
-6640.685253,1321,14702.771047,351.0,0.7416738762121047,0.007066255722576691,0.007623711976475035,0.000757002271006813,1.0,0.000757002271006813
-6533.267323,1321,14727.9893,355.0,0.7388666594571212,0.009935654806964421,0.00877461759369405,0.0,1.0,0.0
-5466.172471,1321,14753.626286,512.0,0.6352970332720522,0.02748729317616524,0.029682517835432295,0.0,1.0,0.0
-5628.733519,1321,14779.140101,532.0,0.6149048340002163,0.021606106484986124,0.019343374263889025,0.0,1.0,0.0
-6642.949265,1321,14804.186177,295.0,0.7831819328791321,0.007128438051980822,0.007114018961104503,0.000757002271006813,1.0,0.000757002271006813
-6806.627215,1321,14829.521818,279.0,0.7953822861468585,0.005407159078620093,0.006109652816692939,0.0,1.0,0.0
-6791.587831,1321,14854.743682,302.0,0.7777188998233663,0.0056279514076637465,0.005593460286874367,0.0,1.0,0.0
-6829.67678,1321,14879.837348,268.0,0.8035200605601815,0.005911827259291302,0.006948800211479999,0.0,1.0,0.0
-6820.373016,1321,14904.773988,263.0,0.8057027504415848,0.0052494502721603395,0.006399072371820289,0.0,1.0,0.0
-6844.127647,1321,14929.955681,263.0,0.8058793843048195,0.005344075556036192,0.006279514076637467,0.0,1.0,0.0
-6868.336077,1321,14955.501545,267.0,0.8024350239717386,0.004983598284128185,0.005915432032010381,0.0,1.0,0.0
-6820.443528,1321,14980.928437,266.0,0.8040878122634368,0.004713240330197181,0.005243797333123601,0.0,1.0,0.0
-6878.940928,1321,15006.318306,246.0,0.818950290184204,0.005659493168955697,0.006703675666582554,0.000757002271006813,1.0,0.000757002271006813
-6804.707454,1321,15031.542868,279.0,0.7959878879636639,0.005754118452831549,0.006861138693084188,0.0,1.0,0.0
-6806.984777,1321,15056.94793,298.0,0.7800025233409033,0.005470242601203994,0.006001946577268304,0.0,1.0,0.0
-5689.395342,1321,15082.762095,451.0,0.6713871165423021,0.020086694783893876,0.020580903661902905,0.000757002271006813,1.0,0.000757002271006813
-6644.020743,1321,15107.85981,308.0,0.7749252009660791,0.009122778558811865,0.0093081239561179,0.0,1.0,0.0
-6813.150959,1321,15133.199194,272.0,0.7994070148877113,0.005684726577989257,0.006592528507744253,0.0,1.0,0.0
-6853.056196,1321,15158.693606,235.0,0.8276558163007822,0.005016041238599907,0.006039305130902406,0.0,1.0,0.0
-6872.188358,1321,15183.751096,262.0,0.8068761039616451,0.004776323852781082,0.0055575217952205085,0.0,1.0,0.0
-6809.030125,1321,15209.060148,275.0,0.7960762048952813,0.0048709491366569335,0.006120920882465168,0.0,1.0,0.0
-6873.865069,1321,15234.105249,254.0,0.8137017411052234,0.005722576691539597,0.006763755211900555,0.0,1.0,0.0
-6309.481522,1321,15259.472836,463.0,0.6641577448541869,0.01755794672145921,0.016909606500825274,0.0,1.0,0.0
-6343.572113,1321,15284.814444,338.0,0.752296240222054,0.007989077538661186,0.00974025974025974,0.0,1.0,0.0
-6724.461153,1321,15310.274111,294.0,0.7829169820842796,0.005747810100573158,0.0066267738485755135,0.0,1.0,0.0
-6763.310928,1321,15335.701257,289.0,0.7875346959374211,0.005911827259291302,0.006805210098169978,0.0,1.0,0.0
-6842.031821,1321,15360.98077,266.0,0.8029901589704769,0.004352763058289175,0.00530442305612631,0.0,1.0,0.0
-6872.607747,1321,15386.328635,261.0,0.8062074186222559,0.0036227965826754614,0.004326983471570905,0.0,1.0,0.0
-5038.69039,1321,15412.359222,467.0,0.6655509895101114,0.02329133773115605,0.02850779887115996,0.0,1.0,0.0
-6280.28717,1321,15437.821898,353.0,0.7394145849104213,0.00814678634512094,0.008411737139973325,0.0,1.0,0.0
-6786.973078,1321,15463.035313,277.0,0.7959878879636639,0.005533326123787895,0.006422503394494311,0.0,1.0,0.0
-6875.027598,1321,15488.471989,267.0,0.8025359576078728,0.004713240330197181,0.005348881919661632,0.000757002271006813,1.0,0.000757002271006813
-6881.133057,1321,15513.705475,310.0,0.7713222306333586,0.005641469305360297,0.006181584417769128,0.000757002271006813,1.0,0.000757002271006813
-6861.927359,1321,15538.853007,300.0,0.7811506434519304,0.006694062939331674,0.007870420436658136,0.0,1.0,0.0
-6869.782999,1321,15564.217386,307.0,0.772445117335352,0.004587073285029379,0.005310540246195053,0.0,1.0,0.0
-6901.913334,1321,15589.309372,295.0,0.7824249306081251,0.005911827259291301,0.00692181903385537,0.0,1.0,0.0
-6695.845956,1321,15614.566307,342.0,0.7467701236437043,0.0051863667495764395,0.006111291349747065,0.0,1.0,0.0
-6788.023977,1321,15640.230346,322.0,0.7629447388342164,0.006037994304459104,0.007041322711269722,0.0,1.0,0.0
-6897.124536,1321,15665.37399,298.0,0.7796114055008833,0.005091741465700587,0.005302019874313591,0.0,1.0,0.0
-6719.780993,1321,15690.508469,329.0,0.7547564976028263,0.005911827259291302,0.005472044987563534,0.000757002271006813,1.0,0.000757002271006813
-6757.286873,1321,15715.651369,347.0,0.7429472621751199,0.006227244872210807,0.006558938580134644,0.0,1.0,0.0
-6859.365152,1321,15740.908517,314.0,0.7661746151905122,0.00528099203345229,0.006005005172302675,0.001514004542013626,1.0,0.001514004542013626
-6184.027927,1321,15766.592259,333.0,0.7532118524927004,0.00641649543996251,0.00673267770164061,0.0,1.0,0.0
-6729.77427,1321,15792.010652,354.0,0.7409574276341876,0.008807360945892361,0.009788924171967322,0.000757002271006813,1.0,0.000757002271006813
-6852.031305,1321,15816.991958,311.0,0.770035326772647,0.005848743736707401,0.00633779123559593,0.000757002271006813,1.0,0.000757002271006813
-6256.350314,1321,15842.884864,340.0,0.7483670379582568,0.007054540211239681,0.006914008692964029,0.0,1.0,0.0
-6761.357178,1321,15868.074852,310.0,0.7754478930103457,0.009696838614325368,0.010680941566634225,0.000757002271006813,1.0,0.000757002271006813
-6766.976328,1321,15893.35746,319.0,0.7642442593994448,0.007318589812912296,0.007052645394810423,0.0,1.0,0.0
-6479.33605,1321,15918.662485,333.0,0.7555071915215745,0.008068382538480948,0.008870799483971325,0.0,1.0,0.0
-6855.085579,1321,15943.686492,272.0,0.7991294473883422,0.005028657943116686,0.005394542374103313,0.0,1.0,0.0
-6885.520909,1321,15969.154934,266.0,0.8023845571536715,0.004334739194693774,0.0049571632841882655,0.0,1.0,0.0
-6433.270416,1321,15994.456526,401.0,0.709729281568797,0.013601708662268843,0.014070247189096547,0.0,1.0,0.0
-6716.948345,1321,16019.564707,338.0,0.7511228867019935,0.007128438051980821,0.007923891231991158,0.0,1.0,0.0
-6850.288793,1321,16044.555935,266.0,0.8034569770375979,0.005046681806712086,0.0055964096463717965,0.0,1.0,0.0
-6903.947491,1321,16069.561453,265.0,0.8042392127176382,0.004965574420532784,0.005714766350648258,0.000757002271006813,1.0,0.000757002271006813
-6889.978884,1321,16094.981229,278.0,0.7938556649003281,0.004587073285029379,0.005081527942996528,0.0,1.0,0.0
-6874.381098,1321,16120.485036,269.0,0.8011607368155437,0.0049024908979488835,0.0057243790778991385,0.0,1.0,0.0
-6429.947607,1321,16146.358072,384.0,0.71778955336866,0.010201506794996575,0.010280811794816335,0.0,1.0,0.0
-6839.569246,1321,16171.553097,294.0,0.7826141811758768,0.005299015897047691,0.005836727827643801,0.000757002271006813,1.0,0.000757002271006813
-6916.45149,1321,16196.693459,288.0,0.7910367326340073,0.006694062939331674,0.007560426788284471,0.0,1.0,0.0
-5355.833736,1321,16222.576664,480.0,0.6512826982925393,0.019000757002271006,0.021761521345170093,0.003028009084027252,1.0,0.003028009084027252
-6466.299992,1321,16247.875554,290.0,0.7849104213979308,0.0044095382286146855,0.005187267942756209,0.0,1.0,0.0
-6734.461485,1321,16273.197126,266.0,0.8032929598788795,0.0048330990231065935,0.005562218923309006,0.0,1.0,0.0
-6750.837159,1321,16298.675218,275.0,0.7962023719404492,0.004523989762445478,0.005414969419511434,0.000757002271006813,1.0,0.000757002271006813
-6806.941252,1321,16323.830316,304.0,0.7753595760787282,0.00466818067120868,0.0056090263508885765,0.000757002271006813,1.0,0.000757002271006813
-6846.046251,1321,16348.999647,315.0,0.7674993691647741,0.005722576691539598,0.006500006007954532,0.000757002271006813,1.0,0.000757002271006813
-6860.953146,1321,16374.079235,297.0,0.7817436285642189,0.0059821203273133635,0.006617761916777812,0.0,1.0,0.0
-6920.201874,1321,16399.463498,280.0,0.792253343426697,0.004587073285029378,0.005107416765251739,0.0,1.0,0.0
-6899.164843,1321,16424.577896,289.0,0.7845950037850112,0.0036408204462708626,0.004206769763166432,0.0,1.0,0.0
-6115.373892,1321,16450.076317,454.0,0.6680040373454454,0.013900003604772717,0.013667218474182893,0.000757002271006813,1.0,0.000757002271006813
-6869.051092,1321,16475.184326,288.0,0.7876987130961393,0.0059749107818752025,0.0063240275579412595,0.0,1.0,0.0
-6910.976826,1321,16500.429405,283.0,0.7901211203633611,0.004019321581774269,0.0045390642665434485,0.0,1.0,0.0
-6941.420728,1321,16525.508805,263.0,0.8025485743123895,0.0024224072672218017,0.0027414296528603874,0.000757002271006813,1.0,0.000757002271006813
-6130.433011,1321,16550.679156,425.0,0.6965808730759524,0.024130348581521934,0.026787721488705594,0.0,1.0,0.0
-6071.986584,1321,16576.249827,244.0,0.82072924552107,0.009237230092642658,0.009067204979392717,0.000757002271006813,1.0,0.000757002271006813
-6835.249062,1321,16601.238249,261.0,0.8056270502144838,0.0034065102195306586,0.0039045696502168874,0.0,1.0,0.0
-6877.592405,1321,16626.284785,261.0,0.8047817310118598,0.0028838181752640496,0.0033830791968566384,0.002271006813020439,1.0,0.002271006813020439
-6902.864846,1321,16651.318994,250.0,0.8132349230381024,0.0027378248801413073,0.0032845487425351163,0.000757002271006813,1.0,0.000757002271006813
-6911.658211,1321,16676.58239,279.0,0.7930229624022207,0.0035083450488446704,0.0040247833586213606,0.001514004542013626,1.0,0.001514004542013626
-6929.70624,1321,16701.458483,269.0,0.7990411304567246,0.0037039039688547635,0.004438076012640736,0.0,1.0,0.0
-6933.913907,1321,16726.293175,264.0,0.8043149129447388,0.003262319310767456,0.00399660059009037,0.000757002271006813,1.0,0.000757002271006813
-6543.690382,1321,16751.803247,239.0,0.821410547564976,0.002757651130096247,0.0026026459031758048,0.0,1.0,0.0
-6900.598339,1321,16777.025696,265.0,0.8048448145344435,0.005866767600302801,0.006518029871549933,0.0,1.0,0.0
-6190.332333,1321,16802.354331,424.0,0.6891820770700406,0.0140568112180527,0.013784814731067569,0.0,1.0,0.0
-5952.035174,1321,16827.541156,427.0,0.6959698641000684,0.021248332792617425,0.02263742649813808,0.000757002271006813,1.0,0.000757002271006813
-6638.475212,1321,16852.626703,350.0,0.7438259255253956,0.009791463898201217,0.009992047652910634,0.000757002271006813,1.0,0.000757002271006813
-6583.335356,1321,16878.000794,327.0,0.7596517789553369,0.0074889153238888295,0.006617761916777814,0.0,1.0,0.0
-6838.186835,1321,16903.037695,301.0,0.7778072167549834,0.006686853393893514,0.007523761460173269,0.000757002271006813,1.0,0.000757002271006813
-6623.906981,1321,16928.199265,306.0,0.7764265888035758,0.007129339245160591,0.007621854972347024,0.000757002271006813,1.0,0.000757002271006813
-6857.177822,1321,16953.486461,270.0,0.7992808478425435,0.004188745899571032,0.004635136921283779,0.0,1.0,0.0
-6561.18264,1321,16978.80133,346.0,0.7457986373959121,0.007425831801304927,0.008237124134171827,0.000757002271006813,1.0,0.000757002271006813
-6535.35777,1321,17003.868883,329.0,0.755690133737068,0.00582891748675246,0.005453420328514954,0.0,1.0,0.0
-6878.113935,1321,17028.838838,253.0,0.8135881907645723,0.005154824988284489,0.0060080091495685745,0.0,1.0,0.0
-6457.448953,1321,17054.283781,366.0,0.7315922281100177,0.012030928949929706,0.011201995077846706,0.0,1.0,0.0
-6758.559236,1321,17079.303582,300.0,0.778236184708554,0.005488266464799395,0.00578145464595124,0.000757002271006813,1.0,0.000757002271006813
-6923.434825,1321,17104.550169,258.0,0.8070527378248801,0.0034065102195306586,0.004106436922485371,0.000757002271006813,1.0,0.000757002271006813
-6892.273856,1321,17129.482357,253.0,0.8132349230381024,0.0052179085108683895,0.006080049986181705,0.001514004542013626,1.0,0.001514004542013626
-6512.261481,1321,17154.289155,386.0,0.7179571753000973,0.013526909628347931,0.012486331903440154,0.0,1.0,0.0
-6922.607048,1321,17179.41126,278.0,0.7941458491042139,0.004379798853682275,0.0048370041935522625,0.001514004542013626,1.0,0.001514004542013626
-6922.319474,1321,17204.43535,267.0,0.8002018672722684,0.0032172596517789556,0.003594559196376002,0.0,1.0,0.0
-6899.517108,1321,17229.541827,228.0,0.831566994700984,0.004019321581774269,0.00467418862574048,0.0,1.0,0.0
-6323.157626,1321,17254.917635,364.0,0.7340146353772393,0.01172722684834721,0.014041354389575435,0.0,1.0,0.0
-6799.512971,1321,17280.007914,288.0,0.788228614685844,0.005337767203777801,0.006570261263675343,0.0,1.0,0.0
-6895.795023,1321,17304.838429,236.0,0.8247665909664393,0.003987779820482318,0.004389520816470097,0.0,1.0,0.0
-6945.238335,1321,17329.598749,252.0,0.8118470855412566,0.003325402833351357,0.003704504764307944,0.0,1.0,0.0
-6901.410521,1321,17354.576091,244.0,0.8185087055261165,0.0035777369236869618,0.0044380760126407365,0.0,1.0,0.0
-5943.283449,1321,17379.945065,466.0,0.6631844562200353,0.02213150210879204,0.02203595462490239,0.0,1.0,0.0
-6869.947344,1321,17404.998558,277.0,0.7957607872823619,0.005375617317328142,0.006088461122526224,0.000757002271006813,1.0,0.000757002271006813
-6938.48537,1321,17430.135895,253.0,0.8122003532677263,0.0035326772646984603,0.004060776468043689,0.0,1.0,0.0
-6666.884297,1321,17455.1341,309.0,0.7743574492628239,0.009160628672362206,0.010646750843571433,0.0,1.0,0.0
-5669.607279,1321,17480.49522,359.0,0.740234670704012,0.015581630078223567,0.017374403710512718,0.0,1.0,0.0
-6731.946996,1321,17505.628598,341.0,0.746845823870805,0.00524945027216034,0.006272905326652488,0.0,1.0,0.0
-6880.913107,1321,17530.543266,309.0,0.7713474640423922,0.0056279514076637465,0.0062339082399642575,0.000757002271006813,1.0,0.000757002271006813
-6918.832077,1321,17555.626688,232.0,0.8298258894776683,0.00463663890991673,0.005201086238179349,0.0,1.0,0.0
-5678.492551,1321,17581.248292,459.0,0.6721179842110954,0.02263617028946325,0.024115492548497847,0.006813020439061317,1.0,0.006813020439061317
-6822.16888,1321,17606.242876,310.0,0.7710320464294727,0.005362099419631591,0.005937060668324862,0.0,1.0,0.0
-6921.039859,1321,17631.142717,283.0,0.7902977542265959,0.004233805558559532,0.004557634307823558,0.000757002271006813,1.0,0.000757002271006813
-6948.183422,1321,17655.977798,270.0,0.7999873832954832,0.004397822717277676,0.004840608966271344,0.0,1.0,0.0
-6009.776731,1321,17681.162822,438.0,0.6864748927580115,0.02010561984066904,0.023234125618682773,0.0,1.0,0.0
-6848.913351,1321,17706.003526,308.0,0.7714483976785264,0.003938214195594968,0.004440533812221928,0.0,1.0,0.0
-6904.053473,1321,17731.059735,275.0,0.7978046934140803,0.005470242601203994,0.006262691803948427,0.0,1.0,0.0
-6823.746294,1321,17756.432919,298.0,0.7784759020943729,0.0044158465808730755,0.0051301923747041085,0.0,1.0,0.0
-6745.966485,1321,17781.39855,308.0,0.7692657077971234,0.0031361522655996535,0.003767588286891845,0.001514004542013626,1.0,0.001514004542013626
-6892.484376,1321,17806.626514,302.0,0.7749432248296744,0.003735445730146714,0.004469972789427748,0.0,1.0,0.0
-6925.310099,1321,17831.786867,308.0,0.770439061317184,0.0035777369236869618,0.003832528813603757,0.000757002271006813,1.0,0.000757002271006813
-6946.148255,1321,17856.737867,267.0,0.8023593237446378,0.004208572149525971,0.004823841311350774,0.001514004542013626,1.0,0.001514004542013626
-6880.550857,1321,17882.053241,250.0,0.8139919253091092,0.00351465340110306,0.0037279357869819643,0.001514004542013626,1.0,0.001514004542013626
-6553.446203,1321,17907.299329,355.0,0.7379510471864749,0.006638188962185934,0.007627098278120231,0.002271006813020439,1.0,0.002271006813020439
-6836.166859,1321,17932.161698,296.0,0.7791698208427958,0.0037039039688547635,0.004158105331458851,0.0,1.0,0.0
-6918.337271,1321,17957.099595,272.0,0.7975649760282614,0.0035777369236869618,0.004079455744860741,0.0,1.0,0.0
-6920.649938,1321,17981.940418,271.0,0.7981958112541003,0.0033749684582387077,0.003437150787642839,0.000757002271006813,1.0,0.000757002271006813
-6931.341358,1321,18007.07733,281.0,0.7915972747918243,0.004271655672109873,0.004883866238900304,0.0,1.0,0.0
-6439.128826,1321,18032.538414,386.0,0.7174615190512238,0.013223207526765436,0.013034311974508795,0.0,1.0,0.0
-5889.670296,1321,18057.875773,442.0,0.6765960131213726,0.020061461374860316,0.02605770039532341,0.000757002271006813,1.0,0.000757002271006813
-6669.123945,1321,18083.184406,321.0,0.7620111026999747,0.005091741465700588,0.0055837929418550165,0.000757002271006813,1.0,0.000757002271006813
-5118.053492,1321,18108.248394,84.0,0.9377996467322737,0.0017347968710572802,0.0017368996551434097,0.0,1.0,0.0
-6698.181639,1321,18133.32718,291.0,0.7827403482210447,0.0035398868101366204,0.004200215630949924,0.000757002271006813,1.0,0.000757002271006813
-6894.422726,1321,18158.140406,294.0,0.7817310118597022,0.004542013626040878,0.005309830215204931,0.000757002271006813,1.0,0.000757002271006813
-6735.64942,1321,18183.367431,326.0,0.7595129952056523,0.008619912764500198,0.00744817046860953,0.0,1.0,0.0
-6926.280561,1321,18208.359989,280.0,0.7901211203633611,0.0024872931761652428,0.0029565144250988306,0.000757002271006813,1.0,0.000757002271006813
-6934.541298,1321,18233.620118,280.0,0.7910926066111531,0.0035777369236869618,0.0037417540824051044,0.0,1.0,0.0
-5323.658028,1321,18259.022558,599.0,0.5705336866010597,0.028356043401463533,0.030042995107340306,0.001514004542013626,1.0,0.001514004542013626
-5704.489844,1321,18284.719247,467.0,0.6675137882556506,0.0267402040301359,0.025776578539636826,0.0,1.0,0.0
-6831.715818,1321,18309.740508,281.0,0.789553368660106,0.002681049709815796,0.002462715180353333,0.001514004542013626,1.0,0.001514004542013626
-6444.080985,1321,18334.836986,299.0,0.778867019934393,0.005015140045420136,0.005442005214904534,0.000757002271006813,1.0,0.000757002271006813
-5560.428887,1321,18359.852851,57.0,0.9568508705526116,0.000757002271006813,0.000757002271006813,0.0,1.0,0.0
-6149.300521,1321,18384.953166,115.0,0.9135755740600556,0.0014509210194297247,0.001640171587181428,0.002271006813020439,1.0,0.002271006813020439
-6186.025626,1321,18410.245903,126.0,0.9053566922605529,0.0024602573807721425,0.002386359540031001,0.001514004542013626,1.0,0.001514004542013626
-6257.486956,1321,18435.129259,135.0,0.8980570275044157,0.0008516275548826646,0.0008946390475535063,0.003028009084027252,1.0,0.003028009084027252
-6377.586883,1321,18460.083189,149.0,0.8872066616199848,0.0008831693161746153,0.0009732886341516166,0.001514004542013626,1.0,0.001514004542013626
-6542.852893,1321,18484.910383,115.0,0.9133232399697199,0.0009462528387585163,0.0010093363613424174,0.0,1.0,0.0
-6492.0902,1321,18509.810636,77.0,0.9420893262679788,0.0008651454525792149,0.000925224997897216,0.000757002271006813,1.0,0.000757002271006813
-6627.939683,1321,18534.782779,94.0,0.9288417865253595,0.000757002271006813,0.000757002271006813,0.000757002271006813,1.0,0.000757002271006813
-6661.624665,1321,18559.822125,120.0,0.9091597274791824,0.000757002271006813,0.000757002271006813,0.001514004542013626,1.0,0.001514004542013626
-5774.359144,1321,18585.390679,312.0,0.7760318661908367,0.01640171587181428,0.016335246047585184,0.006056018168054504,1.0,0.006056018168054504
-5882.064518,1321,18610.34895,300.0,0.7811145957247395,0.010088857647525321,0.011885645685797088,0.009084027252081756,1.0,0.009084027252081756
-5734.562779,1321,18635.42215,132.0,0.9035732309577882,0.005614433509967197,0.004803578119248066,0.0,1.0,0.0
-6642.539172,1321,18660.733912,177.0,0.8679031037093111,0.0021448397678526365,0.002498107494322483,0.0,1.0,0.0
-6938.03194,1321,18685.92081,258.0,0.809121877365632,0.004468115785299737,0.004882173088077705,0.002271006813020439,1.0,0.002271006813020439
-6959.983006,1321,18710.927999,240.0,0.8223568004037345,0.003938214195594967,0.004888672602525745,0.000757002271006813,1.0,0.000757002271006813
-6957.748742,1321,18735.983282,226.0,0.8314029775422659,0.0028207346526801483,0.0031608394969485053,0.000757002271006813,1.0,0.000757002271006813
-6671.298107,1321,18761.522982,272.0,0.800794852384557,0.006863487257128436,0.007220414374085835,0.000757002271006813,1.0,0.000757002271006813
-6460.222506,1321,18786.815074,382.0,0.7204012112036335,0.010075339749828773,0.010679739975727865,0.010598031794095382,1.0,0.010598031794095382
-6690.119849,1321,18811.879732,317.0,0.7677769366641434,0.007033812768104971,0.00761868714177571,0.001514004542013626,1.0,0.001514004542013626
-6908.198458,1321,18837.090861,221.0,0.8354150895786022,0.003620994196315922,0.004445340175847368,0.001514004542013626,1.0,0.001514004542013626
-6943.281653,1321,18862.261482,214.0,0.8408402725208176,0.0037219278324501634,0.004408637035434915,0.001514004542013626,1.0,0.001514004542013626
-6939.988279,1321,18887.278549,223.0,0.8332071662881654,0.0024602573807721425,0.002741429652860387,0.0,1.0,0.0
-6944.382593,1321,18912.609143,207.0,0.8459500378501136,0.002838758516275549,0.0032406906744529757,0.0,1.0,0.0
-6818.740096,1321,18937.549988,293.0,0.7820716628816552,0.005198082260913449,0.0061827860086754866,0.000757002271006813,1.0,0.000757002271006813
-5855.719186,1321,18963.077759,489.0,0.6481904040950217,0.020169604556432717,0.022215176530089475,0.0,1.0,0.0
-6901.15178,1321,18988.043271,232.0,0.8281604844814534,0.003451569878519159,0.004210975331338692,0.001514004542013626,1.0,0.001514004542013626
-6917.102113,1321,19013.144797,247.0,0.8161998485995459,0.003280343174362856,0.003918988741093208,0.000757002271006813,1.0,0.000757002271006813
-6956.150365,1321,19038.049043,207.0,0.8476532929598789,0.003620994196315922,0.004141883854222992,0.0,1.0,0.0
-6938.427576,1321,19063.057999,239.0,0.8222558667676002,0.003262319310767456,0.003870324309385626,0.0,1.0,0.0
-5811.793193,1321,19088.546402,105.0,0.920893262679788,0.0009462528387585163,0.0010093363613424174,0.0,1.0,0.0
-6789.247785,1321,19113.664865,208.0,0.8437421145596772,0.0019060235752135827,0.002447640676255362,0.0,1.0,0.0
