#{"t_start": 1690586319.5448081, "env_id": "None"}
r,l,t,precision,recall,f1,sustain_precision,sustain_recall,sustain_f1
1212.098283,788,10.965075,0.8445431472081218,0.00504592700024172,0.1559322375312223,0.9263959390862944,1.0,0.9263959390862944
1202.038099,788,18.948145,0.8188451776649747,0.007540186125211506,0.18334642655708644,0.9631979695431472,1.0,0.9631979695431472
1359.300946,788,26.708478,0.8828680203045686,0.006450930626057529,0.11920775924583031,0.998730964467005,1.0,0.998730964467005
1394.848192,788,34.425514,0.9128595600676818,0.004970389170896784,0.09097171863669325,0.9974619289340102,1.0,0.9974619289340102
1403.532562,788,42.181398,0.9147631133671742,0.005076142131979695,0.08730964467005076,0.9949238578680203,1.0,0.9949238578680203
1380.819346,788,50.036283,0.8862098138747884,0.008989001692047378,0.12009910563210056,0.998730964467005,1.0,0.998730964467005
1387.30332,788,57.779068,0.8778553299492385,0.01537648054145516,0.13126057529610827,0.9873096446700508,1.0,0.9873096446700508
1420.887244,788,65.601212,0.9105329949238579,0.007656514382402707,0.0974014986705342,0.9923857868020305,1.0,0.9923857868020305
1437.5636,788,73.295649,0.9194162436548223,0.004272419627749577,0.08397087261300458,0.9936548223350253,1.0,0.9936548223350253
1439.659553,788,80.897963,0.9282994923857868,0.009877326565143825,0.07950809765530578,0.9936548223350253,1.0,0.9936548223350253
1425.386511,788,88.746418,0.916455160744501,0.010406091370558375,0.09376057529610828,0.9974619289340102,1.0,0.9974619289340102
1436.885574,788,96.702647,0.9029187817258884,0.004695431472081219,0.10137781000725163,0.9911167512690355,1.0,0.9911167512690355
1451.382871,788,104.381299,0.9439509306260576,0.005604906937394246,0.060046531302876474,0.9885786802030457,1.0,0.9885786802030457
1460.810089,788,112.057547,0.933904399323181,0.006493231810490694,0.06702119087905889,0.9949238578680203,1.0,0.9949238578680203
1434.604815,788,119.76178,0.9273829667230683,0.005076142131979695,0.07516728195662206,0.9974619289340102,1.0,0.9974619289340102
1432.442562,788,127.645567,0.951565143824027,0.006704737732656514,0.05633107727016356,0.9809644670050761,1.0,0.9809644670050761
1461.777559,788,135.536817,0.9394035532994924,0.004758883248730965,0.06353637901861252,0.9923857868020305,1.0,0.9923857868020305
1490.058776,788,143.286988,0.962351945854484,0.002326565143824027,0.03962210941906373,0.998730964467005,1.0,0.998730964467005
1509.280383,788,151.173446,0.9904822335025381,0.0009517766497461929,0.01015228426395939,0.9961928934010152,1.0,0.9961928934010152
1520.399455,788,158.959485,0.9689086294416244,0.0035956006768189507,0.03234227701232777,0.998730964467005,1.0,0.998730964467005
1499.129502,788,166.773743,0.9399323181049071,0.006493231810490694,0.06728305535412134,0.9949238578680203,1.0,0.9949238578680203
1495.995608,788,174.543162,0.9530456852791879,0.0025380710659898475,0.04860406091370558,0.998730964467005,1.0,0.998730964467005
1505.460222,788,182.346406,0.9447969543147208,0.0038071065989847717,0.05939086294416243,0.998730964467005,1.0,0.998730964467005
1512.057181,788,190.152452,0.9638324873096447,0.004335871404399323,0.039890016920473774,0.998730964467005,1.0,0.998730964467005
1495.687787,788,197.885112,0.9549492385786802,0.00042301184433164127,0.044923857868020306,0.9911167512690355,1.0,0.9911167512690355
1533.191342,788,205.91992,0.966793570219966,0.004378172588832488,0.0375,0.9911167512690355,1.0,0.9911167512690355
1524.077798,788,213.794229,0.9435279187817259,0.006568769639835629,0.06387781000725162,1.0,1.0,1.0
1539.569278,788,221.649461,0.9593908629441624,0.0060067681895093076,0.0470449601160261,0.998730964467005,1.0,0.998730964467005
1531.65284,788,229.693436,0.9619289340101523,0.004272419627749577,0.041606236403190715,1.0,1.0,1.0
1552.771832,788,237.758484,0.9631979695431472,0.006493231810490693,0.04147933284989122,0.9974619289340102,1.0,0.9974619289340102
1558.449425,788,245.805209,0.9768401015228426,0.007233502538071066,0.029399323181049066,0.9974619289340102,1.0,0.9974619289340102
1549.100479,788,253.85947,0.9750423011844332,0.0047377326565143825,0.027918781725888325,0.9974619289340102,1.0,0.9974619289340102
1555.698716,788,261.842059,0.9619289340101523,0.009813874788494078,0.046283538796229144,0.998730964467005,1.0,0.998730964467005
1550.156577,788,269.801242,0.9701776649746193,0.001692047377326565,0.031387478849407784,0.9974619289340102,1.0,0.9974619289340102
1556.607608,788,277.579105,0.9631979695431472,0.00676818950930626,0.04346748851824994,0.9961928934010152,1.0,0.9961928934010152
1538.906548,788,285.185023,0.949238578680203,0.006239424703891708,0.05697969543147207,0.998730964467005,1.0,0.998730964467005
1566.028551,788,293.213339,0.9765228426395939,0.0034898477157360407,0.027664974619289337,0.9949238578680203,1.0,0.9949238578680203
1558.491187,788,301.40813,0.9581218274111675,0.002791878172588833,0.04452501812907904,0.998730964467005,1.0,0.998730964467005
1557.623049,788,309.978862,0.9606598984771574,0.0006345177664974619,0.04018612521150592,0.998730964467005,1.0,0.998730964467005
1576.666361,788,318.142535,0.9674280879864636,0.004388747884940778,0.03481387478849408,1.0,1.0,1.0
1573.276712,788,326.063651,0.9733502538071066,0.0019035532994923859,0.02918781725888325,1.0,1.0,1.0
1574.470021,788,334.229975,0.9703891708967852,0.008142978003384094,0.033079526226734345,1.0,1.0,1.0
1576.664199,788,341.840032,0.9727157360406091,0.00511844331641286,0.03265651438240271,1.0,1.0,1.0
1583.705686,788,349.45096,0.9765228426395939,0.004864636209813875,0.02673434856175973,1.0,1.0,1.0
1591.503954,788,357.07025,0.9771573604060914,0.0032783417935702197,0.025277979211989363,1.0,1.0,1.0
1600.883789,788,364.84859,0.983502538071066,0.004864636209813874,0.02263113367174281,1.0,1.0,1.0
1598.35336,788,372.593252,0.9818104906937394,0.005710659898477157,0.022165820642978007,0.9974619289340102,1.0,0.9974619289340102
1570.143148,788,380.121475,0.9670050761421319,0.0036802030456852793,0.03682620256224317,0.9961928934010152,1.0,0.9961928934010152
1594.269787,788,387.893322,0.9746192893401016,0.0012690355329949238,0.0266497461928934,0.9949238578680203,1.0,0.9949238578680203
1607.912314,788,395.783324,0.9826565143824026,0.002326565143824027,0.01974055273547659,0.9974619289340102,1.0,0.9974619289340102
1608.397907,788,403.701591,0.9790609137055838,0.009094754653130288,0.02963500120860527,1.0,1.0,1.0
1606.146909,788,411.542949,0.9782148900169205,0.004653130287648054,0.024788494077834178,0.998730964467005,1.0,0.998730964467005
1606.296727,788,419.251067,0.9625634517766497,0.006027918781725888,0.04357021996615905,0.998730964467005,1.0,0.998730964467005
1607.074705,788,427.120819,0.9676395939086294,0.00666243654822335,0.037944162436548225,0.9961928934010152,1.0,0.9961928934010152
1614.805614,788,435.300287,0.9790609137055838,0.0033206429780033835,0.024407783417935702,1.0,1.0,1.0
1608.154091,788,444.635509,0.9733502538071066,0.0010575296108291032,0.026522842639593907,0.998730964467005,1.0,0.998730964467005
1620.088166,788,452.773316,0.9746192893401016,0.002326565143824027,0.02631133671742809,1.0,1.0,1.0
1624.533821,788,460.667282,0.983502538071066,0.002009306260575296,0.01933164128595601,1.0,1.0,1.0
1631.515421,788,468.629506,0.9822335025380711,0.00327834179357022,0.021869712351945857,0.998730964467005,1.0,0.998730964467005
1625.224988,788,476.53174,0.9784263959390863,0.005076142131979695,0.026226734348561757,1.0,1.0,1.0
1620.341981,788,639.047443,0.9782148900169205,0.002220812182741117,0.022800338409475467,1.0,1.0,1.0
1626.780415,788,646.844151,0.9790609137055838,0.004230118443316413,0.025676818950930623,0.998730964467005,1.0,0.998730964467005
1625.775806,788,654.549982,0.9809644670050761,0.006345177664974619,0.025193376843123033,1.0,1.0,1.0
1624.535672,788,662.288098,0.9765228426395939,0.0038071065989847717,0.024957698815566833,1.0,1.0,1.0
1635.047696,788,670.054933,0.983502538071066,0.0031725888324873096,0.019881556683587143,1.0,1.0,1.0
1637.967069,788,677.740503,0.9796954314720813,0.004441624365482234,0.025549915397631132,1.0,1.0,1.0
1637.591879,788,685.509571,0.9803299492385786,0.009306260575296108,0.027012327773749092,1.0,1.0,1.0
1640.206314,788,693.221213,0.9854060913705583,0.0071912013536379014,0.02305414551607445,0.9974619289340102,1.0,0.9974619289340102
1642.98646,788,700.967329,0.9796954314720813,0.011844331641285955,0.030879864636209807,1.0,1.0,1.0
1632.896914,788,708.723871,0.983502538071066,0.003912859560067682,0.02102368866328257,0.998730964467005,1.0,0.998730964467005
1629.749806,788,716.671776,0.9682741116751269,0.0038071065989847717,0.03447546531302876,1.0,1.0,1.0
1634.432631,788,724.443796,0.9714467005076142,0.005922165820642977,0.03483804689388445,1.0,1.0,1.0
1644.484181,788,732.156086,0.9771573604060914,0.004864636209813875,0.028553299492385786,0.998730964467005,1.0,0.998730964467005
1652.874318,788,739.906825,0.9777918781725888,0.007296954314720811,0.03024534686971235,1.0,1.0,1.0
1653.368648,788,747.659895,0.9896362098138748,0.005287648054145516,0.013902989283699943,1.0,1.0,1.0
1650.015455,788,755.655596,0.9760998307952624,0.011209813874788494,0.0338409475465313,1.0,1.0,1.0
1648.875994,788,763.420895,0.9771573604060914,0.006556683587140439,0.029695431472081216,0.998730964467005,1.0,0.998730964467005
1615.550519,788,771.336082,0.9714467005076142,0.004864636209813874,0.0338409475465313,0.9949238578680203,1.0,0.9949238578680203
1654.873216,788,778.960005,0.9828680203045685,0.008142978003384094,0.025338409475465316,0.998730964467005,1.0,0.998730964467005
1628.889417,788,786.803483,0.9663705583756346,0.004589678510998308,0.038790186125211505,0.998730964467005,1.0,0.998730964467005
1634.821669,788,794.803287,0.9663705583756346,0.0038071065989847717,0.037436548223350255,1.0,1.0,1.0
1642.150088,788,802.72537,0.9815989847715736,0.005858714043993231,0.025253807106598983,0.9961928934010152,1.0,0.9961928934010152
1651.179177,788,810.600704,0.9942893401015228,0.006133671742808798,0.012267343485617598,0.9949238578680203,1.0,0.9949238578680203
1636.070192,788,818.294932,0.9682741116751269,0.0034263959390862945,0.03341793570219966,0.998730964467005,1.0,0.998730964467005
1649.819947,788,826.09942,0.9809644670050761,0.004272419627749577,0.024111675126903553,0.9961928934010152,1.0,0.9961928934010152
1650.738816,788,834.174273,0.9771573604060914,0.009031302876480542,0.031810490693739424,0.9961928934010152,1.0,0.9961928934010152
1660.235898,788,841.946485,0.9828680203045685,0.00881979695431472,0.026099830795262267,0.9974619289340102,1.0,0.9974619289340102
1655.24133,788,849.761795,0.9739847715736041,0.004949238578680203,0.032318104906937394,0.998730964467005,1.0,0.998730964467005
1670.568336,788,857.555571,0.978849407783418,0.008650592216582065,0.02925429054870679,1.0,1.0,1.0
1667.488932,788,865.260312,0.9828680203045685,0.004758883248730965,0.022292724196277494,0.9961928934010152,1.0,0.9961928934010152
1671.770806,788,872.867096,0.9815989847715736,0.006345177664974619,0.02284263959390863,1.0,1.0,1.0
1673.417346,788,880.454429,0.9739847715736041,0.005710659898477157,0.032088469905728785,1.0,1.0,1.0
1681.298263,788,888.053049,0.9796954314720813,0.008291032148900168,0.02838409475465313,1.0,1.0,1.0
1688.235874,788,895.710999,0.9790609137055838,0.006704737732656514,0.028577471597776165,1.0,1.0,1.0
1684.098068,788,903.261875,0.9809644670050761,0.006175972927241962,0.027241962774957697,0.9961928934010152,1.0,0.9961928934010152
1681.652546,788,910.800488,0.9796954314720813,0.005752961082910321,0.026861252115059218,1.0,1.0,1.0
1672.2165,788,918.341814,0.9714467005076142,0.0034898477157360407,0.032741116751269034,0.998730964467005,1.0,0.998730964467005
1684.468112,788,925.935403,0.9796954314720813,0.00850253807106599,0.02921198936427363,1.0,1.0,1.0
1680.959409,788,933.577538,0.9758883248730964,0.0019458544839255497,0.026861252115059225,1.0,1.0,1.0
1679.830223,788,941.451406,0.9746192893401016,0.007825719120135364,0.0338409475465313,1.0,1.0,1.0
1677.292703,788,949.55061,0.9809644670050761,0.0034898477157360407,0.023773265651438242,0.9974619289340102,1.0,0.9974619289340102
1681.172232,788,957.42006,0.9794839255499153,0.008777495769881556,0.02991298042059463,0.998730964467005,1.0,0.998730964467005
1680.405501,788,965.320925,0.9796954314720813,0.011241539763113366,0.03338570622834582,0.9949238578680203,1.0,0.9949238578680203
1679.533221,788,973.424116,0.9695431472081218,0.003637901861252115,0.03462654097171863,0.998730964467005,1.0,0.998730964467005
1687.097594,788,981.493761,0.974090524534687,0.007233502538071066,0.031810490693739424,1.0,1.0,1.0
1678.306605,788,989.574422,0.9777918781725888,0.006916243654822334,0.030058013052936906,1.0,1.0,1.0
1686.975132,788,997.62945,0.983502538071066,0.006979695431472081,0.02341672709693014,0.998730964467005,1.0,0.998730964467005
1686.012666,788,1005.475603,0.9733502538071066,0.006175972927241962,0.03378051728305535,1.0,1.0,1.0
1698.573691,788,1013.208162,0.9712351945854485,0.012161590524534685,0.04156393521875754,1.0,1.0,1.0
1693.951207,788,1021.097259,0.9847715736040609,0.007508460236886633,0.024135847232293933,1.0,1.0,1.0
1686.29916,788,1028.955675,0.9777918781725888,0.00727580372250423,0.028637901861252115,0.998730964467005,1.0,0.998730964467005
1687.420757,788,1036.775933,0.9765228426395939,0.007296954314720812,0.031327048585931834,0.998730964467005,1.0,0.998730964467005
1689.349793,788,1044.549024,0.9790609137055838,0.005287648054145515,0.025954798162919988,1.0,1.0,1.0
1694.964686,788,1052.338309,0.9854060913705583,0.005393401015228426,0.02032874063330916,1.0,1.0,1.0
1695.643729,788,1060.137862,0.9750423011844332,0.004653130287648054,0.02963500120860527,1.0,1.0,1.0
1693.548502,788,1067.688789,0.9784263959390863,0.007656514382402707,0.030819434372733864,1.0,1.0,1.0
1695.326389,788,1075.415406,0.9815989847715736,0.0029610829103214886,0.021573604060913704,1.0,1.0,1.0
1699.412826,788,1083.285454,0.975253807106599,0.009306260575296108,0.03492264926275078,1.0,1.0,1.0
1699.189805,788,1091.095032,0.9815989847715736,0.009390862944162436,0.02918781725888325,0.998730964467005,1.0,0.998730964467005
1707.354526,788,1098.862522,0.9828680203045685,0.011104060913705584,0.02963500120860527,1.0,1.0,1.0
1698.963317,788,1106.97677,0.9847715736040609,0.007825719120135364,0.024111675126903553,1.0,1.0,1.0
1702.127472,788,1114.767582,0.987098138747885,0.008142978003384095,0.020920957215373456,1.0,1.0,1.0
1708.306103,788,1122.645204,0.9860406091370558,0.010194585448392557,0.026335508822818463,1.0,1.0,1.0
1711.12453,788,1130.527288,0.9809644670050761,0.011104060913705584,0.03153855450809765,0.998730964467005,1.0,0.998730964467005
1707.026442,788,1138.407311,0.9689086294416244,0.008248730964467006,0.04027677060671984,1.0,1.0,1.0
1703.853514,788,1146.227407,0.9689086294416244,0.007402707275803723,0.037436548223350255,1.0,1.0,1.0
1704.320292,788,1154.102892,0.9784263959390863,0.0133248730964467,0.03595600676818951,1.0,1.0,1.0
1712.550624,788,1162.162341,0.9712351945854485,0.010892554991539762,0.040591007976794775,1.0,1.0,1.0
1713.760471,788,1170.26759,0.9739847715736041,0.016751269035532992,0.044102006284747405,1.0,1.0,1.0
1716.258251,788,1178.37456,0.978849407783418,0.007910321489001691,0.027580372250423014,1.0,1.0,1.0
1721.34851,788,1186.42819,0.9807529610829103,0.014086294416243652,0.03329103214890017,1.0,1.0,1.0
1716.837254,788,1194.417882,0.9803299492385786,0.014911167512690355,0.0315989847715736,1.0,1.0,1.0
1713.219894,788,1202.314686,0.9708121827411168,0.01759729272419628,0.044207759245830314,0.998730964467005,1.0,0.998730964467005
1716.862036,788,1210.129359,0.978849407783418,0.010279187817258882,0.03153855450809766,1.0,1.0,1.0
1711.90134,788,1218.084613,0.9727157360406091,0.00994077834179357,0.037611795987430495,1.0,1.0,1.0
1724.443817,788,1226.053865,0.983502538071066,0.010998307952622672,0.0277072758037225,1.0,1.0,1.0
1712.36754,788,1234.110656,0.9714467005076142,0.006239424703891708,0.03445431472081218,0.998730964467005,1.0,0.998730964467005
1714.723523,788,1242.020059,0.9731387478849408,0.011738578680203046,0.03934010152284264,0.9949238578680203,1.0,0.9949238578680203
1709.328274,788,1249.854921,0.9790609137055838,0.006979695431472081,0.027012327773749092,0.9961928934010152,1.0,0.9961928934010152
1719.135312,788,1257.603512,0.9860406091370558,0.011886632825719121,0.02883127870437515,0.9949238578680203,1.0,0.9949238578680203
1712.333028,788,1265.573975,0.9629864636209814,0.012626903553299491,0.04900894367899444,0.998730964467005,1.0,0.998730964467005
1723.31153,788,1273.330702,0.9873096446700508,0.005329949238578681,0.0194585448392555,0.998730964467005,1.0,0.998730964467005
1719.295962,788,1281.079968,0.9739847715736041,0.00913705583756345,0.03627628716461204,1.0,1.0,1.0
1729.286695,788,1288.884144,0.9746192893401016,0.011738578680203046,0.038306744017403915,0.998730964467005,1.0,0.998730964467005
1729.220832,788,1296.650711,0.9801184433164127,0.016582064297800337,0.03648779308677786,0.9974619289340102,1.0,0.9974619289340102
1737.125718,788,1304.407838,0.9771573604060914,0.019860406091370558,0.043642736282330195,1.0,1.0,1.0
1730.800399,788,1312.267687,0.9765228426395939,0.013578680203045684,0.03568407058254774,1.0,1.0,1.0
1730.315677,788,1320.02533,0.9701776649746193,0.018718274111675128,0.04947425670775924,1.0,1.0,1.0
1729.155689,788,1327.945251,0.9854060913705583,0.007275803722504229,0.02328982354363065,1.0,1.0,1.0
1731.019785,788,1336.049099,0.9746192893401016,0.011188663282571912,0.039744984288131495,0.998730964467005,1.0,0.998730964467005
1736.781362,788,1344.041238,0.9847715736040609,0.014890016920473773,0.031472081218274106,1.0,1.0,1.0
1738.87032,788,1352.148585,0.983502538071066,0.016582064297800337,0.03386511965192168,0.998730964467005,1.0,0.998730964467005
1732.890883,788,1360.125918,0.9714467005076142,0.01385363790186125,0.04397510273144791,1.0,1.0,1.0
1731.09008,788,1367.884129,0.9805414551607444,0.018020304568527917,0.04077834179357021,1.0,1.0,1.0
1723.647601,788,1375.664174,0.9784263959390863,0.012457698815566836,0.036916847957457095,1.0,1.0,1.0
1734.494822,788,1383.325809,0.9784263959390863,0.015587986463620982,0.04004109257916364,1.0,1.0,1.0
1730.866645,788,1391.097711,0.9784263959390863,0.014699661590524533,0.0379683345419386,0.9961928934010152,1.0,0.9961928934010152
1731.735457,788,1398.998342,0.9771573604060914,0.011527072758037224,0.035998307952622675,0.9961928934010152,1.0,0.9961928934010152
1730.668538,788,1406.763026,0.9777918781725888,0.020135363790186125,0.0430263475948755,0.9961928934010152,1.0,0.9961928934010152
1734.88669,788,1414.556194,0.9809644670050761,0.02191201353637902,0.04499637418419144,0.9961928934010152,1.0,0.9961928934010152
1734.80733,788,1422.543137,0.9765228426395939,0.016116751269035532,0.04276649746192894,0.9961928934010152,1.0,0.9961928934010152
1747.042809,788,1430.480971,0.9771573604060914,0.02013536379018612,0.04593908629441624,1.0,1.0,1.0
1746.731918,788,1438.31516,0.9828680203045685,0.021510152284263954,0.03781725888324873,0.998730964467005,1.0,0.998730964467005
1733.848114,788,1446.070247,0.9682741116751269,0.011146362098138747,0.043255982596084125,1.0,1.0,1.0
1742.248176,788,1453.733679,0.9796954314720813,0.014530456852791878,0.0330190959632584,1.0,1.0,1.0
1750.006721,788,1461.524539,0.9765228426395939,0.016116751269035532,0.0428087986463621,1.0,1.0,1.0
1752.911661,788,1469.367189,0.9809644670050761,0.020960236886632823,0.042428087986463615,1.0,1.0,1.0
1744.535411,788,1477.028476,0.9777918781725888,0.011505922165820642,0.03415820642978003,1.0,1.0,1.0
1742.510361,788,1484.715808,0.97419627749577,0.024999999999999998,0.05080372250423012,1.0,1.0,1.0
1739.033749,788,1492.466735,0.9730329949238579,0.018549069373942472,0.04686971235194585,1.0,1.0,1.0
1750.908015,788,1500.156523,0.9828680203045685,0.016328257191201356,0.03591370558375634,1.0,1.0,1.0
1750.725341,788,1507.922053,0.9828680203045685,0.021615905245346866,0.041225525743292246,0.9974619289340102,1.0,0.9974619289340102
1750.23371,788,1515.64047,0.9739847715736041,0.018083756345177664,0.04376359680928208,1.0,1.0,1.0
1753.042601,788,1523.359685,0.9809644670050761,0.02400592216582064,0.04538917089678511,1.0,1.0,1.0
1753.915334,788,1531.223281,0.9731387478849407,0.02102368866328257,0.051212633953750704,0.998730964467005,1.0,0.998730964467005
1757.577002,788,1539.179931,0.9777918781725888,0.019775803722504228,0.04424703891708968,0.998730964467005,1.0,0.998730964467005
1753.256447,788,1547.115327,0.9739847715736041,0.016434010152284264,0.04435581339134638,1.0,1.0,1.0
1761.921553,788,1555.084268,0.9873096446700508,0.028109137055837563,0.044440415760212716,0.9961928934010152,1.0,0.9961928934010152
1748.705833,788,1563.005427,0.9733502538071066,0.021658206429780034,0.04746797196035775,1.0,1.0,1.0
1759.454116,788,1570.759947,0.9763113367174281,0.01876057529610829,0.04323181049069373,1.0,1.0,1.0
1759.20872,788,1578.470199,0.9849830795262267,0.0266497461928934,0.044881556683587134,0.998730964467005,1.0,0.998730964467005
1752.582308,788,1586.207831,0.9701776649746193,0.021298646362098137,0.05368020304568528,1.0,1.0,1.0
1756.379039,788,1594.00007,0.9784263959390863,0.019352791878172588,0.04289642252840222,1.0,1.0,1.0
1756.595608,788,1601.784893,0.9746192893401016,0.020875634517766497,0.047824510514865845,1.0,1.0,1.0
1759.313207,788,1609.515137,0.9782148900169205,0.02892343485617597,0.05252397067117879,1.0,1.0,1.0
1760.105191,788,1617.271617,0.9773688663282571,0.024365482233502538,0.04426818950930626,1.0,1.0,1.0
1765.572104,788,1624.970222,0.9822335025380711,0.02521150592216582,0.045812182741116744,1.0,1.0,1.0
1758.770861,788,1632.755803,0.9765228426395939,0.020177664974619286,0.04416243654822335,1.0,1.0,1.0
1764.986843,788,1640.580984,0.983502538071066,0.029547377326565143,0.049915397631133666,1.0,1.0,1.0
1760.865166,788,1648.492848,0.9733502538071066,0.022609983079526226,0.04818104906937395,1.0,1.0,1.0
1761.301184,788,1656.45915,0.9741962774957699,0.02472504230118443,0.053450568044476676,1.0,1.0,1.0
1765.187909,788,1664.183156,0.9803299492385786,0.029272419627749575,0.05493110949963741,1.0,1.0,1.0
1763.362518,788,1671.800246,0.9790609137055838,0.02662859560067682,0.05245951172347111,1.0,1.0,1.0
1756.734234,788,1679.65537,0.9809644670050761,0.025581641285956004,0.04703891708967851,1.0,1.0,1.0
1747.715156,788,1687.525938,0.9822335025380711,0.023730964467005074,0.04521996615905245,0.998730964467005,1.0,0.998730964467005
1735.153609,788,1695.185477,0.9733502538071066,0.026734348561759724,0.05520304568527919,0.9949238578680203,1.0,0.9949238578680203
1743.437416,788,1702.970513,0.9720812182741116,0.028087986463620984,0.06076867295141406,0.9961928934010152,1.0,0.9961928934010152
1753.796865,788,1710.922074,0.9727157360406091,0.030266497461928936,0.05917935702199661,1.0,1.0,1.0
1754.410915,788,1718.854013,0.9708121827411168,0.020410321489001692,0.04721416485375876,1.0,1.0,1.0
1762.124842,788,1726.712404,0.9792724196277497,0.027051607445008456,0.0504653130287648,0.998730964467005,1.0,0.998730964467005
1772.693104,788,1734.369599,0.9860406091370558,0.03240270727580372,0.04733502538071065,1.0,1.0,1.0
1761.854657,788,1742.233435,0.9739847715736041,0.02398477157360406,0.052453468697123515,0.998730964467005,1.0,0.998730964467005
1766.993166,788,1750.412788,0.9765228426395939,0.03151438240270728,0.05896785109983079,0.998730964467005,1.0,0.998730964467005
1770.547798,788,1758.565757,0.9670050761421319,0.033544839255499156,0.07126540971718635,1.0,1.0,1.0
1767.314324,788,1766.399649,0.9763113367174281,0.03445431472081218,0.05668963016678752,0.9936548223350253,1.0,0.9936548223350253
1771.090792,788,1774.305383,0.9885786802030457,0.03615693739424704,0.04804004512126339,0.9949238578680203,1.0,0.9949238578680203
1777.378923,788,1782.251061,0.9815989847715736,0.03155668358714044,0.05258037225042301,1.0,1.0,1.0
1779.486373,788,1790.13582,0.9828680203045685,0.023942470389170897,0.044736524051244855,1.0,1.0,1.0
1777.234086,788,1797.972275,0.9796954314720813,0.031006768189509308,0.05452622673434856,1.0,1.0,1.0
1775.755478,788,1805.784072,0.9765228426395939,0.03329103214890017,0.05820642978003384,1.0,1.0,1.0
1777.94633,788,1813.623851,0.9714467005076142,0.03299492385786802,0.061463620981387475,1.0,1.0,1.0
1777.560291,788,1821.722589,0.9826565143824026,0.040820642978003384,0.06127628716461204,0.9949238578680203,1.0,0.9949238578680203
1734.86086,788,1829.694386,0.9555837563451777,0.028849407783417932,0.07736886632825718,0.9898477157360406,1.0,0.9898477157360406
1770.670034,788,1837.748294,0.9784263959390863,0.03472927241962775,0.060134155184916604,0.9949238578680203,1.0,0.9949238578680203
1779.092339,788,1845.826794,0.9733502538071066,0.033671742808798644,0.05939086294416243,1.0,1.0,1.0
1780.785057,788,1853.571176,0.9803299492385786,0.03039340101522843,0.05232656514382403,0.998730964467005,1.0,0.998730964467005
1776.113241,788,1861.341348,0.9629864636209814,0.02842639593908629,0.06783297075175247,1.0,1.0,1.0
1781.961289,788,1869.269579,0.9765228426395939,0.024471235194585446,0.05038071065989847,1.0,1.0,1.0
1774.016254,788,1877.04695,0.9670050761421319,0.033565989847715735,0.0687394247038917,1.0,1.0,1.0
1781.19905,788,1884.833837,0.9809644670050761,0.03678087986463621,0.058079526226734346,0.998730964467005,1.0,0.998730964467005
1782.258902,788,1892.585043,0.9714467005076142,0.04183587140439932,0.07068527918781725,0.998730964467005,1.0,0.998730964467005
1786.187907,788,1900.326485,0.9828680203045685,0.03411590524534687,0.056139714769156385,1.0,1.0,1.0
1785.400971,788,1908.08557,0.9896362098138748,0.03642131979695431,0.04826565143824027,0.998730964467005,1.0,0.998730964467005
1788.630145,788,1915.869876,0.9803299492385786,0.03267766497461929,0.05816412859560067,1.0,1.0,1.0
1786.644711,788,1923.49157,0.983502538071066,0.04138113367174281,0.05912295544275239,1.0,1.0,1.0
1784.986795,788,1931.082608,0.9784263959390863,0.03413705583756345,0.05791032148900168,1.0,1.0,1.0
1787.635934,788,1938.728913,0.9809644670050761,0.03606175972927242,0.058611312545322695,1.0,1.0,1.0
1792.000801,788,1946.817204,0.9873096446700508,0.038959390862944164,0.054483925549915393,1.0,1.0,1.0
1793.174855,788,1954.8557,0.9809644670050761,0.03965736040609137,0.06302876480541456,1.0,1.0,1.0
1792.26613,788,1962.80922,0.9851945854483926,0.03739424703891709,0.05516678752719362,1.0,1.0,1.0
1794.834523,788,1970.82372,0.983502538071066,0.03904399323181049,0.06019458544839254,1.0,1.0,1.0
1785.565048,788,1978.819729,0.9809644670050761,0.033565989847715735,0.05693739424703892,1.0,1.0,1.0
1788.346198,788,1986.744025,0.9841370558375635,0.027157360406091367,0.04602368866328257,1.0,1.0,1.0
1782.605715,788,1994.536086,0.9767343485617598,0.046362098138747886,0.07461928934010152,0.998730964467005,1.0,0.998730964467005
1777.219656,788,2002.34898,0.9714467005076142,0.035681049069373943,0.0660321489001692,1.0,1.0,1.0
1767.995768,788,2010.231407,0.9619289340101523,0.02838409475465313,0.07093908629441623,1.0,1.0,1.0
1788.651938,788,2018.003121,0.9790609137055838,0.03659052453468697,0.06362098138747883,1.0,1.0,1.0
1787.848676,788,2025.831169,0.9706006768189508,0.03430626057529611,0.06351824993956974,1.0,1.0,1.0
1794.875661,788,2033.873668,0.975253807106599,0.04096869712351946,0.07047377326565143,1.0,1.0,1.0
1790.460886,788,2041.838635,0.9739847715736041,0.041455160744500855,0.06400169204737732,1.0,1.0,1.0
1789.34139,788,2049.831776,0.9811759729272419,0.032043147208121826,0.051438240270727575,1.0,1.0,1.0
1791.02194,788,2057.78865,0.9801184433164127,0.044606598984771574,0.06802030456852791,1.0,1.0,1.0
1786.549203,788,2065.826463,0.9771573604060914,0.03182106598984772,0.05789622109419063,0.998730964467005,1.0,0.998730964467005
1791.313722,788,2073.84197,0.9803299492385786,0.032550761421319796,0.053722504230118436,1.0,1.0,1.0
1789.621671,788,2081.829973,0.9828680203045685,0.0280668358714044,0.04784263959390862,1.0,1.0,1.0
1795.788143,788,2089.742608,0.983502538071066,0.03271996615905245,0.05274957698815566,1.0,1.0,1.0
1799.562321,788,2097.443312,0.9860406091370558,0.04308375634517766,0.0604906937394247,1.0,1.0,1.0
1793.151315,788,2105.306468,0.9756768189509307,0.04989424703891709,0.07506647328982353,1.0,1.0,1.0
1793.771368,788,2113.258823,0.9809644670050761,0.046721658206429775,0.07085448392554991,1.0,1.0,1.0
1791.100968,788,2121.267131,0.977580372250423,0.0422165820642978,0.0682741116751269,1.0,1.0,1.0
1782.483208,788,2129.090364,0.9777918781725888,0.03329103214890017,0.055118443316412864,1.0,1.0,1.0
1791.952509,788,2137.377149,0.9822335025380711,0.04547377326565143,0.06994802997341068,1.0,1.0,1.0
1787.200285,788,2145.313024,0.9809644670050761,0.036357868020304565,0.06214043993231811,1.0,1.0,1.0
1789.727463,788,2153.241168,0.9837140439932319,0.040672588832487304,0.059541938602852305,1.0,1.0,1.0
1794.088479,788,2161.356908,0.9727157360406091,0.04625634517766498,0.07051607445008459,1.0,1.0,1.0
1794.333037,788,2169.094007,0.9822335025380711,0.0377326565143824,0.06104060913705583,1.0,1.0,1.0
1793.302365,788,2176.845292,0.9803299492385786,0.04297800338409476,0.06209813874788494,0.998730964467005,1.0,0.998730964467005
1801.959514,788,2184.828497,0.9809644670050761,0.04530456852791879,0.06912013536379019,1.0,1.0,1.0
1799.167261,788,2192.835824,0.9777918781725888,0.04134940778341794,0.06950084602368867,1.0,1.0,1.0
1793.345721,788,2200.844654,0.9746192893401016,0.039890016920473774,0.06772419627749576,1.0,1.0,1.0
1805.04338,788,2208.755245,0.9828680203045685,0.05000000000000001,0.0754653130287648,1.0,1.0,1.0
1803.325105,788,2216.77017,0.9790609137055838,0.04403553299492386,0.0687394247038917,1.0,1.0,1.0
1801.130692,788,2225.046748,0.9777918781725888,0.0456429780033841,0.0739424703891709,1.0,1.0,1.0
1808.86874,788,2232.956001,0.9828680203045685,0.05463197969543147,0.07845056804447666,1.0,1.0,1.0
1805.297511,788,2241.056064,0.975253807106599,0.05619712351945854,0.0888808315204254,1.0,1.0,1.0
1800.932522,788,2248.986831,0.9771573604060914,0.04691201353637902,0.0771150592216582,1.0,1.0,1.0
1808.224777,788,2256.986715,0.9885786802030457,0.05205160744500846,0.07191201353637902,1.0,1.0,1.0
1800.655971,788,2264.699557,0.9708121827411168,0.04873096446700508,0.08261421319796954,1.0,1.0,1.0
1805.986452,788,2272.380585,0.9796954314720813,0.04515651438240271,0.07411771815325113,1.0,1.0,1.0
1808.781564,788,2280.431099,0.9822335025380711,0.052263113367174284,0.07461928934010152,1.0,1.0,1.0
1800.166198,788,2288.322067,0.9655245346869713,0.05886209813874788,0.09877326565143824,1.0,1.0,1.0
1805.002061,788,2296.338454,0.9765228426395939,0.052115059221658204,0.07880710659898477,1.0,1.0,1.0
1804.662616,788,2304.393241,0.9828680203045685,0.05463197969543148,0.0760635726371767,1.0,1.0,1.0
1807.610365,788,2312.473391,0.9822335025380711,0.050719120135363796,0.07606357263717671,1.0,1.0,1.0
1798.399039,788,2320.388458,0.9788494077834179,0.03430626057529611,0.05791032148900168,1.0,1.0,1.0
1811.369149,788,2328.20867,0.9892131979695431,0.04714467005076142,0.06226734348561759,1.0,1.0,1.0
1807.924438,788,2335.795383,0.9803299492385786,0.04090524534686971,0.06728305535412134,1.0,1.0,1.0
1816.633948,788,2343.595809,0.9885786802030457,0.053785956006768186,0.07368866328257191,1.0,1.0,1.0
1802.684678,788,2351.649384,0.9828680203045685,0.048815566835871405,0.07182741116751268,1.0,1.0,1.0
1802.937651,788,2359.793224,0.9777918781725888,0.040989847715736036,0.06264805414551608,1.0,1.0,1.0
1809.537564,788,2367.699289,0.9841370558375635,0.048244500846023684,0.07263113367174281,1.0,1.0,1.0
1813.766654,788,2375.545228,0.9841370558375635,0.05905245346869712,0.08553299492385788,1.0,1.0,1.0
1809.921738,788,2383.381709,0.9790609137055838,0.05535109983079526,0.08248730964467005,1.0,1.0,1.0
1815.214476,788,2391.265055,0.9923857868020305,0.05379653130287648,0.06872532430908065,1.0,1.0,1.0
1808.540702,788,2399.341742,0.9739847715736041,0.04919627749576988,0.07675852066715011,1.0,1.0,1.0
1811.07813,788,2407.146138,0.9784263959390863,0.05099407783417936,0.07999153976311336,1.0,1.0,1.0
1817.763835,788,2415.170664,0.9866751269035533,0.06730118443316413,0.0865482233502538,1.0,1.0,1.0
1817.123395,788,2423.23252,0.9873096446700508,0.049725042301184436,0.07081218274111675,1.0,1.0,1.0
1814.955332,788,2431.118035,0.9790609137055838,0.05296108291032149,0.0761844331641286,1.0,1.0,1.0
1816.343618,788,2439.132849,0.984560067681895,0.054187817258883254,0.07385786802030457,1.0,1.0,1.0
1815.756786,788,2446.862099,0.9830795262267344,0.05843908629441624,0.0846688421561518,1.0,1.0,1.0
1814.058409,788,2454.660912,0.9796954314720813,0.05112098138747885,0.07838409475465313,1.0,1.0,1.0
1805.841762,788,2462.486027,0.9733502538071066,0.042026226734348554,0.07466159052453468,1.0,1.0,1.0
1811.510267,788,2470.429354,0.9822335025380711,0.05004230118443317,0.06986947063089194,1.0,1.0,1.0
1816.921311,788,2478.304807,0.9847715736040609,0.05249576988155667,0.07550761421319797,1.0,1.0,1.0
1818.300637,788,2486.142132,0.9847715736040609,0.06624365482233503,0.0826565143824027,1.0,1.0,1.0
1823.3083,788,2494.073386,0.9921742808798646,0.06719543147208122,0.0798223350253807,1.0,1.0,1.0
1811.181264,788,2501.912271,0.9790609137055838,0.0412648054145516,0.06577834179357021,1.0,1.0,1.0
1810.225574,788,2509.659787,0.9780033840947546,0.05162859560067681,0.07478849407783417,1.0,1.0,1.0
1816.778509,788,2517.658901,0.9807529610829102,0.06051184433164129,0.08427000241721053,1.0,1.0,1.0
1821.918717,788,2525.638049,0.9826565143824028,0.06871827411167514,0.08967851099830794,0.998730964467005,1.0,0.998730964467005
1819.746379,788,2533.646582,0.9828680203045685,0.05708544839255499,0.07965313028764803,1.0,1.0,1.0
1816.884191,788,2541.524086,0.9803299492385786,0.060046531302876474,0.08697123519458545,1.0,1.0,1.0
1817.069249,788,2549.215394,0.9803299492385786,0.05139593908629442,0.07483079526226734,1.0,1.0,1.0
1812.424353,788,2556.931102,0.9727157360406091,0.06184433164128596,0.0967851099830795,1.0,1.0,1.0
1818.931853,788,2564.701717,0.9822335025380711,0.06087140439932318,0.08388324873096446,1.0,1.0,1.0
1816.437983,788,2572.62083,0.9767343485617598,0.05382825719120135,0.0825356538554508,1.0,1.0,1.0
1814.316735,788,2580.597444,0.9763113367174281,0.06008883248730965,0.08785956006768188,1.0,1.0,1.0
1818.891167,788,2588.678349,0.9780033840947546,0.06981810490693739,0.0938663282571912,1.0,1.0,1.0
1812.447591,788,2596.796853,0.9758883248730964,0.043020304568527915,0.07104786076867295,1.0,1.0,1.0
1800.27679,788,2604.805963,0.9777918781725888,0.051840101522842644,0.07726613488034807,1.0,1.0,1.0
1806.240843,788,2612.634135,0.9822335025380711,0.05936971235194585,0.07741116751269035,1.0,1.0,1.0
1800.837171,788,2620.367007,0.9767343485617598,0.05736040609137055,0.08062605752961081,0.998730964467005,1.0,0.998730964467005
1800.124621,788,2627.979117,0.9667935702199663,0.04989424703891709,0.08369591491418903,1.0,1.0,1.0
1808.032404,788,2635.815367,0.9758883248730964,0.05038071065989847,0.07944162436548223,0.998730964467005,1.0,0.998730964467005
1811.753337,788,2643.760083,0.9771573604060914,0.057910321489001694,0.08671742808798646,1.0,1.0,1.0
1803.932807,788,2651.532429,0.9710236886632827,0.04545262267343486,0.0769881556683587,1.0,1.0,1.0
1818.454753,788,2659.171861,0.9856175972927242,0.05835448392554991,0.07961082910321488,1.0,1.0,1.0
1815.364477,788,2666.77095,0.980118443316413,0.05611252115059221,0.07811215856901135,1.0,1.0,1.0
1820.3897,788,2674.402101,0.9820219966159052,0.05966582064297799,0.0827834179357022,1.0,1.0,1.0
1813.251281,788,2682.213375,0.9790609137055838,0.050401861252115064,0.07515711868503747,1.0,1.0,1.0
1817.362907,788,2690.138702,0.9847715736040609,0.0527072758037225,0.07445008460236886,1.0,1.0,1.0
1819.057225,788,2697.951712,0.9873096446700508,0.05285532994923858,0.06905970510031424,1.0,1.0,1.0
1818.479562,788,2705.943246,0.983502538071066,0.052178510998307955,0.07483079526226734,0.998730964467005,1.0,0.998730964467005
1823.746176,788,2713.711214,0.9879441624365483,0.05795262267343486,0.07470389170896785,1.0,1.0,1.0
1821.96313,788,2721.361548,0.9851945854483926,0.056218274111675126,0.07373096446700507,1.0,1.0,1.0
1824.215463,788,2729.118239,0.9837140439932319,0.06410744500846023,0.0846446700507614,1.0,1.0,1.0
1810.481063,788,2736.764333,0.9731387478849408,0.0578891708967851,0.08781725888324872,1.0,1.0,1.0
1813.725532,788,2744.368164,0.9815989847715736,0.050719120135363796,0.0751269035532995,1.0,1.0,1.0
1815.419664,788,2752.043761,0.977580372250423,0.052178510998307955,0.07897631133671743,1.0,1.0,1.0
1812.29364,788,2759.686125,0.9727157360406091,0.05099407783417935,0.08341793570219966,1.0,1.0,1.0
1818.661696,788,2767.436877,0.9754653130287647,0.060892554991539755,0.09039763113367175,1.0,1.0,1.0
1814.006262,788,2775.63085,0.9784263959390863,0.05135363790186125,0.07339255499153975,1.0,1.0,1.0
1820.132481,788,2783.32145,0.9818104906937394,0.05977157360406091,0.08158085569253083,1.0,1.0,1.0
1810.569188,788,2791.222277,0.9657360406091371,0.0508248730964467,0.09175126903553299,1.0,1.0,1.0
1821.887452,788,2799.405599,0.9841370558375635,0.06266920473773264,0.08853637901861253,1.0,1.0,1.0
1819.263867,788,2807.351382,0.9873096446700508,0.056937394247038906,0.0699238578680203,1.0,1.0,1.0
1821.423595,788,2815.277933,0.9873096446700508,0.05710659898477157,0.07829949238578679,1.0,1.0,1.0
1826.295838,788,2823.456831,0.9860406091370558,0.06317681895093062,0.07986463620981388,0.998730964467005,1.0,0.998730964467005
1820.175174,788,2831.224647,0.9746192893401016,0.060617597292724194,0.08735194585448391,0.998730964467005,1.0,0.998730964467005
1818.959568,788,2838.770696,0.9737732656514382,0.06789340101522842,0.0983502538071066,1.0,1.0,1.0
1824.944571,788,2846.880588,0.9813874788494078,0.05444162436548223,0.07652284263959391,1.0,1.0,1.0
1834.333148,788,2854.546113,0.9873096446700508,0.06871827411167511,0.08955160744500845,1.0,1.0,1.0
1830.52775,788,2862.299324,0.9875211505922167,0.060046531302876474,0.07766497461928933,1.0,1.0,1.0
1831.221539,788,2870.084878,0.991751269035533,0.06321912013536378,0.07766497461928934,0.9961928934010152,1.0,0.9961928934010152
1828.352043,788,2877.914388,0.9904822335025381,0.059517766497461926,0.07339255499153977,0.998730964467005,1.0,0.998730964467005
1826.220922,788,2885.945345,0.9854060913705583,0.058100676818950925,0.07622673434856177,1.0,1.0,1.0
1826.271844,788,2894.020717,0.9809644670050761,0.06089255499153976,0.08764805414551607,1.0,1.0,1.0
1828.397436,788,2902.010394,0.9885786802030457,0.06579949238578679,0.081816533720087,1.0,1.0,1.0
1830.186544,788,2910.11377,0.9837140439932318,0.06713197969543148,0.09018612521150592,1.0,1.0,1.0
1833.244725,788,2918.297861,0.9919627749576988,0.05913705583756346,0.07525380710659899,1.0,1.0,1.0
1827.291265,788,2926.254605,0.9841370558375635,0.05617597292724196,0.07855329949238579,1.0,1.0,1.0
1822.966804,788,2934.189892,0.9843485617597294,0.058608291032148895,0.07944162436548223,0.998730964467005,1.0,0.998730964467005
1828.989852,788,2942.07668,0.9837140439932318,0.059475465313028754,0.07825719120135363,1.0,1.0,1.0
1825.644084,788,2950.029445,0.9822335025380711,0.056239424703891705,0.07825719120135365,1.0,1.0,1.0
1828.480478,788,2957.626017,0.9837140439932318,0.06051184433164127,0.08010031423737007,1.0,1.0,1.0
1825.841448,788,2965.292626,0.9769458544839255,0.06656091370558374,0.097165820642978,1.0,1.0,1.0
1811.859568,788,2973.13753,0.9701776649746193,0.066751269035533,0.09966159052453469,0.998730964467005,1.0,0.998730964467005
1808.78425,788,2981.189135,0.9706006768189508,0.06626480541455161,0.0970207880106357,1.0,1.0,1.0
1821.250799,788,2989.076145,0.9771573604060914,0.067914551607445,0.09661590524534686,1.0,1.0,1.0
1821.767259,788,2997.334271,0.9822335025380711,0.06660321489001692,0.08705583756345177,1.0,1.0,1.0
1811.483011,788,3005.431146,0.9815989847715736,0.05839678510998307,0.08164128595600677,1.0,1.0,1.0
1825.533051,788,3013.513047,0.9841370558375635,0.060617597292724194,0.08050519700265892,0.998730964467005,1.0,0.998730964467005
1827.612656,788,3021.409435,0.9803299492385786,0.06427664974619288,0.09280879864636209,1.0,1.0,1.0
1831.625414,788,3029.693974,0.9877326565143825,0.06941624365482234,0.08684433164128597,0.998730964467005,1.0,0.998730964467005
1834.278747,788,3037.603149,0.98836717428088,0.06717428087986463,0.08519458544839255,0.998730964467005,1.0,0.998730964467005
1828.917592,788,3045.663035,0.9841370558375635,0.06905668358714044,0.0891285956006768,1.0,1.0,1.0
1824.132963,788,3053.645112,0.975253807106599,0.05628172588832486,0.08752115059221657,1.0,1.0,1.0
1827.952542,788,3061.769723,0.9854060913705583,0.06478426395939085,0.08409475465313028,0.998730964467005,1.0,0.998730964467005
1832.821163,788,3069.491841,0.9839255499153977,0.07066412859560067,0.09166666666666665,1.0,1.0,1.0
1828.873847,788,3077.140194,0.983502538071066,0.06706852791878173,0.09153976311336716,1.0,1.0,1.0
1822.133105,788,3084.949932,0.9771573604060914,0.05490693739424704,0.08479574570945128,1.0,1.0,1.0
1819.367819,788,3092.986093,0.9828680203045685,0.06279610829103215,0.08879018612521151,1.0,1.0,1.0
1822.617495,788,3100.937698,0.9854060913705583,0.06199238578680202,0.08388324873096446,1.0,1.0,1.0
1831.502891,788,3109.385671,0.9856175972927241,0.06905668358714044,0.08955160744500845,1.0,1.0,1.0
1829.420797,788,3117.419899,0.9815989847715736,0.07590947546531303,0.09987309644670049,1.0,1.0,1.0
1832.108228,788,3125.367823,0.9841370558375635,0.06742808798646363,0.08984771573604061,1.0,1.0,1.0
1831.814764,788,3133.260624,0.9790609137055838,0.06975465313028766,0.09805414551607444,1.0,1.0,1.0
1827.885908,788,3141.413078,0.9796954314720813,0.06195008460236886,0.09124365482233503,1.0,1.0,1.0
1835.479173,788,3149.414109,0.984560067681895,0.0779610829103215,0.09796954314720811,1.0,1.0,1.0
1826.772681,788,3157.413023,0.9809644670050761,0.05939086294416243,0.08485617597292724,1.0,1.0,1.0
1826.516169,788,3165.246601,0.976311336717428,0.06615905245346869,0.09796954314720813,1.0,1.0,1.0
1828.140081,788,3173.221723,0.9815989847715736,0.06861252115059222,0.09014382402707276,1.0,1.0,1.0
1837.092491,788,3181.088847,0.9860406091370558,0.08094331641285955,0.10203045685279187,1.0,1.0,1.0
1837.046337,788,3189.0168,0.9822335025380711,0.07686125211505923,0.10423011844331641,1.0,1.0,1.0
1834.767,788,3197.338433,0.9856175972927242,0.06421319796954315,0.08574450084602368,1.0,1.0,1.0
1835.728134,788,3205.377681,0.9839255499153975,0.07643824027072757,0.10114213197969542,1.0,1.0,1.0
1830.693487,788,3213.329592,0.9790609137055838,0.06892978003384094,0.097165820642978,1.0,1.0,1.0
1826.704261,788,3221.198463,0.9746192893401016,0.06586294416243654,0.09509306260575297,1.0,1.0,1.0
1831.459823,788,3228.960796,0.9815989847715736,0.0675549915397631,0.09285109983079527,1.0,1.0,1.0
1800.909793,788,3236.905072,0.9796954314720813,0.07036802030456853,0.09932318104906937,1.0,1.0,1.0
1798.003705,788,3244.7415,0.9807529610829102,0.07590947546531303,0.10421198936427363,0.9974619289340102,1.0,0.9974619289340102
1795.125935,788,3252.662656,0.9659475465313029,0.07821489001692047,0.11472081218274112,0.9961928934010152,1.0,0.9961928934010152
1823.561391,788,3260.625923,0.9689086294416244,0.0715736040609137,0.11146362098138747,0.998730964467005,1.0,0.998730964467005
1823.657908,788,3268.524894,0.9828680203045685,0.06622250423011844,0.08938240270727581,1.0,1.0,1.0
1826.212627,788,3276.450579,0.9771573604060914,0.06850676818950929,0.09725042301184432,1.0,1.0,1.0
1830.111172,788,3284.452316,0.9828680203045685,0.0641497461928934,0.09048223350253805,1.0,1.0,1.0
1830.398376,788,3292.539309,0.975253807106599,0.0819585448392555,0.10998307952622673,0.9974619289340102,1.0,0.9974619289340102
1826.573812,788,3300.252901,0.9826565143824026,0.06584179357021995,0.08824631375392798,1.0,1.0,1.0
1837.808538,788,3307.88123,0.9851945854483924,0.07749576988155668,0.10186729514140681,1.0,1.0,1.0
1833.236901,788,3315.618713,0.9801184433164127,0.07203891708967851,0.10160744500846024,1.0,1.0,1.0
1832.080336,788,3323.252702,0.9818104906937394,0.06797800338409475,0.09416243654822333,1.0,1.0,1.0
1841.428091,788,3330.926179,0.9879441624365483,0.07963197969543147,0.1004653130287648,1.0,1.0,1.0
1840.573432,788,3338.546855,0.9868866328257191,0.07303299492385787,0.09153976311336716,1.0,1.0,1.0
1843.821219,788,3346.18088,0.9898477157360406,0.08197969543147207,0.10067681895093061,1.0,1.0,1.0
1842.284965,788,3353.887167,0.9843485617597292,0.07872250423011844,0.10594633792603335,1.0,1.0,1.0
1832.064663,788,3361.737079,0.9746192893401016,0.07163705583756345,0.10048948513415518,1.0,1.0,1.0
1835.784708,788,3369.638717,0.9794839255499153,0.07231387478849408,0.09703891708967852,1.0,1.0,1.0
1841.255327,788,3377.713315,0.9828680203045685,0.08171531302876481,0.1054427523970671,1.0,1.0,1.0
1839.220694,788,3385.491332,0.9875211505922167,0.07425972927241963,0.09585448392554992,1.0,1.0,1.0
1837.919275,788,3393.2755,0.9830795262267343,0.08083756345177666,0.10334179357021997,1.0,1.0,1.0
1841.975496,788,3400.819629,0.9854060913705583,0.08126057529610829,0.1043570219966159,1.0,1.0,1.0
1842.446147,788,3408.941891,0.9828680203045685,0.07965313028764805,0.10173434856175971,1.0,1.0,1.0
1830.813477,788,3417.032979,0.9708121827411168,0.06802030456852791,0.1004653130287648,1.0,1.0,1.0
1839.577199,788,3424.911831,0.9837140439932318,0.07796108291032149,0.10008460236886633,1.0,1.0,1.0
1840.315671,788,3432.706103,0.9773688663282571,0.07648054145516074,0.10291878172588832,1.0,1.0,1.0
1841.783427,788,3440.555923,0.9847715736040609,0.07351945854483927,0.09750423011844331,0.998730964467005,1.0,0.998730964467005
1844.518855,788,3448.271344,0.991751269035533,0.08045685279187818,0.09796954314720811,1.0,1.0,1.0
1846.99678,788,3455.993046,0.9879441624365483,0.08747884940778343,0.10814599951655789,1.0,1.0,1.0
1840.919764,788,3463.659985,0.9873096446700508,0.07933587140439931,0.09890016920473772,1.0,1.0,1.0
1838.453288,788,3471.320737,0.9784263959390863,0.08240270727580373,0.10676818950930625,1.0,1.0,1.0
1844.093545,788,3479.145687,0.9860406091370558,0.07793993231810491,0.10122673434856176,1.0,1.0,1.0
1841.465716,788,3487.096099,0.9883671742808797,0.07846869712351945,0.0919688179840464,1.0,1.0,1.0
1846.980031,788,3494.83845,0.9890016920473774,0.08889593908629444,0.10994682136814116,1.0,1.0,1.0
1837.785706,788,3502.883451,0.9841370558375635,0.0771150592216582,0.10105752961082909,1.0,1.0,1.0
1850.343042,788,3510.835684,0.993020304568528,0.08477157360406092,0.10102127145274353,1.0,1.0,1.0
1845.082799,788,3518.638834,0.9885786802030457,0.07736886632825718,0.10127507855934252,1.0,1.0,1.0
1842.773669,788,3526.633318,0.9854060913705583,0.07958967851099831,0.10346869712351944,0.998730964467005,1.0,0.998730964467005
1838.499619,788,3534.626092,0.9815989847715736,0.0741539763113367,0.1027133188300701,1.0,1.0,1.0
1846.093786,788,3542.323319,0.9879441624365483,0.07903976311336718,0.10025985013294658,1.0,1.0,1.0
1840.537885,788,3550.145348,0.980118443316413,0.07779187817258883,0.10821247280638144,1.0,1.0,1.0
1851.839429,788,3557.967276,0.990693739424704,0.09058798646362097,0.10854483925549915,1.0,1.0,1.0
1846.668788,788,3565.737669,0.9904822335025381,0.08214890016920474,0.10254411409233744,1.0,1.0,1.0
1849.939455,788,3573.371566,0.9860406091370558,0.084665820642978,0.11163886874546772,1.0,1.0,1.0
1851.421283,788,3580.961423,0.9911167512690355,0.09037648054145517,0.10748730964467004,1.0,1.0,1.0
1840.957431,788,3588.601715,0.9790609137055838,0.07726311336717429,0.10499153976311335,1.0,1.0,1.0
1845.467553,788,3596.295109,0.9805414551607444,0.08589255499153976,0.11480541455160745,1.0,1.0,1.0
1842.458979,788,3604.480871,0.9822335025380711,0.08231810490693739,0.10667150108774473,1.0,1.0,1.0
1847.263145,788,3612.563329,0.9811759729272419,0.0858502538071066,0.1098984771573604,1.0,1.0,1.0
1846.18397,788,3620.23012,0.9847715736040609,0.08781725888324872,0.1130710659898477,1.0,1.0,1.0
1845.325166,788,3628.079047,0.9805414551607446,0.084665820642978,0.11171742808798646,1.0,1.0,1.0
1849.353841,788,3635.814449,0.9879441624365483,0.08847292724196278,0.10321489001692047,0.998730964467005,1.0,0.998730964467005
1842.240734,788,3643.548344,0.9771573604060914,0.08365059221658205,0.11261179598743051,1.0,1.0,1.0
1845.167323,788,3651.587757,0.9845600676818952,0.0811336717428088,0.10617597292724196,1.0,1.0,1.0
1849.185103,788,3659.610475,0.9847715736040609,0.08445431472081218,0.10734832003867535,1.0,1.0,1.0
1844.076602,788,3667.499015,0.9809644670050761,0.08606175972927241,0.10736040609137056,1.0,1.0,1.0
1847.080238,788,3675.333284,0.9822335025380711,0.07891285956006767,0.10812182741116749,1.0,1.0,1.0
1844.871246,788,3683.113394,0.9792724196277497,0.08472927241962774,0.11340947546531303,1.0,1.0,1.0
1851.86402,788,3690.9696,0.9832910321489001,0.08819796954314721,0.11269035532994921,1.0,1.0,1.0
1845.600237,788,3699.099398,0.979906937394247,0.08001269035532994,0.10431472081218272,1.0,1.0,1.0
1848.331759,788,3706.922307,0.9892131979695431,0.08874788494077834,0.10653855450809765,1.0,1.0,1.0
1848.734371,788,3714.844864,0.9826565143824026,0.09803299492385786,0.1233562968334542,1.0,1.0,1.0
1851.818301,788,3722.914186,0.982445008460237,0.09760998307952622,0.12567681895093064,1.0,1.0,1.0
1850.695536,788,3730.554233,0.9873096446700508,0.08718274111675127,0.10931230360164369,1.0,1.0,1.0
1845.824762,788,3738.390988,0.9771573604060914,0.0857233502538071,0.11793570219966155,1.0,1.0,1.0
1850.872274,788,3746.191236,0.9856175972927242,0.09151861252115061,0.11269035532994921,1.0,1.0,1.0
1854.236285,788,3753.818753,0.9919627749576989,0.09416243654822333,0.11192893401015228,1.0,1.0,1.0
1850.912798,788,3761.663188,0.9898477157360406,0.08798646362098138,0.10791032148900169,1.0,1.0,1.0
1844.210383,788,3769.533003,0.9815989847715736,0.08048857868020304,0.10561195713479976,1.0,1.0,1.0
1852.349995,788,3777.566801,0.9879441624365483,0.08851522842639593,0.11099830795262268,1.0,1.0,1.0
1847.27315,788,3785.624686,0.9815989847715736,0.08934010152284265,0.11353637901861251,1.0,1.0,1.0
1846.924585,788,3793.441842,0.9862521150592217,0.0790186125211506,0.10004230118443316,1.0,1.0,1.0
1843.440562,788,3801.252203,0.9777918781725888,0.08392554991539762,0.10901015228426394,1.0,1.0,1.0
1845.301519,788,3809.170237,0.9790609137055838,0.0820642978003384,0.108502538071066,1.0,1.0,1.0
1851.848032,788,3817.171016,0.9841370558375635,0.09426818950930625,0.1221718636693256,1.0,1.0,1.0
1851.707551,788,3825.164254,0.9815989847715736,0.09126480541455159,0.12089678510998308,1.0,1.0,1.0
1849.130541,788,3832.974751,0.9792724196277497,0.09323181049069375,0.12008097655305776,1.0,1.0,1.0
1849.56347,788,3840.829913,0.9822335025380711,0.08593485617597293,0.11565143824027072,1.0,1.0,1.0
1852.861734,788,3848.663215,0.9828680203045685,0.09280879864636209,0.12455885907662557,1.0,1.0,1.0
1855.177044,788,3856.375848,0.9892131979695431,0.0979906937394247,0.125,0.998730964467005,1.0,0.998730964467005
1849.786785,788,3864.132342,0.9815989847715736,0.08839890016920474,0.11631415679639029,0.998730964467005,1.0,0.998730964467005
1847.114713,788,3871.919451,0.9777918781725888,0.09003807106598985,0.11840705825477399,1.0,1.0,1.0
1849.927002,788,3879.966244,0.9868866328257192,0.08544839255499154,0.10133550882281847,1.0,1.0,1.0
1852.712242,788,3887.974269,0.9866751269035533,0.08675972927241962,0.10791032148900169,1.0,1.0,1.0
1851.43102,788,3895.915621,0.9904822335025381,0.08821912013536379,0.10579526226734348,1.0,1.0,1.0
1852.750635,788,3903.958947,0.9860406091370558,0.09236463620981387,0.1149746192893401,0.998730964467005,1.0,0.998730964467005
1853.192536,788,3911.809875,0.9892131979695431,0.08109137055837565,0.1009306260575296,1.0,1.0,1.0
1851.901351,788,3920.003291,0.9873096446700508,0.09318950930626058,0.1170896785109983,1.0,1.0,1.0
1850.449492,788,3928.068424,0.9828680203045685,0.09392978003384093,0.1197969543147208,1.0,1.0,1.0
1852.282253,788,3935.930135,0.9815989847715736,0.09058798646362097,0.11789340101522841,1.0,1.0,1.0
1850.68082,788,3943.68366,0.981175972927242,0.0891497461928934,0.11730118443316412,1.0,1.0,1.0
1849.478204,788,3951.27045,0.9864636209813875,0.09204737732656514,0.1115482233502538,1.0,1.0,1.0
1847.320274,788,3958.990436,0.9809644670050761,0.08629441624365482,0.11298646362098139,1.0,1.0,1.0
1851.604562,788,3966.876374,0.9879441624365483,0.09514593908629441,0.11749858996051887,1.0,1.0,1.0
1848.102283,788,3974.481887,0.9892131979695431,0.08371404399323182,0.10590403674160019,1.0,1.0,1.0
1845.584908,788,3982.043009,0.9813874788494077,0.09814932318104908,0.12570501974055273,1.0,1.0,1.0
1842.386895,788,3989.579444,0.9796954314720813,0.09020727580372252,0.11717428087986463,1.0,1.0,1.0
1840.210517,788,3997.14093,0.9771573604060914,0.08191624365482233,0.11349407783417935,1.0,1.0,1.0
1848.557593,788,4004.938522,0.9807529610829103,0.09462774957698815,0.12460116026105873,1.0,1.0,1.0
1840.355371,788,4012.845114,0.977580372250423,0.0805414551607445,0.11524957698815566,1.0,1.0,1.0
1839.976828,788,4020.525345,0.97419627749577,0.08276226734348562,0.11210418177423254,1.0,1.0,1.0
1847.03028,788,4028.072529,0.9801184433164127,0.0815989847715736,0.11421319796954314,1.0,1.0,1.0
1852.594745,788,4035.856464,0.9824450084602369,0.0937605752961083,0.12055837563451777,0.998730964467005,1.0,0.998730964467005
1850.609874,788,4043.392102,0.9790609137055838,0.09194162436548224,0.1233321247280638,1.0,1.0,1.0
1849.187719,788,4050.924553,0.9744077834179358,0.08887478849407783,0.12513294657964708,1.0,1.0,1.0
1850.105969,788,4058.900427,0.9792724196277496,0.09489213197969543,0.1256204173716864,1.0,1.0,1.0
1849.268651,788,4066.840258,0.9790609137055838,0.09215313028764804,0.12623277737490934,1.0,1.0,1.0
1854.738821,788,4074.684576,0.9809644670050761,0.10255922165820643,0.1351522842639594,1.0,1.0,1.0
1849.246032,788,4082.518028,0.9763113367174281,0.08819796954314721,0.11750060430263475,1.0,1.0,1.0
1852.026884,788,4090.482529,0.9879441624365483,0.08367174280879865,0.10723350253807107,1.0,1.0,1.0
1856.210262,788,4098.289783,0.9879441624365483,0.08773265651438239,0.10878051728305535,1.0,1.0,1.0
1858.897859,788,4106.140815,0.9894247038917089,0.09206852791878173,0.1100072516316171,1.0,1.0,1.0
1860.845165,788,4114.003469,0.9919627749576989,0.09101099830795263,0.10664128595600676,1.0,1.0,1.0
1849.444,788,4121.66527,0.9714467005076142,0.09261844331641286,0.12445008460236887,1.0,1.0,1.0
1857.540508,788,4129.258309,0.9864636209813875,0.09906937394247038,0.12174280879864635,1.0,1.0,1.0
1858.261464,788,4137.192008,0.9904822335025381,0.09293570219966159,0.11199540729997581,1.0,1.0,1.0
1857.851205,788,4144.896829,0.9875211505922167,0.09976734348561758,0.11713197969543147,1.0,1.0,1.0
1851.94931,788,4152.656082,0.9843485617597292,0.08815566835871405,0.11129441624365481,1.0,1.0,1.0
1860.769151,788,4160.396281,0.9904822335025381,0.09934433164128595,0.11965192168237852,1.0,1.0,1.0
1856.368453,788,4168.155768,0.9815989847715736,0.09515651438240269,0.12313874788494078,1.0,1.0,1.0
1856.052889,788,4176.022112,0.9841370558375635,0.09830795262267343,0.12448835710257028,1.0,1.0,1.0
1857.306989,788,4183.879828,0.9828680203045685,0.1010258037225042,0.12473209249858996,1.0,1.0,1.0
1857.282851,788,4191.560664,0.9898477157360406,0.09841370558375634,0.11751269035532994,1.0,1.0,1.0
1859.423683,788,4199.21296,0.988155668358714,0.09769458544839256,0.11713197969543147,0.998730964467005,1.0,0.998730964467005
1860.607518,788,4206.796593,0.9911167512690355,0.09731387478849408,0.12043147208121827,1.0,1.0,1.0
1861.957328,788,4214.559907,0.9892131979695431,0.10873519458544839,0.13236040609137054,1.0,1.0,1.0
1853.743116,788,4222.123123,0.9862521150592217,0.07931472081218274,0.1017766497461929,1.0,1.0,1.0
1858.042963,788,4229.61943,0.9826565143824028,0.0990482233502538,0.1232233502538071,1.0,1.0,1.0
1855.687459,788,4237.207548,0.9862521150592217,0.08944585448392556,0.10896785109983079,1.0,1.0,1.0
1861.586995,788,4245.366908,0.9879441624365483,0.10033840947546531,0.12335025380710658,1.0,1.0,1.0
1858.255109,788,4253.286725,0.9892131979695431,0.09890016920473774,0.11899323181049068,1.0,1.0,1.0
1848.363477,788,4261.173584,0.9712351945854483,0.0919839255499154,0.12910321489001692,1.0,1.0,1.0
1849.758131,788,4269.002266,0.9790609137055838,0.08976311336717428,0.11472081218274112,1.0,1.0,1.0
1847.510147,788,4276.980745,0.9815989847715736,0.09805414551607444,0.1249818709209572,1.0,1.0,1.0
1830.435464,788,4284.802055,0.9735617597292725,0.08221235194585448,0.11240029006526467,1.0,1.0,1.0
1838.387535,788,4292.643551,0.9841370558375635,0.08377749576988155,0.10926395939086293,1.0,1.0,1.0
1838.597262,788,4300.29378,0.968062605752961,0.09196277495769882,0.13333333333333333,1.0,1.0,1.0
1845.90782,788,4307.875772,0.9803299492385786,0.1012901861252115,0.12316291999033116,1.0,1.0,1.0
1836.311166,788,4315.530512,0.9796954314720813,0.08337563451776649,0.10854483925549915,1.0,1.0,1.0
1853.351404,788,4323.139635,0.978849407783418,0.10040186125211505,0.13297679477882524,1.0,1.0,1.0
1847.861212,788,4330.812593,0.9812817258883249,0.09204737732656514,0.11559100797679477,1.0,1.0,1.0
1852.23833,788,4338.637696,0.9815989847715736,0.10007402707275802,0.12633953750705018,1.0,1.0,1.0
1845.529536,788,4346.632071,0.9866751269035533,0.08147208121827411,0.10306985738457819,1.0,1.0,1.0
1846.095272,788,4354.663508,0.975359560067682,0.09202622673434856,0.1224014986705342,1.0,1.0,1.0
1849.797173,788,4362.637843,0.9803299492385786,0.08898054145516075,0.11597171863669326,1.0,1.0,1.0
1852.260538,788,4370.402436,0.9822335025380711,0.10112098138747885,0.12576142131979698,1.0,1.0,1.0
1849.269131,788,4378.26198,0.9913282571912013,0.10372250423011845,0.12178510998307952,1.0,1.0,1.0
1844.948145,788,4386.033172,0.9885786802030457,0.080414551607445,0.10177664974619288,1.0,1.0,1.0
1852.741946,788,4393.856749,0.9862521150592216,0.10097292724196277,0.12009306260575295,1.0,1.0,1.0
1855.411538,788,4401.877782,0.9841370558375635,0.09653130287648054,0.1277072758037225,1.0,1.0,1.0
1852.854176,788,4410.188074,0.9824450084602369,0.08940355329949237,0.11383248730964465,1.0,1.0,1.0
1847.785022,788,4418.16154,0.9767343485617598,0.08794416243654823,0.11844331641285953,1.0,1.0,1.0
1860.738187,788,4426.160595,0.9885786802030457,0.10539340101522843,0.1311336717428088,1.0,1.0,1.0
1857.00888,788,4433.776649,0.9790609137055838,0.0983502538071066,0.13316412859560064,1.0,1.0,1.0
1857.01185,788,4441.695235,0.9854060913705583,0.10769881556683586,0.13016074450084597,0.998730964467005,1.0,0.998730964467005
1854.027147,788,4449.580964,0.9828680203045685,0.0997567681895093,0.12427282249617275,1.0,1.0,1.0
1848.930813,788,4457.568733,0.9898477157360406,0.08872673434856175,0.1089678510998308,0.998730964467005,1.0,0.998730964467005
1848.187484,788,4465.760581,0.9805414551607444,0.09022842639593907,0.12075175247764078,1.0,1.0,1.0
1848.672408,788,4473.833499,0.9784263959390863,0.10143824027072756,0.1352368866328257,1.0,1.0,1.0
1850.484871,788,4482.042346,0.9777918781725888,0.09192047377326566,0.1225042301184433,1.0,1.0,1.0
1852.993206,788,4490.039633,0.979906937394247,0.09801184433164128,0.12385786802030456,1.0,1.0,1.0
1854.102144,788,4498.084811,0.9792724196277496,0.09631979695431472,0.11893280154701474,1.0,1.0,1.0
1860.687995,788,4505.941426,0.9898477157360406,0.08989001692047377,0.11205583756345178,1.0,1.0,1.0
1859.68935,788,4514.099498,0.9919627749576989,0.09173011844331641,0.11081097413584722,1.0,1.0,1.0
1863.303112,788,4522.3108,0.9879441624365483,0.10033840947546531,0.12536258158085567,1.0,1.0,1.0
1862.571464,788,4530.275036,0.9900592216582064,0.08900169204737732,0.10939086294416242,1.0,1.0,1.0
1859.791284,788,4538.136512,0.9854060913705583,0.0931472081218274,0.11827411167512689,1.0,1.0,1.0
1863.221535,788,4546.12995,0.9847715736040609,0.10410321489001692,0.13240270727580372,1.0,1.0,1.0
1861.913792,788,4554.080095,0.9904822335025381,0.10118443316412859,0.12335025380710658,0.998730964467005,1.0,0.998730964467005
1869.548235,788,4561.894841,0.9898477157360406,0.11785109983079527,0.14520183708000964,0.998730964467005,1.0,0.998730964467005
1864.12692,788,4569.838303,0.9866751269035533,0.10158629441624364,0.1274353396180807,0.998730964467005,1.0,0.998730964467005
1862.117038,788,4577.663609,0.9809644670050761,0.09238578680203045,0.12055837563451777,1.0,1.0,1.0
1856.976929,788,4585.607082,0.9873096446700508,0.09228003384094755,0.11466038191926516,1.0,1.0,1.0
1859.622187,788,4593.497743,0.98582910321489,0.09713409475465312,0.11921480944323583,1.0,1.0,1.0
1863.771911,788,4601.438155,0.9851945854483924,0.11125211505922164,0.13906816533720087,1.0,1.0,1.0
1857.343348,788,4609.158545,0.9866751269035533,0.09488155668358712,0.1198029973410684,1.0,1.0,1.0
1859.361877,788,4617.331246,0.9875211505922166,0.097165820642978,0.12295141406816534,1.0,1.0,1.0
1860.879434,788,4625.186589,0.9824450084602369,0.09771573604060914,0.131115542663766,1.0,1.0,1.0
1864.190136,788,4633.040133,0.9894247038917089,0.10211505922165821,0.11865482233502538,1.0,1.0,1.0
1859.346584,788,4641.100327,0.9847715736040609,0.09904822335025382,0.12445612762871645,1.0,1.0,1.0
1863.942585,788,4648.889565,0.9885786802030457,0.10693739424703892,0.12918781725888326,1.0,1.0,1.0
1867.808576,788,4657.016191,0.9911167512690355,0.1046108291032149,0.1287648054145516,1.0,1.0,1.0
1864.145012,788,4665.273515,0.9879441624365483,0.09731387478849408,0.11535532994923858,1.0,1.0,1.0
1872.069722,788,4673.226611,0.9955583756345178,0.1116857021996616,0.13226170332769316,1.0,1.0,1.0
1865.561794,788,4681.465267,0.9900592216582064,0.10397631133671743,0.12739303843364755,0.998730964467005,1.0,0.998730964467005
1865.533328,788,4689.458279,0.9843485617597294,0.10966582064297802,0.1361916847957457,1.0,1.0,1.0
1868.393486,788,4697.473581,0.9936548223350253,0.11151649746192893,0.13266658609298201,1.0,1.0,1.0
1864.690102,788,4705.275352,0.9860406091370558,0.10539340101522843,0.13128474740149867,1.0,1.0,1.0
1861.078445,788,4713.282,0.988155668358714,0.09063028764805416,0.11068407058254773,1.0,1.0,1.0
1861.438351,788,4721.288893,0.9790609137055838,0.09978849407783419,0.12612400290065262,1.0,1.0,1.0
1865.208215,788,4729.05261,0.9856175972927241,0.10746615905245348,0.13354483925549915,1.0,1.0,1.0
1865.862089,788,4736.785675,0.9894247038917091,0.10074027072758036,0.12248610103940051,1.0,1.0,1.0
1861.560188,788,4744.550163,0.9955583756345178,0.11668781725888325,0.13591370558375634,1.0,1.0,1.0
1851.080873,788,4752.253986,0.9900592216582064,0.10092005076142133,0.12319112077995326,0.998730964467005,1.0,0.998730964467005
1860.651161,788,4759.984812,0.9904822335025381,0.11010998307952621,0.13449963741841917,1.0,1.0,1.0
1862.162798,788,4767.813717,0.9866751269035533,0.10184010152284265,0.1254894851341552,1.0,1.0,1.0
1867.058718,788,4775.627388,0.9904822335025381,0.10239001692047378,0.12398477157360405,1.0,1.0,1.0
1863.303321,788,4783.324688,0.984560067681895,0.09488155668358714,0.12100555958423977,0.998730964467005,1.0,0.998730964467005
1856.585538,788,4791.14075,0.9822335025380711,0.10143824027072759,0.13339980662315687,1.0,1.0,1.0
1863.248607,788,4799.205159,0.9856175972927241,0.09424703891708967,0.1214467005076142,1.0,1.0,1.0
1858.882449,788,4806.909813,0.9837140439932318,0.09653130287648054,0.11806260575296108,1.0,1.0,1.0
1872.252257,788,4814.606413,0.9955583756345178,0.10733925549915399,0.12774957698815564,1.0,1.0,1.0
1867.449795,788,4822.277096,0.9877326565143824,0.10731810490693738,0.13179236161469665,1.0,1.0,1.0
1867.426548,788,4829.970978,0.9847715736040609,0.10379653130287649,0.13084763516235595,1.0,1.0,1.0
1865.676312,788,4837.780702,0.9877326565143824,0.10649323181049068,0.13092216582064298,1.0,1.0,1.0
1872.102719,788,4845.669523,0.9909052453468696,0.10687394247038917,0.12680082185158326,1.0,1.0,1.0
1861.844517,788,4853.468652,0.9818104906937394,0.10014805414551609,0.1333877205704617,1.0,1.0,1.0
1869.431392,788,4861.486923,0.9913282571912013,0.11163282571912014,0.13323060188542418,1.0,1.0,1.0
1861.652755,788,4869.272778,0.9843485617597294,0.09519881556683588,0.12350132946579646,1.0,1.0,1.0
1863.302315,788,4876.990026,0.9923857868020305,0.10962351945854484,0.130414551607445,1.0,1.0,1.0
1863.719014,788,4884.833686,0.9811759729272419,0.11045896785109983,0.14279469825155106,1.0,1.0,1.0
1867.470667,788,4892.578596,0.9896362098138747,0.10556260575296109,0.12986463620981387,1.0,1.0,1.0
1866.402352,788,4900.35979,0.9885786802030457,0.10262267343485616,0.12339255499153974,1.0,1.0,1.0
1867.853455,788,4908.08651,0.9873096446700508,0.10550972927241963,0.13154258319232937,1.0,1.0,1.0
1867.333436,788,4916.043171,0.9839255499153975,0.1024534686971235,0.12705462895818223,1.0,1.0,1.0
1869.066501,788,4924.187512,0.9828680203045685,0.10829103214890017,0.13834904520183708,1.0,1.0,1.0
1869.581848,788,4932.140672,0.9892131979695431,0.09887901861252116,0.12275803722504229,1.0,1.0,1.0
1871.808061,788,4939.858102,0.9875211505922166,0.11127326565143823,0.13485617597292723,1.0,1.0,1.0
1874.760506,788,4947.519818,0.9936548223350253,0.10555203045685278,0.12659938763999676,1.0,1.0,1.0
1866.774955,788,4955.20203,0.9860406091370558,0.10365905245346871,0.13107324147933283,1.0,1.0,1.0
1866.496196,788,4963.095789,0.9841370558375635,0.0982233502538071,0.13032994923857866,1.0,1.0,1.0
1872.564278,788,4971.191518,0.9934433164128594,0.11317681895093062,0.12857747159777613,1.0,1.0,1.0
1870.923159,788,4979.017929,0.9892131979695431,0.10549915397631132,0.13259608411892673,1.0,1.0,1.0
1870.07186,788,4986.915444,0.9822335025380711,0.11178087986463622,0.1418600435097897,1.0,1.0,1.0
1873.706838,788,4994.988413,0.9898477157360406,0.10394458544839255,0.13368181451937797,1.0,1.0,1.0
1871.907101,788,5003.289119,0.9885786802030457,0.10469543147208121,0.13025138989605994,1.0,1.0,1.0
1873.89149,788,5011.601781,0.9932318104906936,0.11575719120135364,0.1368866328257191,1.0,1.0,1.0
1866.681042,788,5020.335463,0.9818104906937394,0.1064615059221658,0.13839537507050198,1.0,1.0,1.0
1864.675443,788,5028.525493,0.983502538071066,0.1134517766497462,0.14465192168237856,1.0,1.0,1.0
1841.941619,788,5036.349222,0.9823392554991539,0.08770093062605751,0.11431794375956812,0.998730964467005,1.0,0.998730964467005
1819.032891,788,5044.275679,0.9732445008460237,0.10423011844331641,0.13546047860768673,0.998730964467005,1.0,0.998730964467005
1813.353579,788,5051.947378,0.9796954314720813,0.09774746192893402,0.12623680605914106,0.998730964467005,1.0,0.998730964467005
1820.894052,788,5059.544668,0.9765228426395939,0.09431049069373942,0.1261844331641286,0.998730964467005,1.0,0.998730964467005
1852.509856,788,5067.575238,0.9815989847715736,0.08838832487309646,0.11406816533720085,1.0,1.0,1.0
1852.36244,788,5075.665287,0.9794839255499153,0.10562605752961081,0.13769035532994922,1.0,1.0,1.0
1849.258202,788,5083.812003,0.9792724196277497,0.09156091370558377,0.12104786076867294,1.0,1.0,1.0
1855.615755,788,5091.542953,0.9843485617597292,0.10097292724196277,0.12422044960116026,0.998730964467005,1.0,0.998730964467005
1856.781225,788,5099.402207,0.9765228426395939,0.10351099830795261,0.13686850374667633,1.0,1.0,1.0
1854.106697,788,5107.63074,0.9676395939086294,0.10467428087986463,0.14590282813633068,1.0,1.0,1.0
1858.768168,788,5115.461897,0.9777918781725888,0.10583756345177665,0.1406514382402707,1.0,1.0,1.0
1855.686031,788,5123.190459,0.9796954314720813,0.09914340101522842,0.13043066634437192,1.0,1.0,1.0
1868.270116,788,5130.979586,0.983502538071066,0.10689509306260575,0.13817984046410442,1.0,1.0,1.0
1867.01749,788,5138.886848,0.9873096446700508,0.10414551607445008,0.1327229876722262,1.0,1.0,1.0
1865.219998,788,5146.60392,0.9885786802030457,0.10535109983079526,0.1325598259608412,1.0,1.0,1.0
1832.430971,788,5154.422541,0.9477580372250424,0.1075507614213198,0.17237732656514385,1.0,1.0,1.0
1837.820067,788,5162.206951,0.9631979695431472,0.10604906937394247,0.15114817500604302,1.0,1.0,1.0
1859.313729,788,5169.978853,0.979906937394247,0.10084602368866329,0.133756345177665,1.0,1.0,1.0
1850.860682,788,5177.676268,0.9720812182741116,0.10387055837563451,0.13932197244379985,0.9974619289340102,1.0,0.9974619289340102
1852.487603,788,5185.394117,0.9769458544839255,0.1002326565143824,0.12861977278220932,0.998730964467005,1.0,0.998730964467005
1839.015213,788,5193.078976,0.9665820642978005,0.08788071065989848,0.12556200145032634,0.9961928934010152,1.0,0.9961928934010152
1838.582257,788,5200.820849,0.9627749576988155,0.10197758037225041,0.14474659576182416,0.9923857868020305,1.0,0.9923857868020305
1834.760494,788,5208.528027,0.9576988155668358,0.09909052453468696,0.14590282813633065,0.9923857868020305,1.0,0.9923857868020305
1852.509407,788,5216.250579,0.9727157360406091,0.09997884940778341,0.12952622673434855,1.0,1.0,1.0
1858.087086,788,5223.951761,0.9849830795262267,0.09129653130287647,0.1172447828539199,1.0,1.0,1.0
1846.456049,788,5231.848944,0.9682741116751269,0.0813557529610829,0.12342075578116184,1.0,1.0,1.0
1859.587657,788,5239.589728,0.9824450084602369,0.10016920473773266,0.1255922165820643,1.0,1.0,1.0
1863.134717,788,5247.361696,0.9868866328257191,0.09350676818950929,0.11451534928692289,1.0,1.0,1.0
1855.640784,788,5255.216706,0.9777918781725888,0.09027072758037225,0.1214467005076142,1.0,1.0,1.0
1852.255223,788,5263.158302,0.9765228426395939,0.0879653130287648,0.1192047377326565,1.0,1.0,1.0
1851.594004,788,5270.999588,0.9760998307952622,0.08982656514382402,0.1186125211505922,1.0,1.0,1.0
1859.513289,788,5278.704999,0.9754653130287649,0.10281302876480541,0.1365723954556442,1.0,1.0,1.0
1862.928786,788,5286.760788,0.9847715736040609,0.09945008460236886,0.1264201111916848,1.0,1.0,1.0
1861.851545,788,5294.56438,0.9748307952622673,0.10903130287648055,0.1446760937877689,1.0,1.0,1.0
1862.436499,788,5302.383487,0.9828680203045685,0.09890016920473772,0.12846869712351944,1.0,1.0,1.0
1870.997791,788,5310.270504,0.9815989847715736,0.11086082910321489,0.14537507050197404,1.0,1.0,1.0
1868.952036,788,5318.011724,0.9864636209813875,0.09938663282571912,0.1238155668358714,1.0,1.0,1.0
1870.289314,788,5325.719427,0.9885786802030457,0.10875634517766496,0.1273688663282572,1.0,1.0,1.0
1871.362008,788,5333.413507,0.9885786802030457,0.11025803722504231,0.1366751269035533,1.0,1.0,1.0
1866.415978,788,5341.280055,0.9811759729272419,0.11319796954314722,0.1423011844331641,1.0,1.0,1.0
1872.673855,788,5349.007322,0.9898477157360406,0.10820642978003386,0.1340826686004351,1.0,1.0,1.0
1867.734497,788,5356.788201,0.9854060913705583,0.1086294416243655,0.13826142131979693,0.998730964467005,1.0,0.998730964467005
1871.974633,788,5364.556255,0.9847715736040609,0.10277072758037223,0.1312605752961083,1.0,1.0,1.0
1874.534599,788,5372.372613,0.9862521150592216,0.11243654822335025,0.1428087986463621,1.0,1.0,1.0
1871.159268,788,5380.338792,0.9845600676818952,0.11637055837563451,0.14629159616469262,1.0,1.0,1.0
1868.784906,788,5388.094169,0.9826565143824026,0.1056789340101523,0.13399605188945288,1.0,1.0,1.0
1861.547485,788,5396.030625,0.9744077834179357,0.10101522842639593,0.13555414551607442,1.0,1.0,1.0
1870.166493,788,5403.876436,0.988155668358714,0.09790609137055838,0.12715736040609135,1.0,1.0,1.0
1876.067079,788,5411.67302,0.9873096446700508,0.10656725888324872,0.13539199097574733,1.0,1.0,1.0
1874.289912,788,5419.532141,0.9890016920473772,0.1093274111675127,0.13007614213197968,1.0,1.0,1.0
1880.793257,788,5427.243943,0.9911167512690355,0.119585448392555,0.14511723471114332,1.0,1.0,1.0
1880.604238,788,5435.063452,0.9961928934010152,0.11115693739424704,0.13055152687132382,1.0,1.0,1.0
1874.809192,788,5442.850755,0.993020304568528,0.10252749576988154,0.12657521553460638,1.0,1.0,1.0
1874.844075,788,5450.658307,0.9892131979695431,0.10465313028764806,0.13045685279187816,1.0,1.0,1.0
1880.868561,788,5458.63102,0.9968274111675127,0.10709602368866328,0.12777777777777777,1.0,1.0,1.0
1869.156057,788,5466.400818,0.9896362098138747,0.105668358714044,0.12952622673434855,1.0,1.0,1.0
1878.750854,788,5474.005171,0.9868866328257191,0.11417089678510998,0.14541334300217548,1.0,1.0,1.0
1876.147986,788,5481.657696,0.9913282571912013,0.10545685279187816,0.12808798646362096,1.0,1.0,1.0
1872.953187,788,5489.43251,0.9854060913705583,0.10397631133671742,0.13274111675126904,1.0,1.0,1.0
1869.788338,788,5497.041967,0.9813874788494077,0.11109348561759728,0.14150753363951332,1.0,1.0,1.0
1882.294705,788,5504.650916,0.9887901861252116,0.1254547377326565,0.15218556119571347,1.0,1.0,1.0
1872.737025,788,5512.507276,0.9881556683587142,0.10357445008460238,0.12931472081218276,1.0,1.0,1.0
1862.607913,788,5520.436241,0.9746192893401016,0.09223773265651439,0.13117597292724195,1.0,1.0,1.0
1870.237065,788,5528.245287,0.9849830795262267,0.10668358714043993,0.13460236886632826,1.0,1.0,1.0
1868.754504,788,5535.889296,0.9873096446700508,0.1103849407783418,0.13802876480541454,1.0,1.0,1.0
1873.560052,788,5543.557723,0.9873096446700508,0.11224619289340101,0.13506768189509308,1.0,1.0,1.0
1869.463579,788,5551.220572,0.9866751269035533,0.09777918781725888,0.12119289340101523,1.0,1.0,1.0
1877.837938,788,5559.093213,0.9873096446700508,0.10868231810490693,0.13793006204173716,1.0,1.0,1.0
1874.123313,788,5566.885926,0.9904822335025381,0.10573181049069376,0.12680082185158326,1.0,1.0,1.0
1880.828041,788,5574.671308,0.9955583756345178,0.11272208121827411,0.13256385464507292,1.0,1.0,1.0
1878.77376,788,5582.502553,0.9942893401015228,0.11080795262267343,0.13231810490693738,1.0,1.0,1.0
1874.141501,788,5590.267809,0.9828680203045685,0.11080795262267343,0.14050640560792846,1.0,1.0,1.0
1879.322605,788,5598.041876,0.9881556683587142,0.11201353637901863,0.1368020304568528,1.0,1.0,1.0
1878.547213,788,5605.729324,0.9913282571912013,0.11001480541455161,0.1330654258319233,1.0,1.0,1.0
1874.128025,788,5613.492212,0.9780033840947546,0.12250423011844332,0.15905245346869712,1.0,1.0,1.0
1877.368399,788,5621.195062,0.9887901861252114,0.11656091370558375,0.14593908629441624,1.0,1.0,1.0
1880.614847,788,5628.855377,0.9904822335025381,0.11311336717428087,0.13822214164853758,1.0,1.0,1.0
1876.555631,788,5636.428159,0.9921742808798646,0.11159052453468697,0.1316835871404399,1.0,1.0,1.0
1882.21564,788,5644.025264,0.9942893401015228,0.11848561759729273,0.14021029731689627,1.0,1.0,1.0
1878.385042,788,5651.593055,0.9885786802030457,0.11573604060913706,0.1431713802272178,1.0,1.0,1.0
1873.99615,788,5659.205389,0.9813874788494078,0.10852368866328257,0.13851824993956974,1.0,1.0,1.0
1877.532016,788,5667.267436,0.98836717428088,0.12042089678510998,0.1446136491821771,0.998730964467005,1.0,0.998730964467005
1876.76175,788,5675.081675,0.9887901861252114,0.11444585448392555,0.139364273628233,1.0,1.0,1.0
1877.985747,788,5682.860012,0.9828680203045685,0.12582487309644672,0.15666545806139717,1.0,1.0,1.0
1876.515788,788,5690.566301,0.9902707275803722,0.10249576988155669,0.12834179357021996,1.0,1.0,1.0
1876.155693,788,5698.352784,0.9866751269035533,0.11233079526226734,0.13980541455160744,1.0,1.0,1.0
1879.625054,788,5706.072688,0.9868866328257191,0.11835871404399323,0.14755257432922408,1.0,1.0,1.0
1878.544039,788,5713.791264,0.9913282571912013,0.1175549915397631,0.14022842639593908,1.0,1.0,1.0
1879.043383,788,5721.55255,0.991751269035533,0.11677241962774958,0.13729151559100794,1.0,1.0,1.0
1873.529621,788,5729.271292,0.9828680203045685,0.10871404399323181,0.14435581339134637,1.0,1.0,1.0
1882.075955,788,5737.00674,0.9913282571912014,0.12721023688663283,0.15523124647490127,1.0,1.0,1.0
1882.253549,788,5744.622666,0.9904822335025381,0.1254441624365482,0.1531725888324873,1.0,1.0,1.0
1881.398679,788,5752.218199,0.9945008460236887,0.1128595600676819,0.13399202320522116,1.0,1.0,1.0
1886.325943,788,5759.854822,0.993020304568528,0.12373096446700506,0.15061638868745467,1.0,1.0,1.0
1878.68664,788,5767.690131,0.9860406091370558,0.11503807106598986,0.1458786560309403,1.0,1.0,1.0
1881.32406,788,5775.299576,0.988155668358714,0.1260786802030457,0.15448392554991539,1.0,1.0,1.0
1874.246944,788,5782.945834,0.9841370558375635,0.11501692047377325,0.1455825477399081,0.998730964467005,1.0,0.998730964467005
1880.712676,788,5790.928668,0.9904822335025381,0.11952199661590525,0.14153976311336716,1.0,1.0,1.0
1880.537293,788,5798.618526,0.9906937394247038,0.11567258883248732,0.1398477157360406,1.0,1.0,1.0
1880.066529,788,5806.305987,0.9856175972927241,0.12061125211505921,0.1502820078962211,1.0,1.0,1.0
1878.329367,788,5813.877428,0.9849830795262267,0.12191201353637904,0.15053782934493593,1.0,1.0,1.0
1877.587689,788,5821.655927,0.9828680203045685,0.12330795262267344,0.15655668358714042,1.0,1.0,1.0
1877.955605,788,5829.497258,0.9904822335025381,0.1168675972927242,0.14397913141567964,1.0,1.0,1.0
1878.972845,788,5837.363841,0.9875211505922166,0.11759729272419628,0.1467005076142132,1.0,1.0,1.0
1881.575821,788,5845.163517,0.9900592216582065,0.12339255499153978,0.14790911288373215,1.0,1.0,1.0
1881.313264,788,5853.019024,0.9866751269035533,0.1206429780033841,0.1523507372492144,1.0,1.0,1.0
1877.664777,788,5860.840821,0.9898477157360406,0.120494923857868,0.14636209813874787,1.0,1.0,1.0
1882.261615,788,5868.585492,0.9847715736040609,0.12085448392554991,0.15319676093787768,1.0,1.0,1.0
1879.474101,788,5876.48438,0.982445008460237,0.12101311336717427,0.15320683264845703,1.0,1.0,1.0
1880.503538,788,5884.505943,0.9868866328257192,0.12079103214890018,0.15091249697848683,1.0,1.0,1.0
1876.984156,788,5892.293142,0.983502538071066,0.11389593908629443,0.14547981629199902,1.0,1.0,1.0
1886.447517,788,5900.038914,0.991751269035533,0.12876480541455157,0.15565022963500122,1.0,1.0,1.0
1879.883951,788,5907.94677,0.9875211505922166,0.1173223350253807,0.14754653130287645,1.0,1.0,1.0
1877.243685,788,5915.985341,0.9828680203045685,0.11808375634517766,0.14974619289340102,1.0,1.0,1.0
1877.119314,788,5923.758412,0.9885786802030457,0.11565143824027073,0.1394911771815325,1.0,1.0,1.0
1880.937433,788,5931.592066,0.9885786802030457,0.12096023688663282,0.1468274111675127,1.0,1.0,1.0
1880.89321,788,5939.45969,0.9873096446700508,0.11878172588832486,0.15101522842639595,1.0,1.0,1.0
1880.280055,788,5947.209508,0.991751269035533,0.12824661590524536,0.15183506566755298,1.0,1.0,1.0
1884.460362,788,5954.994522,0.9911167512690355,0.12685067681895093,0.1565002820078962,1.0,1.0,1.0
1873.282355,788,5962.795171,0.9784263959390863,0.11560913705583756,0.15190355329949237,1.0,1.0,1.0
1868.757397,788,5970.521574,0.9803299492385786,0.10526649746192893,0.1367416001933768,1.0,1.0,1.0
1864.239353,788,5978.353082,0.9841370558375635,0.11095600676818951,0.13792603335750545,1.0,1.0,1.0
1870.730807,788,5986.400804,0.9843485617597292,0.11848561759729272,0.1463197969543147,1.0,1.0,1.0
1876.590074,788,5994.452471,0.9873096446700508,0.1103849407783418,0.13857868020304567,1.0,1.0,1.0
1878.562094,788,6002.317428,0.988155668358714,0.11169627749576988,0.13680203045685277,1.0,1.0,1.0
1878.237092,788,6010.06479,0.9841370558375635,0.11903553299492388,0.1470812182741117,1.0,1.0,1.0
1877.507824,788,6017.84072,0.9860406091370558,0.11656091370558375,0.14152163403432436,1.0,1.0,1.0
1762.904656,788,6025.686741,0.9462774957698815,0.11738578680203046,0.1861675126903553,1.0,1.0,1.0
1792.116038,788,6033.59791,0.9619289340101523,0.09691201353637903,0.14716582064297798,1.0,1.0,1.0
1810.490695,788,6041.410016,0.9640439932318104,0.08522631133671743,0.12733663685440333,0.998730964467005,1.0,0.998730964467005
1830.453711,788,6049.341824,0.9555837563451777,0.08614636209813874,0.14192047377326564,0.998730964467005,1.0,0.998730964467005
1837.906704,788,6057.23083,0.9670050761421319,0.10103637901861254,0.1455160744500846,0.998730964467005,1.0,0.998730964467005
1827.04032,788,6065.120343,0.9439509306260576,0.08764805414551607,0.14654338892917573,0.9974619289340102,1.0,0.9974619289340102
1848.502962,788,6072.763026,0.9581218274111675,0.10583756345177665,0.16157239545564417,1.0,1.0,1.0
1849.40431,788,6080.497632,0.9655245346869712,0.10325719120135363,0.14247038917089677,1.0,1.0,1.0
1859.506055,788,6088.238592,0.978849407783418,0.10574238578680202,0.1380146644106035,1.0,1.0,1.0
1855.47237,788,6095.992043,0.9771573604060914,0.0850253807106599,0.1173253565385545,1.0,1.0,1.0
1848.061358,788,6103.905578,0.9655245346869713,0.08924492385786803,0.1271674321166707,1.0,1.0,1.0
1853.230856,788,6111.794297,0.9720812182741116,0.09663705583756343,0.13062605752961082,0.998730964467005,1.0,0.998730964467005
1855.336757,788,6119.592994,0.9727157360406091,0.10160744500846024,0.13410079767947788,1.0,1.0,1.0
1854.154233,788,6127.40859,0.9656302876480543,0.09682741116751269,0.13850012086052696,1.0,1.0,1.0
1857.139549,788,6135.17539,0.9701776649746193,0.09703891708967852,0.13528523084360647,1.0,1.0,1.0
